ISO-10303-21;
HEADER;
/* Generated by software containing ST-Developer
 * from STEP Tools, Inc. (www.steptools.com) 
 */

FILE_DESCRIPTION(
/* description */ (''),
/* implementation_level */ '2;1');

FILE_NAME(
/* name */ 'Pop-Up Wallet Patterned v28.step',
/* time_stamp */ '2023-11-23T14:50:15-05:00',
/* author */ (''),
/* organization */ (''),
/* preprocessor_version */ 'ST-DEVELOPER v20',
/* originating_system */ 'Autodesk Translation Framework v12.14.0.127',

/* authorisation */ '');

FILE_SCHEMA (('AUTOMOTIVE_DESIGN { 1 0 10303 214 3 1 1 }'));
ENDSEC;

DATA;
#10=MECHANICAL_DESIGN_GEOMETRIC_PRESENTATION_REPRESENTATION('',(#35,#36),
#7556);
#11=ITEM_DEFINED_TRANSFORMATION($,$,#4590,#4925);
#12=ITEM_DEFINED_TRANSFORMATION($,$,#4684,#4926);
#13=(
REPRESENTATION_RELATIONSHIP($,$,#7570,#7569)
REPRESENTATION_RELATIONSHIP_WITH_TRANSFORMATION(#11)
SHAPE_REPRESENTATION_RELATIONSHIP()
);
#14=(
REPRESENTATION_RELATIONSHIP($,$,#7571,#7569)
REPRESENTATION_RELATIONSHIP_WITH_TRANSFORMATION(#12)
SHAPE_REPRESENTATION_RELATIONSHIP()
);
#15=CONTEXT_DEPENDENT_SHAPE_REPRESENTATION(#13,#7567);
#16=CONTEXT_DEPENDENT_SHAPE_REPRESENTATION(#14,#7568);
#17=NEXT_ASSEMBLY_USAGE_OCCURRENCE('lever:1','lever:1','lever:1',#7573,
#7574,'lever:1');
#18=NEXT_ASSEMBLY_USAGE_OCCURRENCE('main:1','main:1','main:1',#7573,#7575,
'main:1');
#19=B_SPLINE_SURFACE_WITH_KNOTS('',3,3,((#7330,#7331,#7332,#7333,#7334,
#7335),(#7336,#7337,#7338,#7339,#7340,#7341),(#7342,#7343,#7344,#7345,#7346,
#7347),(#7348,#7349,#7350,#7351,#7352,#7353)),.UNSPECIFIED.,.F.,.F.,.F.,
(4,4),(4,1,1,4),(0.,1.),(-8.88178419700125E-16,0.28650380626618,0.57300761253236,
1.33701776257551),.UNSPECIFIED.);
#20=B_SPLINE_SURFACE_WITH_KNOTS('',3,3,((#7368,#7369,#7370,#7371,#7372,
#7373),(#7374,#7375,#7376,#7377,#7378,#7379),(#7380,#7381,#7382,#7383,#7384,
#7385),(#7386,#7387,#7388,#7389,#7390,#7391)),.UNSPECIFIED.,.F.,.F.,.F.,
(4,4),(4,1,1,4),(0.,1.),(-1.33701776257551,-0.764010150043147,-0.382005075021574,
9.25185853854306E-17),.UNSPECIFIED.);
#21=B_SPLINE_SURFACE_WITH_KNOTS('',3,3,((#7400,#7401,#7402,#7403),(#7404,
#7405,#7406,#7407),(#7408,#7409,#7410,#7411),(#7412,#7413,#7414,#7415)),
 .UNSPECIFIED.,.F.,.F.,.F.,(4,4),(4,4),(0.,1.),(-1.5707963267949,-1.33701776257245),
 .UNSPECIFIED.);
#22=B_SPLINE_SURFACE_WITH_KNOTS('',3,3,((#7420,#7421,#7422,#7423),(#7424,
#7425,#7426,#7427),(#7428,#7429,#7430,#7431),(#7432,#7433,#7434,#7435)),
 .UNSPECIFIED.,.F.,.F.,.F.,(4,4),(4,4),(0.,1.),(1.33701776257245,1.5707963267949),
 .UNSPECIFIED.);
#23=B_SPLINE_CURVE_WITH_KNOTS('',3,(#7134,#7135,#7136,#7137),
 .UNSPECIFIED.,.F.,.F.,(4,4),(-1.5707963267949,-1.33701776257245),
 .UNSPECIFIED.);
#24=B_SPLINE_CURVE_WITH_KNOTS('',3,(#7198,#7199,#7200,#7201),
 .UNSPECIFIED.,.F.,.F.,(4,4),(1.33701776257245,1.5707963267949),
 .UNSPECIFIED.);
#25=B_SPLINE_CURVE_WITH_KNOTS('',3,(#7278,#7279,#7280,#7281,#7282,#7283),
 .UNSPECIFIED.,.F.,.F.,(4,1,1,4),(-1.33701776257551,-0.57300761253236,-0.28650380626618,
8.88178419700125E-16),.UNSPECIFIED.);
#26=B_SPLINE_CURVE_WITH_KNOTS('',3,(#7289,#7290,#7291,#7292,#7293,#7294),
 .UNSPECIFIED.,.F.,.F.,(4,1,1,4),(-9.25185853854306E-17,0.382005075021574,
0.764010150043147,1.33701776257551),.UNSPECIFIED.);
#27=B_SPLINE_CURVE_WITH_KNOTS('',3,(#7358,#7359,#7360,#7361,#7362,#7363),
 .UNSPECIFIED.,.F.,.F.,(4,1,1,4),(-8.88178419700125E-16,0.28650380626618,
0.57300761253236,1.33701776257551),.UNSPECIFIED.);
#28=B_SPLINE_CURVE_WITH_KNOTS('',3,(#7394,#7395,#7396,#7397,#7398,#7399),
 .UNSPECIFIED.,.F.,.F.,(4,1,1,4),(-1.33701776257551,-0.764010150043147,
-0.382005075021574,9.25185853854306E-17),.UNSPECIFIED.);
#29=B_SPLINE_CURVE_WITH_KNOTS('',3,(#7416,#7417,#7418,#7419),
 .UNSPECIFIED.,.F.,.F.,(4,4),(1.33701776257245,1.5707963267949),
 .UNSPECIFIED.);
#30=B_SPLINE_CURVE_WITH_KNOTS('',3,(#7436,#7437,#7438,#7439),
 .UNSPECIFIED.,.F.,.F.,(4,4),(-1.5707963267949,-1.33701776257245),
 .UNSPECIFIED.);
#31=SHAPE_REPRESENTATION_RELATIONSHIP('SRR','None',#7570,#33);
#32=SHAPE_REPRESENTATION_RELATIONSHIP('SRR','None',#7571,#34);
#33=ADVANCED_BREP_SHAPE_REPRESENTATION('',(#37),#7554);
#34=ADVANCED_BREP_SHAPE_REPRESENTATION('',(#38),#7555);
#35=STYLED_ITEM('',(#7588),#37);
#36=STYLED_ITEM('',(#7588),#38);
#37=MANIFOLD_SOLID_BREP('lever',#4564);
#38=MANIFOLD_SOLID_BREP('main',#4565);
#39=FACE_BOUND('',#480,.T.);
#40=FACE_BOUND('',#510,.T.);
#41=FACE_BOUND('',#627,.T.);
#42=FACE_BOUND('',#639,.T.);
#43=FACE_BOUND('',#640,.T.);
#44=FACE_BOUND('',#641,.T.);
#45=FACE_BOUND('',#642,.T.);
#46=FACE_BOUND('',#643,.T.);
#47=FACE_BOUND('',#644,.T.);
#48=FACE_BOUND('',#645,.T.);
#49=FACE_BOUND('',#646,.T.);
#50=FACE_BOUND('',#647,.T.);
#51=FACE_BOUND('',#648,.T.);
#52=FACE_BOUND('',#649,.T.);
#53=FACE_BOUND('',#653,.T.);
#54=FACE_BOUND('',#654,.T.);
#55=FACE_BOUND('',#655,.T.);
#56=FACE_BOUND('',#656,.T.);
#57=FACE_BOUND('',#657,.T.);
#58=FACE_BOUND('',#658,.T.);
#59=FACE_BOUND('',#659,.T.);
#60=FACE_BOUND('',#660,.T.);
#61=FACE_BOUND('',#661,.T.);
#62=FACE_BOUND('',#662,.T.);
#63=FACE_BOUND('',#663,.T.);
#64=FACE_BOUND('',#704,.T.);
#65=CYLINDRICAL_SURFACE('',#4621,1.5);
#66=CYLINDRICAL_SURFACE('',#4624,1.5);
#67=CYLINDRICAL_SURFACE('',#4626,1.);
#68=CYLINDRICAL_SURFACE('',#4629,0.5);
#69=CYLINDRICAL_SURFACE('',#4631,1.);
#70=CYLINDRICAL_SURFACE('',#4643,1.);
#71=CYLINDRICAL_SURFACE('',#4644,1.);
#72=CYLINDRICAL_SURFACE('',#4650,0.5);
#73=CYLINDRICAL_SURFACE('',#4652,1.);
#74=CYLINDRICAL_SURFACE('',#4655,1.5);
#75=CYLINDRICAL_SURFACE('',#4660,1.5);
#76=CYLINDRICAL_SURFACE('',#4665,1.5);
#77=CYLINDRICAL_SURFACE('',#4670,1.5);
#78=CYLINDRICAL_SURFACE('',#4673,1.5);
#79=CYLINDRICAL_SURFACE('',#4795,1.);
#80=CYLINDRICAL_SURFACE('',#4807,1.);
#81=CYLINDRICAL_SURFACE('',#4818,1.8);
#82=CYLINDRICAL_SURFACE('',#4820,17.56630584498);
#83=CYLINDRICAL_SURFACE('',#4822,1.8);
#84=CYLINDRICAL_SURFACE('',#4824,44.800655808866);
#85=CYLINDRICAL_SURFACE('',#4826,1.3);
#86=CYLINDRICAL_SURFACE('',#4829,1.3);
#87=CYLINDRICAL_SURFACE('',#4865,1.5);
#88=CYLINDRICAL_SURFACE('',#4867,1.5);
#89=CYLINDRICAL_SURFACE('',#4881,0.5);
#90=CYLINDRICAL_SURFACE('',#4883,0.5);
#91=CYLINDRICAL_SURFACE('',#4885,1.5);
#92=CYLINDRICAL_SURFACE('',#4886,1.5);
#93=CYLINDRICAL_SURFACE('',#4898,3.18);
#94=CYLINDRICAL_SURFACE('',#4902,2.88);
#95=CYLINDRICAL_SURFACE('',#4904,2.88);
#96=CYLINDRICAL_SURFACE('',#4913,3.18);
#97=CYLINDRICAL_SURFACE('',#4917,2.88);
#98=CYLINDRICAL_SURFACE('',#4918,2.88);
#99=CIRCLE('',#4593,1.5);
#100=CIRCLE('',#4594,1.);
#101=CIRCLE('',#4597,1.);
#102=CIRCLE('',#4598,0.500000000000002);
#103=CIRCLE('',#4602,1.);
#104=CIRCLE('',#4603,0.500000000000002);
#105=CIRCLE('',#4606,1.5);
#106=CIRCLE('',#4607,1.);
#107=CIRCLE('',#4610,1.5);
#108=CIRCLE('',#4611,0.999999999999998);
#109=CIRCLE('',#4614,1.5);
#110=CIRCLE('',#4615,0.999999999999998);
#111=CIRCLE('',#4618,0.499999999999999);
#112=CIRCLE('',#4620,0.499999999999998);
#113=CIRCLE('',#4627,1.);
#114=CIRCLE('',#4630,0.5);
#115=CIRCLE('',#4632,1.);
#116=CIRCLE('',#4633,1.);
#117=CIRCLE('',#4635,1.5);
#118=CIRCLE('',#4636,1.);
#119=CIRCLE('',#4637,0.5);
#120=CIRCLE('',#4638,1.);
#121=CIRCLE('',#4639,1.);
#122=CIRCLE('',#4640,1.5);
#123=CIRCLE('',#4645,1.);
#124=CIRCLE('',#4648,1.5);
#125=CIRCLE('',#4649,1.5);
#126=CIRCLE('',#4653,1.);
#127=CIRCLE('',#4656,1.5);
#128=CIRCLE('',#4659,1.5);
#129=CIRCLE('',#4661,1.5);
#130=CIRCLE('',#4664,1.5);
#131=CIRCLE('',#4666,1.5);
#132=CIRCLE('',#4669,1.5);
#133=CIRCLE('',#4671,1.5);
#134=CIRCLE('',#4676,0.499999999999998);
#135=CIRCLE('',#4677,1.5);
#136=CIRCLE('',#4681,0.499999999999998);
#137=CIRCLE('',#4796,1.);
#138=CIRCLE('',#4797,1.);
#139=CIRCLE('',#4800,0.5);
#140=CIRCLE('',#4801,2.88);
#141=CIRCLE('',#4802,2.88);
#142=CIRCLE('',#4803,0.5);
#143=CIRCLE('',#4804,17.56630584498);
#144=CIRCLE('',#4805,1.8);
#145=CIRCLE('',#4806,1.3);
#146=CIRCLE('',#4808,1.);
#147=CIRCLE('',#4809,1.);
#148=CIRCLE('',#4812,0.5);
#149=CIRCLE('',#4813,44.800655808866);
#150=CIRCLE('',#4814,1.8);
#151=CIRCLE('',#4815,1.3);
#152=CIRCLE('',#4816,1.5);
#153=CIRCLE('',#4819,1.8);
#154=CIRCLE('',#4821,17.56630584498);
#155=CIRCLE('',#4823,1.8);
#156=CIRCLE('',#4825,44.800655808866);
#157=CIRCLE('',#4827,1.3);
#158=CIRCLE('',#4830,1.3);
#159=CIRCLE('',#4834,2.88);
#160=CIRCLE('',#4835,3.18);
#161=CIRCLE('',#4836,3.18);
#162=CIRCLE('',#4837,2.88);
#163=CIRCLE('',#4841,2.88);
#164=CIRCLE('',#4842,3.18);
#165=CIRCLE('',#4843,3.18);
#166=CIRCLE('',#4844,2.88);
#167=CIRCLE('',#4847,1.5);
#168=CIRCLE('',#4848,1.00000000000002);
#169=CIRCLE('',#4851,1.5);
#170=CIRCLE('',#4852,1.00000000000002);
#171=CIRCLE('',#4858,1.5);
#172=CIRCLE('',#4859,1.);
#173=CIRCLE('',#4862,1.5);
#174=CIRCLE('',#4863,1.);
#175=CIRCLE('',#4871,1.5);
#176=CIRCLE('',#4872,0.999999999999991);
#177=CIRCLE('',#4875,1.5);
#178=CIRCLE('',#4876,0.999999999999991);
#179=CIRCLE('',#4884,0.5);
#180=CIRCLE('',#4890,1.5);
#181=CIRCLE('',#4891,0.499999999999998);
#182=CIRCLE('',#4894,0.499999999999998);
#183=CIRCLE('',#4903,2.88);
#184=CIRCLE('',#4911,2.88);
#185=CONICAL_SURFACE('',#4592,1.25,0.78539816339745);
#186=CONICAL_SURFACE('',#4596,0.750000000000001,0.785398163397446);
#187=CONICAL_SURFACE('',#4601,0.750000000000001,0.785398163397446);
#188=CONICAL_SURFACE('',#4605,1.25,0.78539816339745);
#189=CONICAL_SURFACE('',#4609,1.25,0.78539816339792);
#190=CONICAL_SURFACE('',#4613,1.25,0.78539816339792);
#191=CONICAL_SURFACE('',#4617,0.499999999999999,0.785398163397448);
#192=CONICAL_SURFACE('',#4619,0.499999999999998,0.785398163397446);
#193=CONICAL_SURFACE('',#4675,0.999999999999999,0.785398163397449);
#194=CONICAL_SURFACE('',#4680,0.999999999999999,0.785398163397449);
#195=CONICAL_SURFACE('',#4846,1.25000000000001,0.785398163397394);
#196=CONICAL_SURFACE('',#4850,1.25000000000001,0.785398163397395);
#197=CONICAL_SURFACE('',#4857,1.25,0.78539816339744);
#198=CONICAL_SURFACE('',#4861,1.25,0.785398163397441);
#199=CONICAL_SURFACE('',#4870,1.25,0.78539816339732);
#200=CONICAL_SURFACE('',#4874,1.25,0.78539816339732);
#201=CONICAL_SURFACE('',#4889,0.999999999999999,0.785398163397449);
#202=CONICAL_SURFACE('',#4893,0.999999999999999,0.785398163397449);
#203=FACE_OUTER_BOUND('',#454,.T.);
#204=FACE_OUTER_BOUND('',#455,.T.);
#205=FACE_OUTER_BOUND('',#456,.T.);
#206=FACE_OUTER_BOUND('',#457,.T.);
#207=FACE_OUTER_BOUND('',#458,.T.);
#208=FACE_OUTER_BOUND('',#459,.T.);
#209=FACE_OUTER_BOUND('',#460,.T.);
#210=FACE_OUTER_BOUND('',#461,.T.);
#211=FACE_OUTER_BOUND('',#462,.T.);
#212=FACE_OUTER_BOUND('',#463,.T.);
#213=FACE_OUTER_BOUND('',#464,.T.);
#214=FACE_OUTER_BOUND('',#465,.T.);
#215=FACE_OUTER_BOUND('',#466,.T.);
#216=FACE_OUTER_BOUND('',#467,.T.);
#217=FACE_OUTER_BOUND('',#468,.T.);
#218=FACE_OUTER_BOUND('',#469,.T.);
#219=FACE_OUTER_BOUND('',#470,.T.);
#220=FACE_OUTER_BOUND('',#471,.T.);
#221=FACE_OUTER_BOUND('',#472,.T.);
#222=FACE_OUTER_BOUND('',#473,.T.);
#223=FACE_OUTER_BOUND('',#474,.T.);
#224=FACE_OUTER_BOUND('',#475,.T.);
#225=FACE_OUTER_BOUND('',#476,.T.);
#226=FACE_OUTER_BOUND('',#477,.T.);
#227=FACE_OUTER_BOUND('',#478,.T.);
#228=FACE_OUTER_BOUND('',#479,.T.);
#229=FACE_OUTER_BOUND('',#481,.T.);
#230=FACE_OUTER_BOUND('',#482,.T.);
#231=FACE_OUTER_BOUND('',#483,.T.);
#232=FACE_OUTER_BOUND('',#484,.T.);
#233=FACE_OUTER_BOUND('',#485,.T.);
#234=FACE_OUTER_BOUND('',#486,.T.);
#235=FACE_OUTER_BOUND('',#487,.T.);
#236=FACE_OUTER_BOUND('',#488,.T.);
#237=FACE_OUTER_BOUND('',#489,.T.);
#238=FACE_OUTER_BOUND('',#490,.T.);
#239=FACE_OUTER_BOUND('',#491,.T.);
#240=FACE_OUTER_BOUND('',#492,.T.);
#241=FACE_OUTER_BOUND('',#493,.T.);
#242=FACE_OUTER_BOUND('',#494,.T.);
#243=FACE_OUTER_BOUND('',#495,.T.);
#244=FACE_OUTER_BOUND('',#496,.T.);
#245=FACE_OUTER_BOUND('',#497,.T.);
#246=FACE_OUTER_BOUND('',#498,.T.);
#247=FACE_OUTER_BOUND('',#499,.T.);
#248=FACE_OUTER_BOUND('',#500,.T.);
#249=FACE_OUTER_BOUND('',#501,.T.);
#250=FACE_OUTER_BOUND('',#502,.T.);
#251=FACE_OUTER_BOUND('',#503,.T.);
#252=FACE_OUTER_BOUND('',#504,.T.);
#253=FACE_OUTER_BOUND('',#505,.T.);
#254=FACE_OUTER_BOUND('',#506,.T.);
#255=FACE_OUTER_BOUND('',#507,.T.);
#256=FACE_OUTER_BOUND('',#508,.T.);
#257=FACE_OUTER_BOUND('',#509,.T.);
#258=FACE_OUTER_BOUND('',#511,.T.);
#259=FACE_OUTER_BOUND('',#512,.T.);
#260=FACE_OUTER_BOUND('',#513,.T.);
#261=FACE_OUTER_BOUND('',#514,.T.);
#262=FACE_OUTER_BOUND('',#515,.T.);
#263=FACE_OUTER_BOUND('',#516,.T.);
#264=FACE_OUTER_BOUND('',#517,.T.);
#265=FACE_OUTER_BOUND('',#518,.T.);
#266=FACE_OUTER_BOUND('',#519,.T.);
#267=FACE_OUTER_BOUND('',#520,.T.);
#268=FACE_OUTER_BOUND('',#521,.T.);
#269=FACE_OUTER_BOUND('',#522,.T.);
#270=FACE_OUTER_BOUND('',#523,.T.);
#271=FACE_OUTER_BOUND('',#524,.T.);
#272=FACE_OUTER_BOUND('',#525,.T.);
#273=FACE_OUTER_BOUND('',#526,.T.);
#274=FACE_OUTER_BOUND('',#527,.T.);
#275=FACE_OUTER_BOUND('',#528,.T.);
#276=FACE_OUTER_BOUND('',#529,.T.);
#277=FACE_OUTER_BOUND('',#530,.T.);
#278=FACE_OUTER_BOUND('',#531,.T.);
#279=FACE_OUTER_BOUND('',#532,.T.);
#280=FACE_OUTER_BOUND('',#533,.T.);
#281=FACE_OUTER_BOUND('',#534,.T.);
#282=FACE_OUTER_BOUND('',#535,.T.);
#283=FACE_OUTER_BOUND('',#536,.T.);
#284=FACE_OUTER_BOUND('',#537,.T.);
#285=FACE_OUTER_BOUND('',#538,.T.);
#286=FACE_OUTER_BOUND('',#539,.T.);
#287=FACE_OUTER_BOUND('',#540,.T.);
#288=FACE_OUTER_BOUND('',#541,.T.);
#289=FACE_OUTER_BOUND('',#542,.T.);
#290=FACE_OUTER_BOUND('',#543,.T.);
#291=FACE_OUTER_BOUND('',#544,.T.);
#292=FACE_OUTER_BOUND('',#545,.T.);
#293=FACE_OUTER_BOUND('',#546,.T.);
#294=FACE_OUTER_BOUND('',#547,.T.);
#295=FACE_OUTER_BOUND('',#548,.T.);
#296=FACE_OUTER_BOUND('',#549,.T.);
#297=FACE_OUTER_BOUND('',#550,.T.);
#298=FACE_OUTER_BOUND('',#551,.T.);
#299=FACE_OUTER_BOUND('',#552,.T.);
#300=FACE_OUTER_BOUND('',#553,.T.);
#301=FACE_OUTER_BOUND('',#554,.T.);
#302=FACE_OUTER_BOUND('',#555,.T.);
#303=FACE_OUTER_BOUND('',#556,.T.);
#304=FACE_OUTER_BOUND('',#557,.T.);
#305=FACE_OUTER_BOUND('',#558,.T.);
#306=FACE_OUTER_BOUND('',#559,.T.);
#307=FACE_OUTER_BOUND('',#560,.T.);
#308=FACE_OUTER_BOUND('',#561,.T.);
#309=FACE_OUTER_BOUND('',#562,.T.);
#310=FACE_OUTER_BOUND('',#563,.T.);
#311=FACE_OUTER_BOUND('',#564,.T.);
#312=FACE_OUTER_BOUND('',#565,.T.);
#313=FACE_OUTER_BOUND('',#566,.T.);
#314=FACE_OUTER_BOUND('',#567,.T.);
#315=FACE_OUTER_BOUND('',#568,.T.);
#316=FACE_OUTER_BOUND('',#569,.T.);
#317=FACE_OUTER_BOUND('',#570,.T.);
#318=FACE_OUTER_BOUND('',#571,.T.);
#319=FACE_OUTER_BOUND('',#572,.T.);
#320=FACE_OUTER_BOUND('',#573,.T.);
#321=FACE_OUTER_BOUND('',#574,.T.);
#322=FACE_OUTER_BOUND('',#575,.T.);
#323=FACE_OUTER_BOUND('',#576,.T.);
#324=FACE_OUTER_BOUND('',#577,.T.);
#325=FACE_OUTER_BOUND('',#578,.T.);
#326=FACE_OUTER_BOUND('',#579,.T.);
#327=FACE_OUTER_BOUND('',#580,.T.);
#328=FACE_OUTER_BOUND('',#581,.T.);
#329=FACE_OUTER_BOUND('',#582,.T.);
#330=FACE_OUTER_BOUND('',#583,.T.);
#331=FACE_OUTER_BOUND('',#584,.T.);
#332=FACE_OUTER_BOUND('',#585,.T.);
#333=FACE_OUTER_BOUND('',#586,.T.);
#334=FACE_OUTER_BOUND('',#587,.T.);
#335=FACE_OUTER_BOUND('',#588,.T.);
#336=FACE_OUTER_BOUND('',#589,.T.);
#337=FACE_OUTER_BOUND('',#590,.T.);
#338=FACE_OUTER_BOUND('',#591,.T.);
#339=FACE_OUTER_BOUND('',#592,.T.);
#340=FACE_OUTER_BOUND('',#593,.T.);
#341=FACE_OUTER_BOUND('',#594,.T.);
#342=FACE_OUTER_BOUND('',#595,.T.);
#343=FACE_OUTER_BOUND('',#596,.T.);
#344=FACE_OUTER_BOUND('',#597,.T.);
#345=FACE_OUTER_BOUND('',#598,.T.);
#346=FACE_OUTER_BOUND('',#599,.T.);
#347=FACE_OUTER_BOUND('',#600,.T.);
#348=FACE_OUTER_BOUND('',#601,.T.);
#349=FACE_OUTER_BOUND('',#602,.T.);
#350=FACE_OUTER_BOUND('',#603,.T.);
#351=FACE_OUTER_BOUND('',#604,.T.);
#352=FACE_OUTER_BOUND('',#605,.T.);
#353=FACE_OUTER_BOUND('',#606,.T.);
#354=FACE_OUTER_BOUND('',#607,.T.);
#355=FACE_OUTER_BOUND('',#608,.T.);
#356=FACE_OUTER_BOUND('',#609,.T.);
#357=FACE_OUTER_BOUND('',#610,.T.);
#358=FACE_OUTER_BOUND('',#611,.T.);
#359=FACE_OUTER_BOUND('',#612,.T.);
#360=FACE_OUTER_BOUND('',#613,.T.);
#361=FACE_OUTER_BOUND('',#614,.T.);
#362=FACE_OUTER_BOUND('',#615,.T.);
#363=FACE_OUTER_BOUND('',#616,.T.);
#364=FACE_OUTER_BOUND('',#617,.T.);
#365=FACE_OUTER_BOUND('',#618,.T.);
#366=FACE_OUTER_BOUND('',#619,.T.);
#367=FACE_OUTER_BOUND('',#620,.T.);
#368=FACE_OUTER_BOUND('',#621,.T.);
#369=FACE_OUTER_BOUND('',#622,.T.);
#370=FACE_OUTER_BOUND('',#623,.T.);
#371=FACE_OUTER_BOUND('',#624,.T.);
#372=FACE_OUTER_BOUND('',#625,.T.);
#373=FACE_OUTER_BOUND('',#626,.T.);
#374=FACE_OUTER_BOUND('',#628,.T.);
#375=FACE_OUTER_BOUND('',#629,.T.);
#376=FACE_OUTER_BOUND('',#630,.T.);
#377=FACE_OUTER_BOUND('',#631,.T.);
#378=FACE_OUTER_BOUND('',#632,.T.);
#379=FACE_OUTER_BOUND('',#633,.T.);
#380=FACE_OUTER_BOUND('',#634,.T.);
#381=FACE_OUTER_BOUND('',#635,.T.);
#382=FACE_OUTER_BOUND('',#636,.T.);
#383=FACE_OUTER_BOUND('',#637,.T.);
#384=FACE_OUTER_BOUND('',#638,.T.);
#385=FACE_OUTER_BOUND('',#650,.T.);
#386=FACE_OUTER_BOUND('',#651,.T.);
#387=FACE_OUTER_BOUND('',#652,.T.);
#388=FACE_OUTER_BOUND('',#664,.T.);
#389=FACE_OUTER_BOUND('',#665,.T.);
#390=FACE_OUTER_BOUND('',#666,.T.);
#391=FACE_OUTER_BOUND('',#667,.T.);
#392=FACE_OUTER_BOUND('',#668,.T.);
#393=FACE_OUTER_BOUND('',#669,.T.);
#394=FACE_OUTER_BOUND('',#670,.T.);
#395=FACE_OUTER_BOUND('',#671,.T.);
#396=FACE_OUTER_BOUND('',#672,.T.);
#397=FACE_OUTER_BOUND('',#673,.T.);
#398=FACE_OUTER_BOUND('',#674,.T.);
#399=FACE_OUTER_BOUND('',#675,.T.);
#400=FACE_OUTER_BOUND('',#676,.T.);
#401=FACE_OUTER_BOUND('',#677,.T.);
#402=FACE_OUTER_BOUND('',#678,.T.);
#403=FACE_OUTER_BOUND('',#679,.T.);
#404=FACE_OUTER_BOUND('',#680,.T.);
#405=FACE_OUTER_BOUND('',#681,.T.);
#406=FACE_OUTER_BOUND('',#682,.T.);
#407=FACE_OUTER_BOUND('',#683,.T.);
#408=FACE_OUTER_BOUND('',#684,.T.);
#409=FACE_OUTER_BOUND('',#685,.T.);
#410=FACE_OUTER_BOUND('',#686,.T.);
#411=FACE_OUTER_BOUND('',#687,.T.);
#412=FACE_OUTER_BOUND('',#688,.T.);
#413=FACE_OUTER_BOUND('',#689,.T.);
#414=FACE_OUTER_BOUND('',#690,.T.);
#415=FACE_OUTER_BOUND('',#691,.T.);
#416=FACE_OUTER_BOUND('',#692,.T.);
#417=FACE_OUTER_BOUND('',#693,.T.);
#418=FACE_OUTER_BOUND('',#694,.T.);
#419=FACE_OUTER_BOUND('',#695,.T.);
#420=FACE_OUTER_BOUND('',#696,.T.);
#421=FACE_OUTER_BOUND('',#697,.T.);
#422=FACE_OUTER_BOUND('',#698,.T.);
#423=FACE_OUTER_BOUND('',#699,.T.);
#424=FACE_OUTER_BOUND('',#700,.T.);
#425=FACE_OUTER_BOUND('',#701,.T.);
#426=FACE_OUTER_BOUND('',#702,.T.);
#427=FACE_OUTER_BOUND('',#703,.T.);
#428=FACE_OUTER_BOUND('',#705,.T.);
#429=FACE_OUTER_BOUND('',#706,.T.);
#430=FACE_OUTER_BOUND('',#707,.T.);
#431=FACE_OUTER_BOUND('',#708,.T.);
#432=FACE_OUTER_BOUND('',#709,.T.);
#433=FACE_OUTER_BOUND('',#710,.T.);
#434=FACE_OUTER_BOUND('',#711,.T.);
#435=FACE_OUTER_BOUND('',#712,.T.);
#436=FACE_OUTER_BOUND('',#713,.T.);
#437=FACE_OUTER_BOUND('',#714,.T.);
#438=FACE_OUTER_BOUND('',#715,.T.);
#439=FACE_OUTER_BOUND('',#716,.T.);
#440=FACE_OUTER_BOUND('',#717,.T.);
#441=FACE_OUTER_BOUND('',#718,.T.);
#442=FACE_OUTER_BOUND('',#719,.T.);
#443=FACE_OUTER_BOUND('',#720,.T.);
#444=FACE_OUTER_BOUND('',#721,.T.);
#445=FACE_OUTER_BOUND('',#722,.T.);
#446=FACE_OUTER_BOUND('',#723,.T.);
#447=FACE_OUTER_BOUND('',#724,.T.);
#448=FACE_OUTER_BOUND('',#725,.T.);
#449=FACE_OUTER_BOUND('',#726,.T.);
#450=FACE_OUTER_BOUND('',#727,.T.);
#451=FACE_OUTER_BOUND('',#728,.T.);
#452=FACE_OUTER_BOUND('',#729,.T.);
#453=FACE_OUTER_BOUND('',#730,.T.);
#454=EDGE_LOOP('',(#2852,#2853,#2854,#2855));
#455=EDGE_LOOP('',(#2856,#2857,#2858,#2859));
#456=EDGE_LOOP('',(#2860,#2861,#2862,#2863));
#457=EDGE_LOOP('',(#2864,#2865,#2866,#2867));
#458=EDGE_LOOP('',(#2868,#2869,#2870,#2871));
#459=EDGE_LOOP('',(#2872,#2873,#2874,#2875));
#460=EDGE_LOOP('',(#2876,#2877,#2878,#2879));
#461=EDGE_LOOP('',(#2880,#2881,#2882,#2883));
#462=EDGE_LOOP('',(#2884,#2885,#2886,#2887));
#463=EDGE_LOOP('',(#2888,#2889,#2890,#2891));
#464=EDGE_LOOP('',(#2892,#2893,#2894,#2895));
#465=EDGE_LOOP('',(#2896,#2897,#2898,#2899));
#466=EDGE_LOOP('',(#2900,#2901,#2902,#2903));
#467=EDGE_LOOP('',(#2904,#2905,#2906,#2907));
#468=EDGE_LOOP('',(#2908,#2909,#2910));
#469=EDGE_LOOP('',(#2911,#2912,#2913));
#470=EDGE_LOOP('',(#2914,#2915,#2916,#2917));
#471=EDGE_LOOP('',(#2918,#2919,#2920,#2921));
#472=EDGE_LOOP('',(#2922,#2923,#2924,#2925,#2926));
#473=EDGE_LOOP('',(#2927,#2928,#2929,#2930));
#474=EDGE_LOOP('',(#2931,#2932,#2933,#2934,#2935,#2936,#2937,#2938,#2939,
#2940));
#475=EDGE_LOOP('',(#2941,#2942,#2943,#2944));
#476=EDGE_LOOP('',(#2945,#2946,#2947,#2948));
#477=EDGE_LOOP('',(#2949,#2950,#2951,#2952));
#478=EDGE_LOOP('',(#2953,#2954,#2955,#2956));
#479=EDGE_LOOP('',(#2957,#2958,#2959,#2960,#2961,#2962,#2963,#2964,#2965,
#2966,#2967,#2968,#2969));
#480=EDGE_LOOP('',(#2970));
#481=EDGE_LOOP('',(#2971,#2972,#2973,#2974,#2975,#2976,#2977,#2978,#2979,
#2980,#2981,#2982));
#482=EDGE_LOOP('',(#2983,#2984,#2985,#2986,#2987));
#483=EDGE_LOOP('',(#2988,#2989,#2990,#2991));
#484=EDGE_LOOP('',(#2992,#2993,#2994,#2995));
#485=EDGE_LOOP('',(#2996,#2997,#2998,#2999));
#486=EDGE_LOOP('',(#3000,#3001,#3002,#3003,#3004,#3005,#3006,#3007));
#487=EDGE_LOOP('',(#3008,#3009,#3010,#3011));
#488=EDGE_LOOP('',(#3012,#3013,#3014,#3015,#3016,#3017,#3018,#3019,#3020,
#3021,#3022,#3023,#3024,#3025,#3026,#3027,#3028,#3029));
#489=EDGE_LOOP('',(#3030,#3031,#3032,#3033));
#490=EDGE_LOOP('',(#3034,#3035,#3036,#3037));
#491=EDGE_LOOP('',(#3038,#3039,#3040,#3041));
#492=EDGE_LOOP('',(#3042,#3043,#3044,#3045));
#493=EDGE_LOOP('',(#3046,#3047,#3048,#3049,#3050,#3051));
#494=EDGE_LOOP('',(#3052,#3053,#3054,#3055));
#495=EDGE_LOOP('',(#3056,#3057,#3058,#3059));
#496=EDGE_LOOP('',(#3060,#3061,#3062,#3063,#3064,#3065));
#497=EDGE_LOOP('',(#3066,#3067,#3068,#3069));
#498=EDGE_LOOP('',(#3070,#3071,#3072,#3073));
#499=EDGE_LOOP('',(#3074,#3075,#3076,#3077,#3078,#3079));
#500=EDGE_LOOP('',(#3080,#3081,#3082,#3083));
#501=EDGE_LOOP('',(#3084,#3085,#3086,#3087));
#502=EDGE_LOOP('',(#3088,#3089,#3090,#3091));
#503=EDGE_LOOP('',(#3092,#3093,#3094,#3095));
#504=EDGE_LOOP('',(#3096,#3097,#3098,#3099));
#505=EDGE_LOOP('',(#3100));
#506=EDGE_LOOP('',(#3101,#3102,#3103,#3104));
#507=EDGE_LOOP('',(#3105,#3106,#3107,#3108));
#508=EDGE_LOOP('',(#3109));
#509=EDGE_LOOP('',(#3110,#3111,#3112,#3113,#3114,#3115,#3116,#3117,#3118,
#3119,#3120));
#510=EDGE_LOOP('',(#3121));
#511=EDGE_LOOP('',(#3122,#3123,#3124,#3125));
#512=EDGE_LOOP('',(#3126,#3127,#3128,#3129));
#513=EDGE_LOOP('',(#3130,#3131,#3132,#3133));
#514=EDGE_LOOP('',(#3134,#3135,#3136));
#515=EDGE_LOOP('',(#3137,#3138,#3139,#3140));
#516=EDGE_LOOP('',(#3141,#3142,#3143,#3144));
#517=EDGE_LOOP('',(#3145,#3146,#3147,#3148));
#518=EDGE_LOOP('',(#3149,#3150,#3151,#3152));
#519=EDGE_LOOP('',(#3153,#3154,#3155,#3156));
#520=EDGE_LOOP('',(#3157,#3158,#3159,#3160));
#521=EDGE_LOOP('',(#3161,#3162,#3163,#3164));
#522=EDGE_LOOP('',(#3165,#3166,#3167,#3168));
#523=EDGE_LOOP('',(#3169,#3170,#3171,#3172));
#524=EDGE_LOOP('',(#3173,#3174,#3175,#3176));
#525=EDGE_LOOP('',(#3177,#3178,#3179,#3180));
#526=EDGE_LOOP('',(#3181,#3182,#3183,#3184));
#527=EDGE_LOOP('',(#3185,#3186,#3187,#3188));
#528=EDGE_LOOP('',(#3189,#3190,#3191,#3192));
#529=EDGE_LOOP('',(#3193,#3194,#3195,#3196));
#530=EDGE_LOOP('',(#3197,#3198,#3199,#3200));
#531=EDGE_LOOP('',(#3201,#3202,#3203,#3204));
#532=EDGE_LOOP('',(#3205,#3206,#3207,#3208));
#533=EDGE_LOOP('',(#3209,#3210,#3211,#3212));
#534=EDGE_LOOP('',(#3213,#3214,#3215,#3216));
#535=EDGE_LOOP('',(#3217,#3218,#3219,#3220));
#536=EDGE_LOOP('',(#3221,#3222,#3223,#3224));
#537=EDGE_LOOP('',(#3225,#3226,#3227,#3228));
#538=EDGE_LOOP('',(#3229,#3230,#3231,#3232));
#539=EDGE_LOOP('',(#3233,#3234,#3235,#3236));
#540=EDGE_LOOP('',(#3237,#3238,#3239,#3240));
#541=EDGE_LOOP('',(#3241,#3242,#3243,#3244));
#542=EDGE_LOOP('',(#3245,#3246,#3247,#3248));
#543=EDGE_LOOP('',(#3249,#3250,#3251,#3252));
#544=EDGE_LOOP('',(#3253,#3254,#3255,#3256));
#545=EDGE_LOOP('',(#3257,#3258,#3259,#3260,#3261));
#546=EDGE_LOOP('',(#3262,#3263,#3264,#3265));
#547=EDGE_LOOP('',(#3266,#3267,#3268,#3269));
#548=EDGE_LOOP('',(#3270,#3271,#3272,#3273));
#549=EDGE_LOOP('',(#3274,#3275,#3276,#3277));
#550=EDGE_LOOP('',(#3278,#3279,#3280,#3281));
#551=EDGE_LOOP('',(#3282,#3283,#3284,#3285,#3286));
#552=EDGE_LOOP('',(#3287,#3288,#3289,#3290));
#553=EDGE_LOOP('',(#3291,#3292,#3293,#3294));
#554=EDGE_LOOP('',(#3295,#3296,#3297,#3298));
#555=EDGE_LOOP('',(#3299,#3300,#3301,#3302));
#556=EDGE_LOOP('',(#3303,#3304,#3305,#3306));
#557=EDGE_LOOP('',(#3307,#3308,#3309,#3310));
#558=EDGE_LOOP('',(#3311,#3312,#3313,#3314));
#559=EDGE_LOOP('',(#3315,#3316,#3317,#3318));
#560=EDGE_LOOP('',(#3319,#3320,#3321,#3322));
#561=EDGE_LOOP('',(#3323,#3324,#3325,#3326));
#562=EDGE_LOOP('',(#3327,#3328,#3329,#3330));
#563=EDGE_LOOP('',(#3331,#3332,#3333,#3334));
#564=EDGE_LOOP('',(#3335,#3336,#3337,#3338));
#565=EDGE_LOOP('',(#3339,#3340,#3341));
#566=EDGE_LOOP('',(#3342,#3343,#3344,#3345));
#567=EDGE_LOOP('',(#3346,#3347,#3348,#3349));
#568=EDGE_LOOP('',(#3350,#3351,#3352,#3353));
#569=EDGE_LOOP('',(#3354,#3355,#3356));
#570=EDGE_LOOP('',(#3357,#3358,#3359,#3360));
#571=EDGE_LOOP('',(#3361,#3362,#3363,#3364));
#572=EDGE_LOOP('',(#3365,#3366,#3367,#3368));
#573=EDGE_LOOP('',(#3369,#3370,#3371,#3372));
#574=EDGE_LOOP('',(#3373,#3374,#3375,#3376));
#575=EDGE_LOOP('',(#3377,#3378,#3379,#3380));
#576=EDGE_LOOP('',(#3381,#3382,#3383,#3384));
#577=EDGE_LOOP('',(#3385,#3386,#3387,#3388));
#578=EDGE_LOOP('',(#3389,#3390,#3391,#3392));
#579=EDGE_LOOP('',(#3393,#3394,#3395,#3396));
#580=EDGE_LOOP('',(#3397,#3398,#3399,#3400));
#581=EDGE_LOOP('',(#3401,#3402,#3403,#3404));
#582=EDGE_LOOP('',(#3405,#3406,#3407,#3408));
#583=EDGE_LOOP('',(#3409,#3410,#3411,#3412));
#584=EDGE_LOOP('',(#3413,#3414,#3415,#3416));
#585=EDGE_LOOP('',(#3417,#3418,#3419,#3420));
#586=EDGE_LOOP('',(#3421,#3422,#3423,#3424));
#587=EDGE_LOOP('',(#3425,#3426,#3427,#3428));
#588=EDGE_LOOP('',(#3429,#3430,#3431,#3432));
#589=EDGE_LOOP('',(#3433,#3434,#3435,#3436));
#590=EDGE_LOOP('',(#3437,#3438,#3439,#3440));
#591=EDGE_LOOP('',(#3441,#3442,#3443,#3444));
#592=EDGE_LOOP('',(#3445,#3446,#3447,#3448));
#593=EDGE_LOOP('',(#3449,#3450,#3451,#3452));
#594=EDGE_LOOP('',(#3453,#3454,#3455,#3456));
#595=EDGE_LOOP('',(#3457,#3458,#3459,#3460));
#596=EDGE_LOOP('',(#3461,#3462,#3463,#3464));
#597=EDGE_LOOP('',(#3465,#3466,#3467,#3468));
#598=EDGE_LOOP('',(#3469,#3470,#3471,#3472));
#599=EDGE_LOOP('',(#3473,#3474,#3475,#3476));
#600=EDGE_LOOP('',(#3477,#3478,#3479,#3480,#3481));
#601=EDGE_LOOP('',(#3482,#3483,#3484,#3485));
#602=EDGE_LOOP('',(#3486,#3487,#3488,#3489));
#603=EDGE_LOOP('',(#3490,#3491,#3492,#3493));
#604=EDGE_LOOP('',(#3494,#3495,#3496,#3497));
#605=EDGE_LOOP('',(#3498,#3499,#3500,#3501));
#606=EDGE_LOOP('',(#3502,#3503,#3504,#3505,#3506));
#607=EDGE_LOOP('',(#3507,#3508,#3509,#3510));
#608=EDGE_LOOP('',(#3511,#3512,#3513,#3514));
#609=EDGE_LOOP('',(#3515,#3516,#3517,#3518));
#610=EDGE_LOOP('',(#3519,#3520,#3521,#3522));
#611=EDGE_LOOP('',(#3523,#3524,#3525,#3526));
#612=EDGE_LOOP('',(#3527,#3528,#3529,#3530));
#613=EDGE_LOOP('',(#3531,#3532,#3533,#3534));
#614=EDGE_LOOP('',(#3535,#3536,#3537,#3538));
#615=EDGE_LOOP('',(#3539,#3540,#3541,#3542));
#616=EDGE_LOOP('',(#3543,#3544,#3545,#3546));
#617=EDGE_LOOP('',(#3547,#3548,#3549,#3550));
#618=EDGE_LOOP('',(#3551,#3552,#3553,#3554));
#619=EDGE_LOOP('',(#3555,#3556,#3557,#3558));
#620=EDGE_LOOP('',(#3559,#3560,#3561));
#621=EDGE_LOOP('',(#3562,#3563,#3564,#3565));
#622=EDGE_LOOP('',(#3566,#3567,#3568,#3569));
#623=EDGE_LOOP('',(#3570,#3571,#3572,#3573,#3574,#3575,#3576,#3577,#3578,
#3579,#3580,#3581,#3582,#3583,#3584,#3585,#3586,#3587,#3588,#3589,#3590,
#3591,#3592));
#624=EDGE_LOOP('',(#3593,#3594,#3595,#3596));
#625=EDGE_LOOP('',(#3597,#3598,#3599,#3600));
#626=EDGE_LOOP('',(#3601,#3602,#3603,#3604,#3605,#3606,#3607,#3608,#3609,
#3610,#3611,#3612));
#627=EDGE_LOOP('',(#3613));
#628=EDGE_LOOP('',(#3614,#3615,#3616,#3617,#3618,#3619,#3620,#3621));
#629=EDGE_LOOP('',(#3622,#3623,#3624,#3625));
#630=EDGE_LOOP('',(#3626,#3627,#3628,#3629));
#631=EDGE_LOOP('',(#3630,#3631,#3632,#3633));
#632=EDGE_LOOP('',(#3634,#3635,#3636,#3637));
#633=EDGE_LOOP('',(#3638,#3639,#3640,#3641));
#634=EDGE_LOOP('',(#3642,#3643,#3644,#3645));
#635=EDGE_LOOP('',(#3646,#3647,#3648,#3649));
#636=EDGE_LOOP('',(#3650,#3651,#3652,#3653));
#637=EDGE_LOOP('',(#3654,#3655,#3656,#3657,#3658));
#638=EDGE_LOOP('',(#3659,#3660,#3661,#3662,#3663,#3664,#3665,#3666,#3667,
#3668,#3669,#3670,#3671,#3672,#3673,#3674,#3675,#3676,#3677,#3678,#3679,
#3680));
#639=EDGE_LOOP('',(#3681,#3682,#3683,#3684));
#640=EDGE_LOOP('',(#3685,#3686,#3687,#3688));
#641=EDGE_LOOP('',(#3689,#3690,#3691));
#642=EDGE_LOOP('',(#3692,#3693,#3694,#3695));
#643=EDGE_LOOP('',(#3696,#3697,#3698));
#644=EDGE_LOOP('',(#3699,#3700,#3701,#3702));
#645=EDGE_LOOP('',(#3703,#3704,#3705,#3706));
#646=EDGE_LOOP('',(#3707,#3708,#3709,#3710));
#647=EDGE_LOOP('',(#3711,#3712,#3713,#3714));
#648=EDGE_LOOP('',(#3715,#3716,#3717,#3718,#3719));
#649=EDGE_LOOP('',(#3720,#3721,#3722,#3723,#3724));
#650=EDGE_LOOP('',(#3725,#3726,#3727,#3728));
#651=EDGE_LOOP('',(#3729,#3730,#3731,#3732,#3733));
#652=EDGE_LOOP('',(#3734,#3735,#3736,#3737,#3738,#3739,#3740,#3741,#3742,
#3743,#3744,#3745,#3746,#3747,#3748,#3749,#3750,#3751,#3752,#3753,#3754,
#3755));
#653=EDGE_LOOP('',(#3756,#3757,#3758,#3759));
#654=EDGE_LOOP('',(#3760,#3761,#3762,#3763));
#655=EDGE_LOOP('',(#3764,#3765,#3766));
#656=EDGE_LOOP('',(#3767,#3768,#3769,#3770));
#657=EDGE_LOOP('',(#3771,#3772,#3773));
#658=EDGE_LOOP('',(#3774,#3775,#3776,#3777));
#659=EDGE_LOOP('',(#3778,#3779,#3780,#3781));
#660=EDGE_LOOP('',(#3782,#3783,#3784,#3785));
#661=EDGE_LOOP('',(#3786,#3787,#3788,#3789));
#662=EDGE_LOOP('',(#3790,#3791,#3792,#3793,#3794));
#663=EDGE_LOOP('',(#3795,#3796,#3797,#3798,#3799));
#664=EDGE_LOOP('',(#3800,#3801,#3802,#3803));
#665=EDGE_LOOP('',(#3804,#3805,#3806,#3807));
#666=EDGE_LOOP('',(#3808,#3809,#3810,#3811));
#667=EDGE_LOOP('',(#3812,#3813,#3814,#3815));
#668=EDGE_LOOP('',(#3816,#3817,#3818,#3819));
#669=EDGE_LOOP('',(#3820,#3821,#3822,#3823,#3824,#3825));
#670=EDGE_LOOP('',(#3826,#3827,#3828,#3829,#3830,#3831));
#671=EDGE_LOOP('',(#3832,#3833,#3834,#3835));
#672=EDGE_LOOP('',(#3836,#3837,#3838,#3839));
#673=EDGE_LOOP('',(#3840,#3841,#3842,#3843));
#674=EDGE_LOOP('',(#3844,#3845,#3846,#3847));
#675=EDGE_LOOP('',(#3848,#3849,#3850,#3851));
#676=EDGE_LOOP('',(#3852,#3853,#3854,#3855));
#677=EDGE_LOOP('',(#3856,#3857,#3858,#3859));
#678=EDGE_LOOP('',(#3860,#3861,#3862,#3863));
#679=EDGE_LOOP('',(#3864,#3865,#3866,#3867));
#680=EDGE_LOOP('',(#3868,#3869,#3870,#3871));
#681=EDGE_LOOP('',(#3872,#3873,#3874,#3875));
#682=EDGE_LOOP('',(#3876,#3877,#3878,#3879));
#683=EDGE_LOOP('',(#3880,#3881,#3882,#3883));
#684=EDGE_LOOP('',(#3884,#3885,#3886,#3887));
#685=EDGE_LOOP('',(#3888,#3889,#3890,#3891));
#686=EDGE_LOOP('',(#3892,#3893,#3894,#3895));
#687=EDGE_LOOP('',(#3896,#3897,#3898,#3899));
#688=EDGE_LOOP('',(#3900,#3901,#3902,#3903));
#689=EDGE_LOOP('',(#3904,#3905,#3906,#3907));
#690=EDGE_LOOP('',(#3908,#3909,#3910,#3911));
#691=EDGE_LOOP('',(#3912,#3913,#3914,#3915,#3916,#3917,#3918,#3919,#3920,
#3921,#3922,#3923));
#692=EDGE_LOOP('',(#3924,#3925,#3926,#3927));
#693=EDGE_LOOP('',(#3928,#3929,#3930,#3931,#3932,#3933));
#694=EDGE_LOOP('',(#3934,#3935,#3936,#3937));
#695=EDGE_LOOP('',(#3938,#3939,#3940,#3941));
#696=EDGE_LOOP('',(#3942,#3943,#3944,#3945));
#697=EDGE_LOOP('',(#3946,#3947,#3948,#3949,#3950,#3951,#3952,#3953,#3954,
#3955,#3956,#3957));
#698=EDGE_LOOP('',(#3958,#3959,#3960,#3961,#3962,#3963));
#699=EDGE_LOOP('',(#3964,#3965,#3966,#3967));
#700=EDGE_LOOP('',(#3968));
#701=EDGE_LOOP('',(#3969,#3970,#3971,#3972));
#702=EDGE_LOOP('',(#3973));
#703=EDGE_LOOP('',(#3974,#3975,#3976,#3977,#3978,#3979,#3980,#3981,#3982,
#3983));
#704=EDGE_LOOP('',(#3984));
#705=EDGE_LOOP('',(#3985,#3986,#3987,#3988));
#706=EDGE_LOOP('',(#3989,#3990,#3991,#3992));
#707=EDGE_LOOP('',(#3993,#3994,#3995,#3996));
#708=EDGE_LOOP('',(#3997,#3998,#3999,#4000));
#709=EDGE_LOOP('',(#4001,#4002,#4003,#4004));
#710=EDGE_LOOP('',(#4005,#4006,#4007,#4008));
#711=EDGE_LOOP('',(#4009,#4010,#4011,#4012));
#712=EDGE_LOOP('',(#4013,#4014,#4015,#4016,#4017));
#713=EDGE_LOOP('',(#4018,#4019,#4020,#4021));
#714=EDGE_LOOP('',(#4022,#4023,#4024,#4025,#4026,#4027,#4028,#4029));
#715=EDGE_LOOP('',(#4030,#4031,#4032,#4033));
#716=EDGE_LOOP('',(#4034,#4035,#4036,#4037));
#717=EDGE_LOOP('',(#4038,#4039,#4040,#4041,#4042,#4043,#4044,#4045,#4046,
#4047,#4048,#4049,#4050,#4051,#4052,#4053,#4054,#4055,#4056,#4057,#4058));
#718=EDGE_LOOP('',(#4059,#4060,#4061,#4062,#4063,#4064));
#719=EDGE_LOOP('',(#4065,#4066,#4067,#4068));
#720=EDGE_LOOP('',(#4069,#4070,#4071,#4072));
#721=EDGE_LOOP('',(#4073,#4074,#4075,#4076));
#722=EDGE_LOOP('',(#4077,#4078,#4079,#4080));
#723=EDGE_LOOP('',(#4081,#4082,#4083,#4084));
#724=EDGE_LOOP('',(#4085,#4086,#4087,#4088));
#725=EDGE_LOOP('',(#4089,#4090,#4091,#4092,#4093));
#726=EDGE_LOOP('',(#4094,#4095,#4096,#4097));
#727=EDGE_LOOP('',(#4098,#4099,#4100,#4101));
#728=EDGE_LOOP('',(#4102,#4103,#4104,#4105));
#729=EDGE_LOOP('',(#4106,#4107,#4108,#4109));
#730=EDGE_LOOP('',(#4110,#4111,#4112,#4113,#4114,#4115,#4116,#4117));
#731=LINE('',#6147,#1270);
#732=LINE('',#6149,#1271);
#733=LINE('',#6151,#1272);
#734=LINE('',#6152,#1273);
#735=LINE('',#6157,#1274);
#736=LINE('',#6161,#1275);
#737=LINE('',#6163,#1276);
#738=LINE('',#6164,#1277);
#739=LINE('',#6168,#1278);
#740=LINE('',#6173,#1279);
#741=LINE('',#6175,#1280);
#742=LINE('',#6176,#1281);
#743=LINE('',#6180,#1282);
#744=LINE('',#6182,#1283);
#745=LINE('',#6184,#1284);
#746=LINE('',#6185,#1285);
#747=LINE('',#6189,#1286);
#748=LINE('',#6195,#1287);
#749=LINE('',#6196,#1288);
#750=LINE('',#6197,#1289);
#751=LINE('',#6203,#1290);
#752=LINE('',#6205,#1291);
#753=LINE('',#6207,#1292);
#754=LINE('',#6208,#1293);
#755=LINE('',#6213,#1294);
#756=LINE('',#6218,#1295);
#757=LINE('',#6219,#1296);
#758=LINE('',#6220,#1297);
#759=LINE('',#6225,#1298);
#760=LINE('',#6229,#1299);
#761=LINE('',#6230,#1300);
#762=LINE('',#6231,#1301);
#763=LINE('',#6237,#1302);
#764=LINE('',#6238,#1303);
#765=LINE('',#6240,#1304);
#766=LINE('',#6242,#1305);
#767=LINE('',#6246,#1306);
#768=LINE('',#6248,#1307);
#769=LINE('',#6250,#1308);
#770=LINE('',#6252,#1309);
#771=LINE('',#6253,#1310);
#772=LINE('',#6256,#1311);
#773=LINE('',#6260,#1312);
#774=LINE('',#6261,#1313);
#775=LINE('',#6264,#1314);
#776=LINE('',#6271,#1315);
#777=LINE('',#6274,#1316);
#778=LINE('',#6277,#1317);
#779=LINE('',#6281,#1318);
#780=LINE('',#6285,#1319);
#781=LINE('',#6287,#1320);
#782=LINE('',#6291,#1321);
#783=LINE('',#6295,#1322);
#784=LINE('',#6300,#1323);
#785=LINE('',#6302,#1324);
#786=LINE('',#6304,#1325);
#787=LINE('',#6306,#1326);
#788=LINE('',#6308,#1327);
#789=LINE('',#6310,#1328);
#790=LINE('',#6312,#1329);
#791=LINE('',#6314,#1330);
#792=LINE('',#6316,#1331);
#793=LINE('',#6317,#1332);
#794=LINE('',#6320,#1333);
#795=LINE('',#6323,#1334);
#796=LINE('',#6326,#1335);
#797=LINE('',#6329,#1336);
#798=LINE('',#6330,#1337);
#799=LINE('',#6333,#1338);
#800=LINE('',#6338,#1339);
#801=LINE('',#6339,#1340);
#802=LINE('',#6341,#1341);
#803=LINE('',#6342,#1342);
#804=LINE('',#6345,#1343);
#805=LINE('',#6347,#1344);
#806=LINE('',#6349,#1345);
#807=LINE('',#6351,#1346);
#808=LINE('',#6353,#1347);
#809=LINE('',#6355,#1348);
#810=LINE('',#6357,#1349);
#811=LINE('',#6358,#1350);
#812=LINE('',#6362,#1351);
#813=LINE('',#6364,#1352);
#814=LINE('',#6368,#1353);
#815=LINE('',#6370,#1354);
#816=LINE('',#6374,#1355);
#817=LINE('',#6378,#1356);
#818=LINE('',#6380,#1357);
#819=LINE('',#6384,#1358);
#820=LINE('',#6388,#1359);
#821=LINE('',#6390,#1360);
#822=LINE('',#6394,#1361);
#823=LINE('',#6398,#1362);
#824=LINE('',#6400,#1363);
#825=LINE('',#6402,#1364);
#826=LINE('',#6408,#1365);
#827=LINE('',#6414,#1366);
#828=LINE('',#6422,#1367);
#829=LINE('',#6424,#1368);
#830=LINE('',#6426,#1369);
#831=LINE('',#6427,#1370);
#832=LINE('',#6430,#1371);
#833=LINE('',#6432,#1372);
#834=LINE('',#6433,#1373);
#835=LINE('',#6435,#1374);
#836=LINE('',#6436,#1375);
#837=LINE('',#6441,#1376);
#838=LINE('',#6443,#1377);
#839=LINE('',#6445,#1378);
#840=LINE('',#6446,#1379);
#841=LINE('',#6449,#1380);
#842=LINE('',#6451,#1381);
#843=LINE('',#6452,#1382);
#844=LINE('',#6455,#1383);
#845=LINE('',#6457,#1384);
#846=LINE('',#6458,#1385);
#847=LINE('',#6460,#1386);
#848=LINE('',#6461,#1387);
#849=LINE('',#6466,#1388);
#850=LINE('',#6468,#1389);
#851=LINE('',#6470,#1390);
#852=LINE('',#6471,#1391);
#853=LINE('',#6474,#1392);
#854=LINE('',#6476,#1393);
#855=LINE('',#6477,#1394);
#856=LINE('',#6480,#1395);
#857=LINE('',#6482,#1396);
#858=LINE('',#6483,#1397);
#859=LINE('',#6485,#1398);
#860=LINE('',#6486,#1399);
#861=LINE('',#6491,#1400);
#862=LINE('',#6493,#1401);
#863=LINE('',#6495,#1402);
#864=LINE('',#6496,#1403);
#865=LINE('',#6499,#1404);
#866=LINE('',#6501,#1405);
#867=LINE('',#6502,#1406);
#868=LINE('',#6505,#1407);
#869=LINE('',#6507,#1408);
#870=LINE('',#6508,#1409);
#871=LINE('',#6510,#1410);
#872=LINE('',#6511,#1411);
#873=LINE('',#6516,#1412);
#874=LINE('',#6518,#1413);
#875=LINE('',#6520,#1414);
#876=LINE('',#6521,#1415);
#877=LINE('',#6524,#1416);
#878=LINE('',#6526,#1417);
#879=LINE('',#6527,#1418);
#880=LINE('',#6530,#1419);
#881=LINE('',#6532,#1420);
#882=LINE('',#6533,#1421);
#883=LINE('',#6535,#1422);
#884=LINE('',#6536,#1423);
#885=LINE('',#6541,#1424);
#886=LINE('',#6543,#1425);
#887=LINE('',#6545,#1426);
#888=LINE('',#6546,#1427);
#889=LINE('',#6549,#1428);
#890=LINE('',#6551,#1429);
#891=LINE('',#6552,#1430);
#892=LINE('',#6555,#1431);
#893=LINE('',#6557,#1432);
#894=LINE('',#6558,#1433);
#895=LINE('',#6560,#1434);
#896=LINE('',#6561,#1435);
#897=LINE('',#6566,#1436);
#898=LINE('',#6568,#1437);
#899=LINE('',#6570,#1438);
#900=LINE('',#6571,#1439);
#901=LINE('',#6574,#1440);
#902=LINE('',#6576,#1441);
#903=LINE('',#6577,#1442);
#904=LINE('',#6580,#1443);
#905=LINE('',#6582,#1444);
#906=LINE('',#6583,#1445);
#907=LINE('',#6586,#1446);
#908=LINE('',#6588,#1447);
#909=LINE('',#6589,#1448);
#910=LINE('',#6591,#1449);
#911=LINE('',#6592,#1450);
#912=LINE('',#6597,#1451);
#913=LINE('',#6599,#1452);
#914=LINE('',#6601,#1453);
#915=LINE('',#6602,#1454);
#916=LINE('',#6605,#1455);
#917=LINE('',#6607,#1456);
#918=LINE('',#6608,#1457);
#919=LINE('',#6611,#1458);
#920=LINE('',#6613,#1459);
#921=LINE('',#6614,#1460);
#922=LINE('',#6617,#1461);
#923=LINE('',#6619,#1462);
#924=LINE('',#6620,#1463);
#925=LINE('',#6622,#1464);
#926=LINE('',#6623,#1465);
#927=LINE('',#6628,#1466);
#928=LINE('',#6630,#1467);
#929=LINE('',#6632,#1468);
#930=LINE('',#6633,#1469);
#931=LINE('',#6636,#1470);
#932=LINE('',#6638,#1471);
#933=LINE('',#6639,#1472);
#934=LINE('',#6642,#1473);
#935=LINE('',#6644,#1474);
#936=LINE('',#6645,#1475);
#937=LINE('',#6647,#1476);
#938=LINE('',#6648,#1477);
#939=LINE('',#6653,#1478);
#940=LINE('',#6655,#1479);
#941=LINE('',#6657,#1480);
#942=LINE('',#6658,#1481);
#943=LINE('',#6661,#1482);
#944=LINE('',#6663,#1483);
#945=LINE('',#6664,#1484);
#946=LINE('',#6667,#1485);
#947=LINE('',#6669,#1486);
#948=LINE('',#6670,#1487);
#949=LINE('',#6672,#1488);
#950=LINE('',#6673,#1489);
#951=LINE('',#6678,#1490);
#952=LINE('',#6680,#1491);
#953=LINE('',#6682,#1492);
#954=LINE('',#6683,#1493);
#955=LINE('',#6686,#1494);
#956=LINE('',#6688,#1495);
#957=LINE('',#6689,#1496);
#958=LINE('',#6691,#1497);
#959=LINE('',#6692,#1498);
#960=LINE('',#6697,#1499);
#961=LINE('',#6699,#1500);
#962=LINE('',#6701,#1501);
#963=LINE('',#6702,#1502);
#964=LINE('',#6705,#1503);
#965=LINE('',#6707,#1504);
#966=LINE('',#6708,#1505);
#967=LINE('',#6710,#1506);
#968=LINE('',#6711,#1507);
#969=LINE('',#6716,#1508);
#970=LINE('',#6718,#1509);
#971=LINE('',#6720,#1510);
#972=LINE('',#6721,#1511);
#973=LINE('',#6724,#1512);
#974=LINE('',#6726,#1513);
#975=LINE('',#6727,#1514);
#976=LINE('',#6730,#1515);
#977=LINE('',#6732,#1516);
#978=LINE('',#6733,#1517);
#979=LINE('',#6735,#1518);
#980=LINE('',#6736,#1519);
#981=LINE('',#6741,#1520);
#982=LINE('',#6743,#1521);
#983=LINE('',#6745,#1522);
#984=LINE('',#6746,#1523);
#985=LINE('',#6749,#1524);
#986=LINE('',#6751,#1525);
#987=LINE('',#6752,#1526);
#988=LINE('',#6755,#1527);
#989=LINE('',#6757,#1528);
#990=LINE('',#6758,#1529);
#991=LINE('',#6760,#1530);
#992=LINE('',#6761,#1531);
#993=LINE('',#6766,#1532);
#994=LINE('',#6768,#1533);
#995=LINE('',#6770,#1534);
#996=LINE('',#6771,#1535);
#997=LINE('',#6774,#1536);
#998=LINE('',#6776,#1537);
#999=LINE('',#6777,#1538);
#1000=LINE('',#6780,#1539);
#1001=LINE('',#6782,#1540);
#1002=LINE('',#6783,#1541);
#1003=LINE('',#6785,#1542);
#1004=LINE('',#6786,#1543);
#1005=LINE('',#6791,#1544);
#1006=LINE('',#6793,#1545);
#1007=LINE('',#6795,#1546);
#1008=LINE('',#6796,#1547);
#1009=LINE('',#6799,#1548);
#1010=LINE('',#6801,#1549);
#1011=LINE('',#6802,#1550);
#1012=LINE('',#6805,#1551);
#1013=LINE('',#6807,#1552);
#1014=LINE('',#6808,#1553);
#1015=LINE('',#6810,#1554);
#1016=LINE('',#6811,#1555);
#1017=LINE('',#6816,#1556);
#1018=LINE('',#6818,#1557);
#1019=LINE('',#6820,#1558);
#1020=LINE('',#6821,#1559);
#1021=LINE('',#6824,#1560);
#1022=LINE('',#6826,#1561);
#1023=LINE('',#6827,#1562);
#1024=LINE('',#6830,#1563);
#1025=LINE('',#6832,#1564);
#1026=LINE('',#6833,#1565);
#1027=LINE('',#6835,#1566);
#1028=LINE('',#6836,#1567);
#1029=LINE('',#6841,#1568);
#1030=LINE('',#6843,#1569);
#1031=LINE('',#6845,#1570);
#1032=LINE('',#6846,#1571);
#1033=LINE('',#6849,#1572);
#1034=LINE('',#6851,#1573);
#1035=LINE('',#6852,#1574);
#1036=LINE('',#6855,#1575);
#1037=LINE('',#6857,#1576);
#1038=LINE('',#6858,#1577);
#1039=LINE('',#6861,#1578);
#1040=LINE('',#6863,#1579);
#1041=LINE('',#6864,#1580);
#1042=LINE('',#6866,#1581);
#1043=LINE('',#6867,#1582);
#1044=LINE('',#6872,#1583);
#1045=LINE('',#6874,#1584);
#1046=LINE('',#6876,#1585);
#1047=LINE('',#6877,#1586);
#1048=LINE('',#6880,#1587);
#1049=LINE('',#6882,#1588);
#1050=LINE('',#6883,#1589);
#1051=LINE('',#6886,#1590);
#1052=LINE('',#6888,#1591);
#1053=LINE('',#6889,#1592);
#1054=LINE('',#6892,#1593);
#1055=LINE('',#6894,#1594);
#1056=LINE('',#6895,#1595);
#1057=LINE('',#6897,#1596);
#1058=LINE('',#6898,#1597);
#1059=LINE('',#6903,#1598);
#1060=LINE('',#6905,#1599);
#1061=LINE('',#6907,#1600);
#1062=LINE('',#6908,#1601);
#1063=LINE('',#6911,#1602);
#1064=LINE('',#6913,#1603);
#1065=LINE('',#6914,#1604);
#1066=LINE('',#6917,#1605);
#1067=LINE('',#6919,#1606);
#1068=LINE('',#6920,#1607);
#1069=LINE('',#6922,#1608);
#1070=LINE('',#6923,#1609);
#1071=LINE('',#6928,#1610);
#1072=LINE('',#6930,#1611);
#1073=LINE('',#6932,#1612);
#1074=LINE('',#6933,#1613);
#1075=LINE('',#6936,#1614);
#1076=LINE('',#6938,#1615);
#1077=LINE('',#6939,#1616);
#1078=LINE('',#6942,#1617);
#1079=LINE('',#6944,#1618);
#1080=LINE('',#6945,#1619);
#1081=LINE('',#6947,#1620);
#1082=LINE('',#6948,#1621);
#1083=LINE('',#6953,#1622);
#1084=LINE('',#6955,#1623);
#1085=LINE('',#6957,#1624);
#1086=LINE('',#6958,#1625);
#1087=LINE('',#6961,#1626);
#1088=LINE('',#6963,#1627);
#1089=LINE('',#6964,#1628);
#1090=LINE('',#6966,#1629);
#1091=LINE('',#6967,#1630);
#1092=LINE('',#6974,#1631);
#1093=LINE('',#6977,#1632);
#1094=LINE('',#6980,#1633);
#1095=LINE('',#6982,#1634);
#1096=LINE('',#6983,#1635);
#1097=LINE('',#6986,#1636);
#1098=LINE('',#6990,#1637);
#1099=LINE('',#6992,#1638);
#1100=LINE('',#6994,#1639);
#1101=LINE('',#6996,#1640);
#1102=LINE('',#7000,#1641);
#1103=LINE('',#7002,#1642);
#1104=LINE('',#7004,#1643);
#1105=LINE('',#7008,#1644);
#1106=LINE('',#7010,#1645);
#1107=LINE('',#7012,#1646);
#1108=LINE('',#7014,#1647);
#1109=LINE('',#7018,#1648);
#1110=LINE('',#7024,#1649);
#1111=LINE('',#7031,#1650);
#1112=LINE('',#7034,#1651);
#1113=LINE('',#7037,#1652);
#1114=LINE('',#7039,#1653);
#1115=LINE('',#7040,#1654);
#1116=LINE('',#7043,#1655);
#1117=LINE('',#7045,#1656);
#1118=LINE('',#7047,#1657);
#1119=LINE('',#7049,#1658);
#1120=LINE('',#7053,#1659);
#1121=LINE('',#7059,#1660);
#1122=LINE('',#7065,#1661);
#1123=LINE('',#7066,#1662);
#1124=LINE('',#7068,#1663);
#1125=LINE('',#7069,#1664);
#1126=LINE('',#7074,#1665);
#1127=LINE('',#7075,#1666);
#1128=LINE('',#7078,#1667);
#1129=LINE('',#7082,#1668);
#1130=LINE('',#7085,#1669);
#1131=LINE('',#7088,#1670);
#1132=LINE('',#7093,#1671);
#1133=LINE('',#7095,#1672);
#1134=LINE('',#7098,#1673);
#1135=LINE('',#7103,#1674);
#1136=LINE('',#7105,#1675);
#1137=LINE('',#7107,#1676);
#1138=LINE('',#7108,#1677);
#1139=LINE('',#7111,#1678);
#1140=LINE('',#7112,#1679);
#1141=LINE('',#7113,#1680);
#1142=LINE('',#7116,#1681);
#1143=LINE('',#7120,#1682);
#1144=LINE('',#7122,#1683);
#1145=LINE('',#7124,#1684);
#1146=LINE('',#7128,#1685);
#1147=LINE('',#7130,#1686);
#1148=LINE('',#7132,#1687);
#1149=LINE('',#7139,#1688);
#1150=LINE('',#7141,#1689);
#1151=LINE('',#7143,#1690);
#1152=LINE('',#7145,#1691);
#1153=LINE('',#7147,#1692);
#1154=LINE('',#7151,#1693);
#1155=LINE('',#7153,#1694);
#1156=LINE('',#7155,#1695);
#1157=LINE('',#7160,#1696);
#1158=LINE('',#7162,#1697);
#1159=LINE('',#7164,#1698);
#1160=LINE('',#7165,#1699);
#1161=LINE('',#7168,#1700);
#1162=LINE('',#7170,#1701);
#1163=LINE('',#7172,#1702);
#1164=LINE('',#7173,#1703);
#1165=LINE('',#7176,#1704);
#1166=LINE('',#7180,#1705);
#1167=LINE('',#7182,#1706);
#1168=LINE('',#7184,#1707);
#1169=LINE('',#7188,#1708);
#1170=LINE('',#7190,#1709);
#1171=LINE('',#7192,#1710);
#1172=LINE('',#7194,#1711);
#1173=LINE('',#7196,#1712);
#1174=LINE('',#7203,#1713);
#1175=LINE('',#7205,#1714);
#1176=LINE('',#7207,#1715);
#1177=LINE('',#7211,#1716);
#1178=LINE('',#7213,#1717);
#1179=LINE('',#7215,#1718);
#1180=LINE('',#7219,#1719);
#1181=LINE('',#7221,#1720);
#1182=LINE('',#7222,#1721);
#1183=LINE('',#7226,#1722);
#1184=LINE('',#7232,#1723);
#1185=LINE('',#7233,#1724);
#1186=LINE('',#7234,#1725);
#1187=LINE('',#7237,#1726);
#1188=LINE('',#7242,#1727);
#1189=LINE('',#7243,#1728);
#1190=LINE('',#7245,#1729);
#1191=LINE('',#7247,#1730);
#1192=LINE('',#7250,#1731);
#1193=LINE('',#7252,#1732);
#1194=LINE('',#7253,#1733);
#1195=LINE('',#7258,#1734);
#1196=LINE('',#7263,#1735);
#1197=LINE('',#7264,#1736);
#1198=LINE('',#7265,#1737);
#1199=LINE('',#7269,#1738);
#1200=LINE('',#7273,#1739);
#1201=LINE('',#7274,#1740);
#1202=LINE('',#7277,#1741);
#1203=LINE('',#7286,#1742);
#1204=LINE('',#7287,#1743);
#1205=LINE('',#7298,#1744);
#1206=LINE('',#7299,#1745);
#1207=LINE('',#7300,#1746);
#1208=LINE('',#7304,#1747);
#1209=LINE('',#7305,#1748);
#1210=LINE('',#7306,#1749);
#1211=LINE('',#7310,#1750);
#1212=LINE('',#7315,#1751);
#1213=LINE('',#7317,#1752);
#1214=LINE('',#7318,#1753);
#1215=LINE('',#7321,#1754);
#1216=LINE('',#7325,#1755);
#1217=LINE('',#7328,#1756);
#1218=LINE('',#7329,#1757);
#1219=LINE('',#7355,#1758);
#1220=LINE('',#7357,#1759);
#1221=LINE('',#7366,#1760);
#1222=LINE('',#7367,#1761);
#1223=LINE('',#7393,#1762);
#1224=LINE('',#7442,#1763);
#1225=LINE('',#7443,#1764);
#1226=LINE('',#7444,#1765);
#1227=LINE('',#7445,#1766);
#1228=LINE('',#7447,#1767);
#1229=LINE('',#7450,#1768);
#1230=LINE('',#7451,#1769);
#1231=LINE('',#7455,#1770);
#1232=LINE('',#7457,#1771);
#1233=LINE('',#7459,#1772);
#1234=LINE('',#7462,#1773);
#1235=LINE('',#7463,#1774);
#1236=LINE('',#7465,#1775);
#1237=LINE('',#7470,#1776);
#1238=LINE('',#7476,#1777);
#1239=LINE('',#7479,#1778);
#1240=LINE('',#7481,#1779);
#1241=LINE('',#7483,#1780);
#1242=LINE('',#7486,#1781);
#1243=LINE('',#7488,#1782);
#1244=LINE('',#7489,#1783);
#1245=LINE('',#7491,#1784);
#1246=LINE('',#7492,#1785);
#1247=LINE('',#7495,#1786);
#1248=LINE('',#7496,#1787);
#1249=LINE('',#7500,#1788);
#1250=LINE('',#7502,#1789);
#1251=LINE('',#7505,#1790);
#1252=LINE('',#7506,#1791);
#1253=LINE('',#7509,#1792);
#1254=LINE('',#7511,#1793);
#1255=LINE('',#7513,#1794);
#1256=LINE('',#7518,#1795);
#1257=LINE('',#7520,#1796);
#1258=LINE('',#7522,#1797);
#1259=LINE('',#7523,#1798);
#1260=LINE('',#7525,#1799);
#1261=LINE('',#7527,#1800);
#1262=LINE('',#7529,#1801);
#1263=LINE('',#7530,#1802);
#1264=LINE('',#7532,#1803);
#1265=LINE('',#7534,#1804);
#1266=LINE('',#7535,#1805);
#1267=LINE('',#7538,#1806);
#1268=LINE('',#7541,#1807);
#1269=LINE('',#7545,#1808);
#1270=VECTOR('',#4933,10.);
#1271=VECTOR('',#4934,10.);
#1272=VECTOR('',#4935,10.);
#1273=VECTOR('',#4936,10.);
#1274=VECTOR('',#4941,10.);
#1275=VECTOR('',#4946,10.);
#1276=VECTOR('',#4947,10.);
#1277=VECTOR('',#4948,10.);
#1278=VECTOR('',#4951,10.);
#1279=VECTOR('',#4958,10.);
#1280=VECTOR('',#4959,10.);
#1281=VECTOR('',#4960,10.);
#1282=VECTOR('',#4963,10.);
#1283=VECTOR('',#4964,10.);
#1284=VECTOR('',#4965,10.);
#1285=VECTOR('',#4966,10.);
#1286=VECTOR('',#4969,10.);
#1287=VECTOR('',#4976,10.);
#1288=VECTOR('',#4977,10.);
#1289=VECTOR('',#4978,10.);
#1290=VECTOR('',#4987,10.);
#1291=VECTOR('',#4988,10.);
#1292=VECTOR('',#4989,10.);
#1293=VECTOR('',#4990,10.);
#1294=VECTOR('',#4995,10.);
#1295=VECTOR('',#5000,10.);
#1296=VECTOR('',#5001,10.);
#1297=VECTOR('',#5002,10.);
#1298=VECTOR('',#5007,10.);
#1299=VECTOR('',#5012,10.);
#1300=VECTOR('',#5013,10.);
#1301=VECTOR('',#5014,10.);
#1302=VECTOR('',#5025,10.);
#1303=VECTOR('',#5026,10.);
#1304=VECTOR('',#5029,10.);
#1305=VECTOR('',#5032,10.);
#1306=VECTOR('',#5037,10.);
#1307=VECTOR('',#5038,10.);
#1308=VECTOR('',#5039,10.);
#1309=VECTOR('',#5040,10.);
#1310=VECTOR('',#5041,10.);
#1311=VECTOR('',#5044,10.);
#1312=VECTOR('',#5049,10.);
#1313=VECTOR('',#5050,10.);
#1314=VECTOR('',#5053,10.);
#1315=VECTOR('',#5060,10.);
#1316=VECTOR('',#5063,10.);
#1317=VECTOR('',#5066,10.);
#1318=VECTOR('',#5069,10.);
#1319=VECTOR('',#5072,10.);
#1320=VECTOR('',#5073,10.);
#1321=VECTOR('',#5076,10.);
#1322=VECTOR('',#5081,10.);
#1323=VECTOR('',#5086,10.);
#1324=VECTOR('',#5087,10.);
#1325=VECTOR('',#5088,10.);
#1326=VECTOR('',#5089,10.);
#1327=VECTOR('',#5090,10.);
#1328=VECTOR('',#5091,10.);
#1329=VECTOR('',#5092,10.);
#1330=VECTOR('',#5093,10.);
#1331=VECTOR('',#5094,10.);
#1332=VECTOR('',#5095,10.);
#1333=VECTOR('',#5100,10.);
#1334=VECTOR('',#5103,10.);
#1335=VECTOR('',#5106,10.);
#1336=VECTOR('',#5109,10.);
#1337=VECTOR('',#5110,10.);
#1338=VECTOR('',#5113,10.);
#1339=VECTOR('',#5118,10.);
#1340=VECTOR('',#5119,10.);
#1341=VECTOR('',#5122,10.);
#1342=VECTOR('',#5123,10.);
#1343=VECTOR('',#5126,10.);
#1344=VECTOR('',#5127,10.);
#1345=VECTOR('',#5128,10.);
#1346=VECTOR('',#5129,10.);
#1347=VECTOR('',#5130,10.);
#1348=VECTOR('',#5131,10.);
#1349=VECTOR('',#5132,10.);
#1350=VECTOR('',#5133,10.);
#1351=VECTOR('',#5138,10.);
#1352=VECTOR('',#5141,10.);
#1353=VECTOR('',#5146,10.);
#1354=VECTOR('',#5149,10.);
#1355=VECTOR('',#5154,10.);
#1356=VECTOR('',#5159,10.);
#1357=VECTOR('',#5162,10.);
#1358=VECTOR('',#5167,10.);
#1359=VECTOR('',#5172,10.);
#1360=VECTOR('',#5175,10.);
#1361=VECTOR('',#5180,10.);
#1362=VECTOR('',#5185,10.);
#1363=VECTOR('',#5188,10.);
#1364=VECTOR('',#5191,10.);
#1365=VECTOR('',#5198,0.999999999999999);
#1366=VECTOR('',#5207,0.999999999999999);
#1367=VECTOR('',#5218,10.);
#1368=VECTOR('',#5219,10.);
#1369=VECTOR('',#5220,10.);
#1370=VECTOR('',#5221,10.);
#1371=VECTOR('',#5224,10.);
#1372=VECTOR('',#5225,10.);
#1373=VECTOR('',#5226,10.);
#1374=VECTOR('',#5229,10.);
#1375=VECTOR('',#5230,10.);
#1376=VECTOR('',#5235,10.);
#1377=VECTOR('',#5236,10.);
#1378=VECTOR('',#5237,10.);
#1379=VECTOR('',#5238,10.);
#1380=VECTOR('',#5241,10.);
#1381=VECTOR('',#5242,10.);
#1382=VECTOR('',#5243,10.);
#1383=VECTOR('',#5246,10.);
#1384=VECTOR('',#5247,10.);
#1385=VECTOR('',#5248,10.);
#1386=VECTOR('',#5251,10.);
#1387=VECTOR('',#5252,10.);
#1388=VECTOR('',#5257,10.);
#1389=VECTOR('',#5258,10.);
#1390=VECTOR('',#5259,10.);
#1391=VECTOR('',#5260,10.);
#1392=VECTOR('',#5263,10.);
#1393=VECTOR('',#5264,10.);
#1394=VECTOR('',#5265,10.);
#1395=VECTOR('',#5268,10.);
#1396=VECTOR('',#5269,10.);
#1397=VECTOR('',#5270,10.);
#1398=VECTOR('',#5273,10.);
#1399=VECTOR('',#5274,10.);
#1400=VECTOR('',#5279,10.);
#1401=VECTOR('',#5280,10.);
#1402=VECTOR('',#5281,10.);
#1403=VECTOR('',#5282,10.);
#1404=VECTOR('',#5285,10.);
#1405=VECTOR('',#5286,10.);
#1406=VECTOR('',#5287,10.);
#1407=VECTOR('',#5290,10.);
#1408=VECTOR('',#5291,10.);
#1409=VECTOR('',#5292,10.);
#1410=VECTOR('',#5295,10.);
#1411=VECTOR('',#5296,10.);
#1412=VECTOR('',#5301,10.);
#1413=VECTOR('',#5302,10.);
#1414=VECTOR('',#5303,10.);
#1415=VECTOR('',#5304,10.);
#1416=VECTOR('',#5307,10.);
#1417=VECTOR('',#5308,10.);
#1418=VECTOR('',#5309,10.);
#1419=VECTOR('',#5312,10.);
#1420=VECTOR('',#5313,10.);
#1421=VECTOR('',#5314,10.);
#1422=VECTOR('',#5317,10.);
#1423=VECTOR('',#5318,10.);
#1424=VECTOR('',#5323,10.);
#1425=VECTOR('',#5324,10.);
#1426=VECTOR('',#5325,10.);
#1427=VECTOR('',#5326,10.);
#1428=VECTOR('',#5329,10.);
#1429=VECTOR('',#5330,10.);
#1430=VECTOR('',#5331,10.);
#1431=VECTOR('',#5334,10.);
#1432=VECTOR('',#5335,10.);
#1433=VECTOR('',#5336,10.);
#1434=VECTOR('',#5339,10.);
#1435=VECTOR('',#5340,10.);
#1436=VECTOR('',#5345,10.);
#1437=VECTOR('',#5346,10.);
#1438=VECTOR('',#5347,10.);
#1439=VECTOR('',#5348,10.);
#1440=VECTOR('',#5351,10.);
#1441=VECTOR('',#5352,10.);
#1442=VECTOR('',#5353,10.);
#1443=VECTOR('',#5356,10.);
#1444=VECTOR('',#5357,10.);
#1445=VECTOR('',#5358,10.);
#1446=VECTOR('',#5361,10.);
#1447=VECTOR('',#5362,10.);
#1448=VECTOR('',#5363,10.);
#1449=VECTOR('',#5366,10.);
#1450=VECTOR('',#5367,10.);
#1451=VECTOR('',#5372,10.);
#1452=VECTOR('',#5373,10.);
#1453=VECTOR('',#5374,10.);
#1454=VECTOR('',#5375,10.);
#1455=VECTOR('',#5378,10.);
#1456=VECTOR('',#5379,10.);
#1457=VECTOR('',#5380,10.);
#1458=VECTOR('',#5383,10.);
#1459=VECTOR('',#5384,10.);
#1460=VECTOR('',#5385,10.);
#1461=VECTOR('',#5388,10.);
#1462=VECTOR('',#5389,10.);
#1463=VECTOR('',#5390,10.);
#1464=VECTOR('',#5393,10.);
#1465=VECTOR('',#5394,10.);
#1466=VECTOR('',#5399,10.);
#1467=VECTOR('',#5400,10.);
#1468=VECTOR('',#5401,10.);
#1469=VECTOR('',#5402,10.);
#1470=VECTOR('',#5405,10.);
#1471=VECTOR('',#5406,10.);
#1472=VECTOR('',#5407,10.);
#1473=VECTOR('',#5410,10.);
#1474=VECTOR('',#5411,10.);
#1475=VECTOR('',#5412,10.);
#1476=VECTOR('',#5415,10.);
#1477=VECTOR('',#5416,10.);
#1478=VECTOR('',#5421,10.);
#1479=VECTOR('',#5422,10.);
#1480=VECTOR('',#5423,10.);
#1481=VECTOR('',#5424,10.);
#1482=VECTOR('',#5427,10.);
#1483=VECTOR('',#5428,10.);
#1484=VECTOR('',#5429,10.);
#1485=VECTOR('',#5432,10.);
#1486=VECTOR('',#5433,10.);
#1487=VECTOR('',#5434,10.);
#1488=VECTOR('',#5437,10.);
#1489=VECTOR('',#5438,10.);
#1490=VECTOR('',#5443,10.);
#1491=VECTOR('',#5444,10.);
#1492=VECTOR('',#5445,10.);
#1493=VECTOR('',#5446,10.);
#1494=VECTOR('',#5449,10.);
#1495=VECTOR('',#5450,10.);
#1496=VECTOR('',#5451,10.);
#1497=VECTOR('',#5454,10.);
#1498=VECTOR('',#5455,10.);
#1499=VECTOR('',#5460,10.);
#1500=VECTOR('',#5461,10.);
#1501=VECTOR('',#5462,10.);
#1502=VECTOR('',#5463,10.);
#1503=VECTOR('',#5466,10.);
#1504=VECTOR('',#5467,10.);
#1505=VECTOR('',#5468,10.);
#1506=VECTOR('',#5471,10.);
#1507=VECTOR('',#5472,10.);
#1508=VECTOR('',#5477,10.);
#1509=VECTOR('',#5478,10.);
#1510=VECTOR('',#5479,10.);
#1511=VECTOR('',#5480,10.);
#1512=VECTOR('',#5483,10.);
#1513=VECTOR('',#5484,10.);
#1514=VECTOR('',#5485,10.);
#1515=VECTOR('',#5488,10.);
#1516=VECTOR('',#5489,10.);
#1517=VECTOR('',#5490,10.);
#1518=VECTOR('',#5493,10.);
#1519=VECTOR('',#5494,10.);
#1520=VECTOR('',#5499,10.);
#1521=VECTOR('',#5500,10.);
#1522=VECTOR('',#5501,10.);
#1523=VECTOR('',#5502,10.);
#1524=VECTOR('',#5505,10.);
#1525=VECTOR('',#5506,10.);
#1526=VECTOR('',#5507,10.);
#1527=VECTOR('',#5510,10.);
#1528=VECTOR('',#5511,10.);
#1529=VECTOR('',#5512,10.);
#1530=VECTOR('',#5515,10.);
#1531=VECTOR('',#5516,10.);
#1532=VECTOR('',#5521,10.);
#1533=VECTOR('',#5522,10.);
#1534=VECTOR('',#5523,10.);
#1535=VECTOR('',#5524,10.);
#1536=VECTOR('',#5527,10.);
#1537=VECTOR('',#5528,10.);
#1538=VECTOR('',#5529,10.);
#1539=VECTOR('',#5532,10.);
#1540=VECTOR('',#5533,10.);
#1541=VECTOR('',#5534,10.);
#1542=VECTOR('',#5537,10.);
#1543=VECTOR('',#5538,10.);
#1544=VECTOR('',#5543,10.);
#1545=VECTOR('',#5544,10.);
#1546=VECTOR('',#5545,10.);
#1547=VECTOR('',#5546,10.);
#1548=VECTOR('',#5549,10.);
#1549=VECTOR('',#5550,10.);
#1550=VECTOR('',#5551,10.);
#1551=VECTOR('',#5554,10.);
#1552=VECTOR('',#5555,10.);
#1553=VECTOR('',#5556,10.);
#1554=VECTOR('',#5559,10.);
#1555=VECTOR('',#5560,10.);
#1556=VECTOR('',#5565,10.);
#1557=VECTOR('',#5566,10.);
#1558=VECTOR('',#5567,10.);
#1559=VECTOR('',#5568,10.);
#1560=VECTOR('',#5571,10.);
#1561=VECTOR('',#5572,10.);
#1562=VECTOR('',#5573,10.);
#1563=VECTOR('',#5576,10.);
#1564=VECTOR('',#5577,10.);
#1565=VECTOR('',#5578,10.);
#1566=VECTOR('',#5581,10.);
#1567=VECTOR('',#5582,10.);
#1568=VECTOR('',#5587,10.);
#1569=VECTOR('',#5588,10.);
#1570=VECTOR('',#5589,10.);
#1571=VECTOR('',#5590,10.);
#1572=VECTOR('',#5593,10.);
#1573=VECTOR('',#5594,10.);
#1574=VECTOR('',#5595,10.);
#1575=VECTOR('',#5598,10.);
#1576=VECTOR('',#5599,10.);
#1577=VECTOR('',#5600,10.);
#1578=VECTOR('',#5603,10.);
#1579=VECTOR('',#5604,10.);
#1580=VECTOR('',#5605,10.);
#1581=VECTOR('',#5608,10.);
#1582=VECTOR('',#5609,10.);
#1583=VECTOR('',#5614,10.);
#1584=VECTOR('',#5615,10.);
#1585=VECTOR('',#5616,10.);
#1586=VECTOR('',#5617,10.);
#1587=VECTOR('',#5620,10.);
#1588=VECTOR('',#5621,10.);
#1589=VECTOR('',#5622,10.);
#1590=VECTOR('',#5625,10.);
#1591=VECTOR('',#5626,10.);
#1592=VECTOR('',#5627,10.);
#1593=VECTOR('',#5630,10.);
#1594=VECTOR('',#5631,10.);
#1595=VECTOR('',#5632,10.);
#1596=VECTOR('',#5635,10.);
#1597=VECTOR('',#5636,10.);
#1598=VECTOR('',#5641,10.);
#1599=VECTOR('',#5642,10.);
#1600=VECTOR('',#5643,10.);
#1601=VECTOR('',#5644,10.);
#1602=VECTOR('',#5647,10.);
#1603=VECTOR('',#5648,10.);
#1604=VECTOR('',#5649,10.);
#1605=VECTOR('',#5652,10.);
#1606=VECTOR('',#5653,10.);
#1607=VECTOR('',#5654,10.);
#1608=VECTOR('',#5657,10.);
#1609=VECTOR('',#5658,10.);
#1610=VECTOR('',#5663,10.);
#1611=VECTOR('',#5664,10.);
#1612=VECTOR('',#5665,10.);
#1613=VECTOR('',#5666,10.);
#1614=VECTOR('',#5669,10.);
#1615=VECTOR('',#5670,10.);
#1616=VECTOR('',#5671,10.);
#1617=VECTOR('',#5674,10.);
#1618=VECTOR('',#5675,10.);
#1619=VECTOR('',#5676,10.);
#1620=VECTOR('',#5679,10.);
#1621=VECTOR('',#5680,10.);
#1622=VECTOR('',#5685,10.);
#1623=VECTOR('',#5686,10.);
#1624=VECTOR('',#5687,10.);
#1625=VECTOR('',#5688,10.);
#1626=VECTOR('',#5691,10.);
#1627=VECTOR('',#5692,10.);
#1628=VECTOR('',#5693,10.);
#1629=VECTOR('',#5696,10.);
#1630=VECTOR('',#5697,10.);
#1631=VECTOR('',#5704,10.);
#1632=VECTOR('',#5707,10.);
#1633=VECTOR('',#5710,10.);
#1634=VECTOR('',#5711,10.);
#1635=VECTOR('',#5712,10.);
#1636=VECTOR('',#5715,10.);
#1637=VECTOR('',#5718,10.);
#1638=VECTOR('',#5719,10.);
#1639=VECTOR('',#5720,10.);
#1640=VECTOR('',#5721,10.);
#1641=VECTOR('',#5724,10.);
#1642=VECTOR('',#5725,10.);
#1643=VECTOR('',#5726,10.);
#1644=VECTOR('',#5729,10.);
#1645=VECTOR('',#5730,10.);
#1646=VECTOR('',#5731,10.);
#1647=VECTOR('',#5732,10.);
#1648=VECTOR('',#5735,10.);
#1649=VECTOR('',#5740,10.);
#1650=VECTOR('',#5747,10.);
#1651=VECTOR('',#5750,10.);
#1652=VECTOR('',#5753,10.);
#1653=VECTOR('',#5754,10.);
#1654=VECTOR('',#5755,10.);
#1655=VECTOR('',#5758,10.);
#1656=VECTOR('',#5759,10.);
#1657=VECTOR('',#5760,10.);
#1658=VECTOR('',#5761,10.);
#1659=VECTOR('',#5764,10.);
#1660=VECTOR('',#5769,10.);
#1661=VECTOR('',#5776,10.);
#1662=VECTOR('',#5777,10.);
#1663=VECTOR('',#5778,10.);
#1664=VECTOR('',#5779,10.);
#1665=VECTOR('',#5784,10.);
#1666=VECTOR('',#5785,10.);
#1667=VECTOR('',#5788,10.);
#1668=VECTOR('',#5793,10.);
#1669=VECTOR('',#5796,10.);
#1670=VECTOR('',#5799,10.);
#1671=VECTOR('',#5806,10.);
#1672=VECTOR('',#5809,10.);
#1673=VECTOR('',#5812,10.);
#1674=VECTOR('',#5817,10.);
#1675=VECTOR('',#5818,10.);
#1676=VECTOR('',#5819,10.);
#1677=VECTOR('',#5820,10.);
#1678=VECTOR('',#5823,10.);
#1679=VECTOR('',#5824,10.);
#1680=VECTOR('',#5825,10.);
#1681=VECTOR('',#5828,10.);
#1682=VECTOR('',#5831,10.);
#1683=VECTOR('',#5832,10.);
#1684=VECTOR('',#5833,10.);
#1685=VECTOR('',#5836,10.);
#1686=VECTOR('',#5837,10.);
#1687=VECTOR('',#5838,10.);
#1688=VECTOR('',#5839,10.);
#1689=VECTOR('',#5840,10.);
#1690=VECTOR('',#5841,10.);
#1691=VECTOR('',#5842,10.);
#1692=VECTOR('',#5843,10.);
#1693=VECTOR('',#5846,10.);
#1694=VECTOR('',#5847,10.);
#1695=VECTOR('',#5848,10.);
#1696=VECTOR('',#5853,10.);
#1697=VECTOR('',#5854,10.);
#1698=VECTOR('',#5855,10.);
#1699=VECTOR('',#5856,10.);
#1700=VECTOR('',#5859,10.);
#1701=VECTOR('',#5860,10.);
#1702=VECTOR('',#5861,10.);
#1703=VECTOR('',#5862,10.);
#1704=VECTOR('',#5865,10.);
#1705=VECTOR('',#5868,10.);
#1706=VECTOR('',#5869,10.);
#1707=VECTOR('',#5870,10.);
#1708=VECTOR('',#5873,10.);
#1709=VECTOR('',#5874,10.);
#1710=VECTOR('',#5875,10.);
#1711=VECTOR('',#5876,10.);
#1712=VECTOR('',#5877,10.);
#1713=VECTOR('',#5878,10.);
#1714=VECTOR('',#5879,10.);
#1715=VECTOR('',#5880,10.);
#1716=VECTOR('',#5883,10.);
#1717=VECTOR('',#5884,10.);
#1718=VECTOR('',#5885,10.);
#1719=VECTOR('',#5890,10.);
#1720=VECTOR('',#5891,10.);
#1721=VECTOR('',#5892,10.);
#1722=VECTOR('',#5895,10.);
#1723=VECTOR('',#5902,10.);
#1724=VECTOR('',#5903,10.);
#1725=VECTOR('',#5904,10.);
#1726=VECTOR('',#5907,10.);
#1727=VECTOR('',#5914,10.);
#1728=VECTOR('',#5915,10.);
#1729=VECTOR('',#5918,10.);
#1730=VECTOR('',#5921,10.);
#1731=VECTOR('',#5924,10.);
#1732=VECTOR('',#5925,10.);
#1733=VECTOR('',#5926,10.);
#1734=VECTOR('',#5931,10.);
#1735=VECTOR('',#5936,10.);
#1736=VECTOR('',#5937,10.);
#1737=VECTOR('',#5938,10.);
#1738=VECTOR('',#5943,10.);
#1739=VECTOR('',#5948,10.);
#1740=VECTOR('',#5949,10.);
#1741=VECTOR('',#5952,10.);
#1742=VECTOR('',#5955,10.);
#1743=VECTOR('',#5956,10.);
#1744=VECTOR('',#5961,10.);
#1745=VECTOR('',#5962,10.);
#1746=VECTOR('',#5963,10.);
#1747=VECTOR('',#5966,10.);
#1748=VECTOR('',#5967,10.);
#1749=VECTOR('',#5968,10.);
#1750=VECTOR('',#5971,10.);
#1751=VECTOR('',#5978,10.);
#1752=VECTOR('',#5979,10.);
#1753=VECTOR('',#5980,10.);
#1754=VECTOR('',#5983,10.);
#1755=VECTOR('',#5990,10.);
#1756=VECTOR('',#5993,10.);
#1757=VECTOR('',#5994,10.);
#1758=VECTOR('',#5995,10.);
#1759=VECTOR('',#5996,10.);
#1760=VECTOR('',#5999,10.);
#1761=VECTOR('',#6000,10.);
#1762=VECTOR('',#6001,10.);
#1763=VECTOR('',#6004,10.);
#1764=VECTOR('',#6005,10.);
#1765=VECTOR('',#6006,10.);
#1766=VECTOR('',#6007,10.);
#1767=VECTOR('',#6010,10.);
#1768=VECTOR('',#6013,10.);
#1769=VECTOR('',#6014,10.);
#1770=VECTOR('',#6019,10.);
#1771=VECTOR('',#6022,10.);
#1772=VECTOR('',#6025,10.);
#1773=VECTOR('',#6028,10.);
#1774=VECTOR('',#6029,10.);
#1775=VECTOR('',#6032,10.);
#1776=VECTOR('',#6037,0.999999999999999);
#1777=VECTOR('',#6046,0.999999999999999);
#1778=VECTOR('',#6051,10.);
#1779=VECTOR('',#6054,10.);
#1780=VECTOR('',#6057,10.);
#1781=VECTOR('',#6060,10.);
#1782=VECTOR('',#6061,10.);
#1783=VECTOR('',#6062,10.);
#1784=VECTOR('',#6065,10.);
#1785=VECTOR('',#6066,10.);
#1786=VECTOR('',#6069,10.);
#1787=VECTOR('',#6070,10.);
#1788=VECTOR('',#6075,10.);
#1789=VECTOR('',#6078,10.);
#1790=VECTOR('',#6081,10.);
#1791=VECTOR('',#6082,10.);
#1792=VECTOR('',#6087,10.);
#1793=VECTOR('',#6090,10.);
#1794=VECTOR('',#6093,10.);
#1795=VECTOR('',#6098,10.);
#1796=VECTOR('',#6099,10.);
#1797=VECTOR('',#6100,10.);
#1798=VECTOR('',#6101,10.);
#1799=VECTOR('',#6104,10.);
#1800=VECTOR('',#6107,10.);
#1801=VECTOR('',#6110,10.);
#1802=VECTOR('',#6111,10.);
#1803=VECTOR('',#6114,10.);
#1804=VECTOR('',#6117,10.);
#1805=VECTOR('',#6118,10.);
#1806=VECTOR('',#6123,10.);
#1807=VECTOR('',#6128,10.);
#1808=VECTOR('',#6135,10.);
#1809=VERTEX_POINT('',#6145);
#1810=VERTEX_POINT('',#6146);
#1811=VERTEX_POINT('',#6148);
#1812=VERTEX_POINT('',#6150);
#1813=VERTEX_POINT('',#6154);
#1814=VERTEX_POINT('',#6156);
#1815=VERTEX_POINT('',#6160);
#1816=VERTEX_POINT('',#6162);
#1817=VERTEX_POINT('',#6166);
#1818=VERTEX_POINT('',#6167);
#1819=VERTEX_POINT('',#6172);
#1820=VERTEX_POINT('',#6174);
#1821=VERTEX_POINT('',#6178);
#1822=VERTEX_POINT('',#6179);
#1823=VERTEX_POINT('',#6181);
#1824=VERTEX_POINT('',#6183);
#1825=VERTEX_POINT('',#6187);
#1826=VERTEX_POINT('',#6188);
#1827=VERTEX_POINT('',#6193);
#1828=VERTEX_POINT('',#6194);
#1829=VERTEX_POINT('',#6202);
#1830=VERTEX_POINT('',#6204);
#1831=VERTEX_POINT('',#6206);
#1832=VERTEX_POINT('',#6210);
#1833=VERTEX_POINT('',#6212);
#1834=VERTEX_POINT('',#6216);
#1835=VERTEX_POINT('',#6217);
#1836=VERTEX_POINT('',#6222);
#1837=VERTEX_POINT('',#6224);
#1838=VERTEX_POINT('',#6228);
#1839=VERTEX_POINT('',#6245);
#1840=VERTEX_POINT('',#6247);
#1841=VERTEX_POINT('',#6249);
#1842=VERTEX_POINT('',#6251);
#1843=VERTEX_POINT('',#6255);
#1844=VERTEX_POINT('',#6259);
#1845=VERTEX_POINT('',#6263);
#1846=VERTEX_POINT('',#6267);
#1847=VERTEX_POINT('',#6268);
#1848=VERTEX_POINT('',#6270);
#1849=VERTEX_POINT('',#6272);
#1850=VERTEX_POINT('',#6276);
#1851=VERTEX_POINT('',#6278);
#1852=VERTEX_POINT('',#6280);
#1853=VERTEX_POINT('',#6282);
#1854=VERTEX_POINT('',#6284);
#1855=VERTEX_POINT('',#6286);
#1856=VERTEX_POINT('',#6288);
#1857=VERTEX_POINT('',#6290);
#1858=VERTEX_POINT('',#6293);
#1859=VERTEX_POINT('',#6296);
#1860=VERTEX_POINT('',#6299);
#1861=VERTEX_POINT('',#6301);
#1862=VERTEX_POINT('',#6303);
#1863=VERTEX_POINT('',#6305);
#1864=VERTEX_POINT('',#6307);
#1865=VERTEX_POINT('',#6309);
#1866=VERTEX_POINT('',#6311);
#1867=VERTEX_POINT('',#6313);
#1868=VERTEX_POINT('',#6315);
#1869=VERTEX_POINT('',#6322);
#1870=VERTEX_POINT('',#6324);
#1871=VERTEX_POINT('',#6328);
#1872=VERTEX_POINT('',#6332);
#1873=VERTEX_POINT('',#6335);
#1874=VERTEX_POINT('',#6337);
#1875=VERTEX_POINT('',#6344);
#1876=VERTEX_POINT('',#6346);
#1877=VERTEX_POINT('',#6348);
#1878=VERTEX_POINT('',#6350);
#1879=VERTEX_POINT('',#6352);
#1880=VERTEX_POINT('',#6354);
#1881=VERTEX_POINT('',#6356);
#1882=VERTEX_POINT('',#6360);
#1883=VERTEX_POINT('',#6366);
#1884=VERTEX_POINT('',#6372);
#1885=VERTEX_POINT('',#6376);
#1886=VERTEX_POINT('',#6382);
#1887=VERTEX_POINT('',#6386);
#1888=VERTEX_POINT('',#6392);
#1889=VERTEX_POINT('',#6396);
#1890=VERTEX_POINT('',#6405);
#1891=VERTEX_POINT('',#6407);
#1892=VERTEX_POINT('',#6413);
#1893=VERTEX_POINT('',#6420);
#1894=VERTEX_POINT('',#6421);
#1895=VERTEX_POINT('',#6423);
#1896=VERTEX_POINT('',#6425);
#1897=VERTEX_POINT('',#6429);
#1898=VERTEX_POINT('',#6431);
#1899=VERTEX_POINT('',#6439);
#1900=VERTEX_POINT('',#6440);
#1901=VERTEX_POINT('',#6442);
#1902=VERTEX_POINT('',#6444);
#1903=VERTEX_POINT('',#6448);
#1904=VERTEX_POINT('',#6450);
#1905=VERTEX_POINT('',#6454);
#1906=VERTEX_POINT('',#6456);
#1907=VERTEX_POINT('',#6464);
#1908=VERTEX_POINT('',#6465);
#1909=VERTEX_POINT('',#6467);
#1910=VERTEX_POINT('',#6469);
#1911=VERTEX_POINT('',#6473);
#1912=VERTEX_POINT('',#6475);
#1913=VERTEX_POINT('',#6479);
#1914=VERTEX_POINT('',#6481);
#1915=VERTEX_POINT('',#6489);
#1916=VERTEX_POINT('',#6490);
#1917=VERTEX_POINT('',#6492);
#1918=VERTEX_POINT('',#6494);
#1919=VERTEX_POINT('',#6498);
#1920=VERTEX_POINT('',#6500);
#1921=VERTEX_POINT('',#6504);
#1922=VERTEX_POINT('',#6506);
#1923=VERTEX_POINT('',#6514);
#1924=VERTEX_POINT('',#6515);
#1925=VERTEX_POINT('',#6517);
#1926=VERTEX_POINT('',#6519);
#1927=VERTEX_POINT('',#6523);
#1928=VERTEX_POINT('',#6525);
#1929=VERTEX_POINT('',#6529);
#1930=VERTEX_POINT('',#6531);
#1931=VERTEX_POINT('',#6539);
#1932=VERTEX_POINT('',#6540);
#1933=VERTEX_POINT('',#6542);
#1934=VERTEX_POINT('',#6544);
#1935=VERTEX_POINT('',#6548);
#1936=VERTEX_POINT('',#6550);
#1937=VERTEX_POINT('',#6554);
#1938=VERTEX_POINT('',#6556);
#1939=VERTEX_POINT('',#6564);
#1940=VERTEX_POINT('',#6565);
#1941=VERTEX_POINT('',#6567);
#1942=VERTEX_POINT('',#6569);
#1943=VERTEX_POINT('',#6573);
#1944=VERTEX_POINT('',#6575);
#1945=VERTEX_POINT('',#6579);
#1946=VERTEX_POINT('',#6581);
#1947=VERTEX_POINT('',#6585);
#1948=VERTEX_POINT('',#6587);
#1949=VERTEX_POINT('',#6595);
#1950=VERTEX_POINT('',#6596);
#1951=VERTEX_POINT('',#6598);
#1952=VERTEX_POINT('',#6600);
#1953=VERTEX_POINT('',#6604);
#1954=VERTEX_POINT('',#6606);
#1955=VERTEX_POINT('',#6610);
#1956=VERTEX_POINT('',#6612);
#1957=VERTEX_POINT('',#6616);
#1958=VERTEX_POINT('',#6618);
#1959=VERTEX_POINT('',#6626);
#1960=VERTEX_POINT('',#6627);
#1961=VERTEX_POINT('',#6629);
#1962=VERTEX_POINT('',#6631);
#1963=VERTEX_POINT('',#6635);
#1964=VERTEX_POINT('',#6637);
#1965=VERTEX_POINT('',#6641);
#1966=VERTEX_POINT('',#6643);
#1967=VERTEX_POINT('',#6651);
#1968=VERTEX_POINT('',#6652);
#1969=VERTEX_POINT('',#6654);
#1970=VERTEX_POINT('',#6656);
#1971=VERTEX_POINT('',#6660);
#1972=VERTEX_POINT('',#6662);
#1973=VERTEX_POINT('',#6666);
#1974=VERTEX_POINT('',#6668);
#1975=VERTEX_POINT('',#6676);
#1976=VERTEX_POINT('',#6677);
#1977=VERTEX_POINT('',#6679);
#1978=VERTEX_POINT('',#6681);
#1979=VERTEX_POINT('',#6685);
#1980=VERTEX_POINT('',#6687);
#1981=VERTEX_POINT('',#6695);
#1982=VERTEX_POINT('',#6696);
#1983=VERTEX_POINT('',#6698);
#1984=VERTEX_POINT('',#6700);
#1985=VERTEX_POINT('',#6704);
#1986=VERTEX_POINT('',#6706);
#1987=VERTEX_POINT('',#6714);
#1988=VERTEX_POINT('',#6715);
#1989=VERTEX_POINT('',#6717);
#1990=VERTEX_POINT('',#6719);
#1991=VERTEX_POINT('',#6723);
#1992=VERTEX_POINT('',#6725);
#1993=VERTEX_POINT('',#6729);
#1994=VERTEX_POINT('',#6731);
#1995=VERTEX_POINT('',#6739);
#1996=VERTEX_POINT('',#6740);
#1997=VERTEX_POINT('',#6742);
#1998=VERTEX_POINT('',#6744);
#1999=VERTEX_POINT('',#6748);
#2000=VERTEX_POINT('',#6750);
#2001=VERTEX_POINT('',#6754);
#2002=VERTEX_POINT('',#6756);
#2003=VERTEX_POINT('',#6764);
#2004=VERTEX_POINT('',#6765);
#2005=VERTEX_POINT('',#6767);
#2006=VERTEX_POINT('',#6769);
#2007=VERTEX_POINT('',#6773);
#2008=VERTEX_POINT('',#6775);
#2009=VERTEX_POINT('',#6779);
#2010=VERTEX_POINT('',#6781);
#2011=VERTEX_POINT('',#6789);
#2012=VERTEX_POINT('',#6790);
#2013=VERTEX_POINT('',#6792);
#2014=VERTEX_POINT('',#6794);
#2015=VERTEX_POINT('',#6798);
#2016=VERTEX_POINT('',#6800);
#2017=VERTEX_POINT('',#6804);
#2018=VERTEX_POINT('',#6806);
#2019=VERTEX_POINT('',#6814);
#2020=VERTEX_POINT('',#6815);
#2021=VERTEX_POINT('',#6817);
#2022=VERTEX_POINT('',#6819);
#2023=VERTEX_POINT('',#6823);
#2024=VERTEX_POINT('',#6825);
#2025=VERTEX_POINT('',#6829);
#2026=VERTEX_POINT('',#6831);
#2027=VERTEX_POINT('',#6839);
#2028=VERTEX_POINT('',#6840);
#2029=VERTEX_POINT('',#6842);
#2030=VERTEX_POINT('',#6844);
#2031=VERTEX_POINT('',#6848);
#2032=VERTEX_POINT('',#6850);
#2033=VERTEX_POINT('',#6854);
#2034=VERTEX_POINT('',#6856);
#2035=VERTEX_POINT('',#6860);
#2036=VERTEX_POINT('',#6862);
#2037=VERTEX_POINT('',#6870);
#2038=VERTEX_POINT('',#6871);
#2039=VERTEX_POINT('',#6873);
#2040=VERTEX_POINT('',#6875);
#2041=VERTEX_POINT('',#6879);
#2042=VERTEX_POINT('',#6881);
#2043=VERTEX_POINT('',#6885);
#2044=VERTEX_POINT('',#6887);
#2045=VERTEX_POINT('',#6891);
#2046=VERTEX_POINT('',#6893);
#2047=VERTEX_POINT('',#6901);
#2048=VERTEX_POINT('',#6902);
#2049=VERTEX_POINT('',#6904);
#2050=VERTEX_POINT('',#6906);
#2051=VERTEX_POINT('',#6910);
#2052=VERTEX_POINT('',#6912);
#2053=VERTEX_POINT('',#6916);
#2054=VERTEX_POINT('',#6918);
#2055=VERTEX_POINT('',#6926);
#2056=VERTEX_POINT('',#6927);
#2057=VERTEX_POINT('',#6929);
#2058=VERTEX_POINT('',#6931);
#2059=VERTEX_POINT('',#6935);
#2060=VERTEX_POINT('',#6937);
#2061=VERTEX_POINT('',#6941);
#2062=VERTEX_POINT('',#6943);
#2063=VERTEX_POINT('',#6951);
#2064=VERTEX_POINT('',#6952);
#2065=VERTEX_POINT('',#6954);
#2066=VERTEX_POINT('',#6956);
#2067=VERTEX_POINT('',#6960);
#2068=VERTEX_POINT('',#6962);
#2069=VERTEX_POINT('',#6970);
#2070=VERTEX_POINT('',#6971);
#2071=VERTEX_POINT('',#6973);
#2072=VERTEX_POINT('',#6975);
#2073=VERTEX_POINT('',#6979);
#2074=VERTEX_POINT('',#6981);
#2075=VERTEX_POINT('',#6985);
#2076=VERTEX_POINT('',#6987);
#2077=VERTEX_POINT('',#6989);
#2078=VERTEX_POINT('',#6991);
#2079=VERTEX_POINT('',#6993);
#2080=VERTEX_POINT('',#6995);
#2081=VERTEX_POINT('',#6997);
#2082=VERTEX_POINT('',#6999);
#2083=VERTEX_POINT('',#7001);
#2084=VERTEX_POINT('',#7003);
#2085=VERTEX_POINT('',#7005);
#2086=VERTEX_POINT('',#7007);
#2087=VERTEX_POINT('',#7009);
#2088=VERTEX_POINT('',#7011);
#2089=VERTEX_POINT('',#7013);
#2090=VERTEX_POINT('',#7015);
#2091=VERTEX_POINT('',#7017);
#2092=VERTEX_POINT('',#7019);
#2093=VERTEX_POINT('',#7021);
#2094=VERTEX_POINT('',#7023);
#2095=VERTEX_POINT('',#7027);
#2096=VERTEX_POINT('',#7028);
#2097=VERTEX_POINT('',#7030);
#2098=VERTEX_POINT('',#7032);
#2099=VERTEX_POINT('',#7036);
#2100=VERTEX_POINT('',#7038);
#2101=VERTEX_POINT('',#7042);
#2102=VERTEX_POINT('',#7044);
#2103=VERTEX_POINT('',#7046);
#2104=VERTEX_POINT('',#7048);
#2105=VERTEX_POINT('',#7050);
#2106=VERTEX_POINT('',#7052);
#2107=VERTEX_POINT('',#7054);
#2108=VERTEX_POINT('',#7056);
#2109=VERTEX_POINT('',#7058);
#2110=VERTEX_POINT('',#7061);
#2111=VERTEX_POINT('',#7064);
#2112=VERTEX_POINT('',#7067);
#2113=VERTEX_POINT('',#7071);
#2114=VERTEX_POINT('',#7072);
#2115=VERTEX_POINT('',#7077);
#2116=VERTEX_POINT('',#7081);
#2117=VERTEX_POINT('',#7083);
#2118=VERTEX_POINT('',#7087);
#2119=VERTEX_POINT('',#7091);
#2120=VERTEX_POINT('',#7097);
#2121=VERTEX_POINT('',#7101);
#2122=VERTEX_POINT('',#7102);
#2123=VERTEX_POINT('',#7104);
#2124=VERTEX_POINT('',#7106);
#2125=VERTEX_POINT('',#7110);
#2126=VERTEX_POINT('',#7115);
#2127=VERTEX_POINT('',#7117);
#2128=VERTEX_POINT('',#7119);
#2129=VERTEX_POINT('',#7121);
#2130=VERTEX_POINT('',#7123);
#2131=VERTEX_POINT('',#7125);
#2132=VERTEX_POINT('',#7127);
#2133=VERTEX_POINT('',#7129);
#2134=VERTEX_POINT('',#7131);
#2135=VERTEX_POINT('',#7133);
#2136=VERTEX_POINT('',#7138);
#2137=VERTEX_POINT('',#7140);
#2138=VERTEX_POINT('',#7142);
#2139=VERTEX_POINT('',#7144);
#2140=VERTEX_POINT('',#7146);
#2141=VERTEX_POINT('',#7148);
#2142=VERTEX_POINT('',#7150);
#2143=VERTEX_POINT('',#7152);
#2144=VERTEX_POINT('',#7154);
#2145=VERTEX_POINT('',#7158);
#2146=VERTEX_POINT('',#7159);
#2147=VERTEX_POINT('',#7161);
#2148=VERTEX_POINT('',#7163);
#2149=VERTEX_POINT('',#7167);
#2150=VERTEX_POINT('',#7169);
#2151=VERTEX_POINT('',#7171);
#2152=VERTEX_POINT('',#7175);
#2153=VERTEX_POINT('',#7177);
#2154=VERTEX_POINT('',#7179);
#2155=VERTEX_POINT('',#7181);
#2156=VERTEX_POINT('',#7183);
#2157=VERTEX_POINT('',#7185);
#2158=VERTEX_POINT('',#7187);
#2159=VERTEX_POINT('',#7189);
#2160=VERTEX_POINT('',#7191);
#2161=VERTEX_POINT('',#7193);
#2162=VERTEX_POINT('',#7195);
#2163=VERTEX_POINT('',#7197);
#2164=VERTEX_POINT('',#7202);
#2165=VERTEX_POINT('',#7204);
#2166=VERTEX_POINT('',#7206);
#2167=VERTEX_POINT('',#7208);
#2168=VERTEX_POINT('',#7210);
#2169=VERTEX_POINT('',#7212);
#2170=VERTEX_POINT('',#7214);
#2171=VERTEX_POINT('',#7218);
#2172=VERTEX_POINT('',#7220);
#2173=VERTEX_POINT('',#7224);
#2174=VERTEX_POINT('',#7225);
#2175=VERTEX_POINT('',#7230);
#2176=VERTEX_POINT('',#7231);
#2177=VERTEX_POINT('',#7236);
#2178=VERTEX_POINT('',#7241);
#2179=VERTEX_POINT('',#7249);
#2180=VERTEX_POINT('',#7251);
#2181=VERTEX_POINT('',#7255);
#2182=VERTEX_POINT('',#7257);
#2183=VERTEX_POINT('',#7261);
#2184=VERTEX_POINT('',#7262);
#2185=VERTEX_POINT('',#7268);
#2186=VERTEX_POINT('',#7272);
#2187=VERTEX_POINT('',#7276);
#2188=VERTEX_POINT('',#7285);
#2189=VERTEX_POINT('',#7296);
#2190=VERTEX_POINT('',#7297);
#2191=VERTEX_POINT('',#7302);
#2192=VERTEX_POINT('',#7303);
#2193=VERTEX_POINT('',#7308);
#2194=VERTEX_POINT('',#7309);
#2195=VERTEX_POINT('',#7314);
#2196=VERTEX_POINT('',#7316);
#2197=VERTEX_POINT('',#7320);
#2198=VERTEX_POINT('',#7327);
#2199=VERTEX_POINT('',#7354);
#2200=VERTEX_POINT('',#7356);
#2201=VERTEX_POINT('',#7365);
#2202=VERTEX_POINT('',#7392);
#2203=VERTEX_POINT('',#7441);
#2204=VERTEX_POINT('',#7449);
#2205=VERTEX_POINT('',#7453);
#2206=VERTEX_POINT('',#7461);
#2207=VERTEX_POINT('',#7467);
#2208=VERTEX_POINT('',#7469);
#2209=VERTEX_POINT('',#7474);
#2210=VERTEX_POINT('',#7485);
#2211=VERTEX_POINT('',#7487);
#2212=VERTEX_POINT('',#7494);
#2213=VERTEX_POINT('',#7498);
#2214=VERTEX_POINT('',#7504);
#2215=VERTEX_POINT('',#7515);
#2216=VERTEX_POINT('',#7517);
#2217=VERTEX_POINT('',#7519);
#2218=VERTEX_POINT('',#7521);
#2219=EDGE_CURVE('',#1809,#1810,#731,.T.);
#2220=EDGE_CURVE('',#1810,#1811,#732,.T.);
#2221=EDGE_CURVE('',#1811,#1812,#733,.T.);
#2222=EDGE_CURVE('',#1812,#1809,#734,.T.);
#2223=EDGE_CURVE('',#1809,#1813,#99,.T.);
#2224=EDGE_CURVE('',#1813,#1814,#735,.T.);
#2225=EDGE_CURVE('',#1814,#1810,#100,.T.);
#2226=EDGE_CURVE('',#1813,#1815,#736,.T.);
#2227=EDGE_CURVE('',#1815,#1816,#737,.T.);
#2228=EDGE_CURVE('',#1816,#1814,#738,.T.);
#2229=EDGE_CURVE('',#1817,#1818,#739,.T.);
#2230=EDGE_CURVE('',#1818,#1816,#101,.T.);
#2231=EDGE_CURVE('',#1815,#1817,#102,.T.);
#2232=EDGE_CURVE('',#1817,#1819,#740,.T.);
#2233=EDGE_CURVE('',#1819,#1820,#741,.T.);
#2234=EDGE_CURVE('',#1820,#1818,#742,.T.);
#2235=EDGE_CURVE('',#1821,#1822,#743,.T.);
#2236=EDGE_CURVE('',#1822,#1823,#744,.T.);
#2237=EDGE_CURVE('',#1823,#1824,#745,.T.);
#2238=EDGE_CURVE('',#1824,#1821,#746,.T.);
#2239=EDGE_CURVE('',#1825,#1826,#747,.T.);
#2240=EDGE_CURVE('',#1826,#1822,#103,.T.);
#2241=EDGE_CURVE('',#1821,#1825,#104,.T.);
#2242=EDGE_CURVE('',#1827,#1828,#748,.T.);
#2243=EDGE_CURVE('',#1828,#1826,#749,.T.);
#2244=EDGE_CURVE('',#1825,#1827,#750,.T.);
#2245=EDGE_CURVE('',#1827,#1812,#105,.T.);
#2246=EDGE_CURVE('',#1811,#1828,#106,.T.);
#2247=EDGE_CURVE('',#1829,#1819,#751,.T.);
#2248=EDGE_CURVE('',#1819,#1830,#752,.T.);
#2249=EDGE_CURVE('',#1830,#1831,#753,.T.);
#2250=EDGE_CURVE('',#1831,#1829,#754,.T.);
#2251=EDGE_CURVE('',#1830,#1832,#107,.T.);
#2252=EDGE_CURVE('',#1832,#1833,#755,.T.);
#2253=EDGE_CURVE('',#1833,#1831,#108,.T.);
#2254=EDGE_CURVE('',#1834,#1835,#756,.T.);
#2255=EDGE_CURVE('',#1835,#1833,#757,.T.);
#2256=EDGE_CURVE('',#1832,#1834,#758,.T.);
#2257=EDGE_CURVE('',#1834,#1836,#109,.T.);
#2258=EDGE_CURVE('',#1836,#1837,#759,.T.);
#2259=EDGE_CURVE('',#1837,#1835,#110,.T.);
#2260=EDGE_CURVE('',#1824,#1838,#760,.T.);
#2261=EDGE_CURVE('',#1838,#1837,#761,.T.);
#2262=EDGE_CURVE('',#1836,#1824,#762,.T.);
#2263=EDGE_CURVE('',#1829,#1820,#111,.T.);
#2264=EDGE_CURVE('',#1823,#1838,#112,.T.);
#2265=EDGE_CURVE('',#1809,#1832,#763,.T.);
#2266=EDGE_CURVE('',#1830,#1813,#764,.T.);
#2267=EDGE_CURVE('',#1834,#1812,#765,.T.);
#2268=EDGE_CURVE('',#1827,#1836,#766,.T.);
#2269=EDGE_CURVE('',#1839,#1816,#767,.T.);
#2270=EDGE_CURVE('',#1840,#1839,#768,.T.);
#2271=EDGE_CURVE('',#1841,#1840,#769,.T.);
#2272=EDGE_CURVE('',#1842,#1841,#770,.T.);
#2273=EDGE_CURVE('',#1826,#1842,#771,.T.);
#2274=EDGE_CURVE('',#1818,#1843,#772,.T.);
#2275=EDGE_CURVE('',#1843,#1839,#113,.F.);
#2276=EDGE_CURVE('',#1844,#1820,#773,.T.);
#2277=EDGE_CURVE('',#1843,#1844,#774,.T.);
#2278=EDGE_CURVE('',#1829,#1845,#775,.T.);
#2279=EDGE_CURVE('',#1845,#1844,#114,.F.);
#2280=EDGE_CURVE('',#1846,#1847,#115,.T.);
#2281=EDGE_CURVE('',#1847,#1848,#776,.T.);
#2282=EDGE_CURVE('',#1848,#1849,#116,.T.);
#2283=EDGE_CURVE('',#1849,#1846,#777,.T.);
#2284=EDGE_CURVE('',#1846,#1850,#778,.T.);
#2285=EDGE_CURVE('',#1850,#1851,#117,.T.);
#2286=EDGE_CURVE('',#1851,#1852,#779,.T.);
#2287=EDGE_CURVE('',#1853,#1852,#118,.T.);
#2288=EDGE_CURVE('',#1853,#1854,#780,.F.);
#2289=EDGE_CURVE('',#1854,#1855,#781,.T.);
#2290=EDGE_CURVE('',#1856,#1855,#119,.F.);
#2291=EDGE_CURVE('',#1856,#1857,#782,.T.);
#2292=EDGE_CURVE('',#1842,#1857,#120,.F.);
#2293=EDGE_CURVE('',#1858,#1841,#121,.T.);
#2294=EDGE_CURVE('',#1858,#1847,#783,.T.);
#2295=EDGE_CURVE('',#1859,#1859,#122,.T.);
#2296=EDGE_CURVE('',#1860,#1849,#784,.T.);
#2297=EDGE_CURVE('',#1861,#1860,#785,.T.);
#2298=EDGE_CURVE('',#1861,#1862,#786,.T.);
#2299=EDGE_CURVE('',#1863,#1862,#787,.T.);
#2300=EDGE_CURVE('',#1863,#1864,#788,.T.);
#2301=EDGE_CURVE('',#1865,#1864,#789,.T.);
#2302=EDGE_CURVE('',#1865,#1866,#790,.T.);
#2303=EDGE_CURVE('',#1867,#1866,#791,.T.);
#2304=EDGE_CURVE('',#1867,#1868,#792,.T.);
#2305=EDGE_CURVE('',#1868,#1850,#793,.T.);
#2306=EDGE_CURVE('',#1857,#1822,#794,.T.);
#2307=EDGE_CURVE('',#1852,#1869,#795,.T.);
#2308=EDGE_CURVE('',#1869,#1870,#123,.T.);
#2309=EDGE_CURVE('',#1870,#1853,#796,.T.);
#2310=EDGE_CURVE('',#1870,#1871,#797,.T.);
#2311=EDGE_CURVE('',#1871,#1854,#798,.T.);
#2312=EDGE_CURVE('',#1872,#1869,#799,.T.);
#2313=EDGE_CURVE('',#1868,#1872,#124,.T.);
#2314=EDGE_CURVE('',#1873,#1867,#125,.T.);
#2315=EDGE_CURVE('',#1874,#1873,#800,.T.);
#2316=EDGE_CURVE('',#1871,#1874,#801,.T.);
#2317=EDGE_CURVE('',#1823,#1856,#802,.T.);
#2318=EDGE_CURVE('',#1855,#1838,#803,.T.);
#2319=EDGE_CURVE('',#1874,#1875,#804,.T.);
#2320=EDGE_CURVE('',#1875,#1876,#805,.T.);
#2321=EDGE_CURVE('',#1876,#1877,#806,.T.);
#2322=EDGE_CURVE('',#1877,#1878,#807,.T.);
#2323=EDGE_CURVE('',#1878,#1879,#808,.T.);
#2324=EDGE_CURVE('',#1879,#1880,#809,.T.);
#2325=EDGE_CURVE('',#1880,#1881,#810,.T.);
#2326=EDGE_CURVE('',#1845,#1881,#811,.T.);
#2327=EDGE_CURVE('',#1840,#1882,#126,.T.);
#2328=EDGE_CURVE('',#1882,#1858,#812,.T.);
#2329=EDGE_CURVE('',#1848,#1882,#813,.T.);
#2330=EDGE_CURVE('',#1883,#1866,#127,.T.);
#2331=EDGE_CURVE('',#1883,#1873,#814,.T.);
#2332=EDGE_CURVE('',#1875,#1883,#815,.T.);
#2333=EDGE_CURVE('',#1884,#1865,#128,.T.);
#2334=EDGE_CURVE('',#1876,#1884,#816,.T.);
#2335=EDGE_CURVE('',#1885,#1864,#129,.T.);
#2336=EDGE_CURVE('',#1885,#1884,#817,.T.);
#2337=EDGE_CURVE('',#1877,#1885,#818,.T.);
#2338=EDGE_CURVE('',#1886,#1863,#130,.T.);
#2339=EDGE_CURVE('',#1878,#1886,#819,.T.);
#2340=EDGE_CURVE('',#1887,#1862,#131,.T.);
#2341=EDGE_CURVE('',#1887,#1886,#820,.T.);
#2342=EDGE_CURVE('',#1879,#1887,#821,.T.);
#2343=EDGE_CURVE('',#1888,#1861,#132,.T.);
#2344=EDGE_CURVE('',#1880,#1888,#822,.T.);
#2345=EDGE_CURVE('',#1889,#1860,#133,.T.);
#2346=EDGE_CURVE('',#1889,#1888,#823,.T.);
#2347=EDGE_CURVE('',#1881,#1889,#824,.T.);
#2348=EDGE_CURVE('',#1872,#1851,#825,.T.);
#2349=EDGE_CURVE('',#1890,#1890,#134,.T.);
#2350=EDGE_CURVE('',#1890,#1891,#826,.T.);
#2351=EDGE_CURVE('',#1891,#1891,#135,.T.);
#2352=EDGE_CURVE('',#1859,#1892,#827,.T.);
#2353=EDGE_CURVE('',#1892,#1892,#136,.T.);
#2354=EDGE_CURVE('',#1893,#1894,#828,.T.);
#2355=EDGE_CURVE('',#1894,#1895,#829,.T.);
#2356=EDGE_CURVE('',#1896,#1895,#830,.T.);
#2357=EDGE_CURVE('',#1893,#1896,#831,.T.);
#2358=EDGE_CURVE('',#1894,#1897,#832,.T.);
#2359=EDGE_CURVE('',#1897,#1898,#833,.T.);
#2360=EDGE_CURVE('',#1895,#1898,#834,.T.);
#2361=EDGE_CURVE('',#1898,#1896,#835,.T.);
#2362=EDGE_CURVE('',#1897,#1893,#836,.T.);
#2363=EDGE_CURVE('',#1899,#1900,#837,.T.);
#2364=EDGE_CURVE('',#1900,#1901,#838,.T.);
#2365=EDGE_CURVE('',#1902,#1901,#839,.T.);
#2366=EDGE_CURVE('',#1899,#1902,#840,.T.);
#2367=EDGE_CURVE('',#1900,#1903,#841,.T.);
#2368=EDGE_CURVE('',#1903,#1904,#842,.T.);
#2369=EDGE_CURVE('',#1901,#1904,#843,.T.);
#2370=EDGE_CURVE('',#1903,#1905,#844,.T.);
#2371=EDGE_CURVE('',#1905,#1906,#845,.T.);
#2372=EDGE_CURVE('',#1904,#1906,#846,.T.);
#2373=EDGE_CURVE('',#1906,#1902,#847,.T.);
#2374=EDGE_CURVE('',#1905,#1899,#848,.T.);
#2375=EDGE_CURVE('',#1907,#1908,#849,.T.);
#2376=EDGE_CURVE('',#1908,#1909,#850,.T.);
#2377=EDGE_CURVE('',#1910,#1909,#851,.T.);
#2378=EDGE_CURVE('',#1907,#1910,#852,.T.);
#2379=EDGE_CURVE('',#1908,#1911,#853,.T.);
#2380=EDGE_CURVE('',#1911,#1912,#854,.T.);
#2381=EDGE_CURVE('',#1909,#1912,#855,.T.);
#2382=EDGE_CURVE('',#1911,#1913,#856,.T.);
#2383=EDGE_CURVE('',#1913,#1914,#857,.T.);
#2384=EDGE_CURVE('',#1912,#1914,#858,.T.);
#2385=EDGE_CURVE('',#1914,#1910,#859,.T.);
#2386=EDGE_CURVE('',#1913,#1907,#860,.T.);
#2387=EDGE_CURVE('',#1915,#1916,#861,.T.);
#2388=EDGE_CURVE('',#1916,#1917,#862,.T.);
#2389=EDGE_CURVE('',#1918,#1917,#863,.T.);
#2390=EDGE_CURVE('',#1915,#1918,#864,.T.);
#2391=EDGE_CURVE('',#1916,#1919,#865,.T.);
#2392=EDGE_CURVE('',#1919,#1920,#866,.T.);
#2393=EDGE_CURVE('',#1917,#1920,#867,.T.);
#2394=EDGE_CURVE('',#1919,#1921,#868,.T.);
#2395=EDGE_CURVE('',#1921,#1922,#869,.T.);
#2396=EDGE_CURVE('',#1920,#1922,#870,.T.);
#2397=EDGE_CURVE('',#1922,#1918,#871,.T.);
#2398=EDGE_CURVE('',#1921,#1915,#872,.T.);
#2399=EDGE_CURVE('',#1923,#1924,#873,.T.);
#2400=EDGE_CURVE('',#1924,#1925,#874,.T.);
#2401=EDGE_CURVE('',#1926,#1925,#875,.T.);
#2402=EDGE_CURVE('',#1923,#1926,#876,.T.);
#2403=EDGE_CURVE('',#1924,#1927,#877,.T.);
#2404=EDGE_CURVE('',#1927,#1928,#878,.T.);
#2405=EDGE_CURVE('',#1925,#1928,#879,.T.);
#2406=EDGE_CURVE('',#1927,#1929,#880,.T.);
#2407=EDGE_CURVE('',#1929,#1930,#881,.T.);
#2408=EDGE_CURVE('',#1928,#1930,#882,.T.);
#2409=EDGE_CURVE('',#1930,#1926,#883,.T.);
#2410=EDGE_CURVE('',#1929,#1923,#884,.T.);
#2411=EDGE_CURVE('',#1931,#1932,#885,.T.);
#2412=EDGE_CURVE('',#1932,#1933,#886,.T.);
#2413=EDGE_CURVE('',#1934,#1933,#887,.T.);
#2414=EDGE_CURVE('',#1931,#1934,#888,.T.);
#2415=EDGE_CURVE('',#1932,#1935,#889,.T.);
#2416=EDGE_CURVE('',#1935,#1936,#890,.T.);
#2417=EDGE_CURVE('',#1933,#1936,#891,.T.);
#2418=EDGE_CURVE('',#1935,#1937,#892,.T.);
#2419=EDGE_CURVE('',#1937,#1938,#893,.T.);
#2420=EDGE_CURVE('',#1936,#1938,#894,.T.);
#2421=EDGE_CURVE('',#1938,#1934,#895,.T.);
#2422=EDGE_CURVE('',#1937,#1931,#896,.T.);
#2423=EDGE_CURVE('',#1939,#1940,#897,.T.);
#2424=EDGE_CURVE('',#1940,#1941,#898,.T.);
#2425=EDGE_CURVE('',#1942,#1941,#899,.T.);
#2426=EDGE_CURVE('',#1939,#1942,#900,.T.);
#2427=EDGE_CURVE('',#1940,#1943,#901,.T.);
#2428=EDGE_CURVE('',#1943,#1944,#902,.T.);
#2429=EDGE_CURVE('',#1941,#1944,#903,.T.);
#2430=EDGE_CURVE('',#1943,#1945,#904,.T.);
#2431=EDGE_CURVE('',#1945,#1946,#905,.T.);
#2432=EDGE_CURVE('',#1944,#1946,#906,.T.);
#2433=EDGE_CURVE('',#1946,#1947,#907,.T.);
#2434=EDGE_CURVE('',#1945,#1948,#908,.T.);
#2435=EDGE_CURVE('',#1948,#1947,#909,.T.);
#2436=EDGE_CURVE('',#1947,#1942,#910,.T.);
#2437=EDGE_CURVE('',#1948,#1939,#911,.T.);
#2438=EDGE_CURVE('',#1949,#1950,#912,.T.);
#2439=EDGE_CURVE('',#1950,#1951,#913,.T.);
#2440=EDGE_CURVE('',#1952,#1951,#914,.T.);
#2441=EDGE_CURVE('',#1949,#1952,#915,.T.);
#2442=EDGE_CURVE('',#1950,#1953,#916,.T.);
#2443=EDGE_CURVE('',#1953,#1954,#917,.T.);
#2444=EDGE_CURVE('',#1951,#1954,#918,.T.);
#2445=EDGE_CURVE('',#1953,#1955,#919,.T.);
#2446=EDGE_CURVE('',#1955,#1956,#920,.T.);
#2447=EDGE_CURVE('',#1954,#1956,#921,.T.);
#2448=EDGE_CURVE('',#1956,#1957,#922,.T.);
#2449=EDGE_CURVE('',#1955,#1958,#923,.T.);
#2450=EDGE_CURVE('',#1958,#1957,#924,.T.);
#2451=EDGE_CURVE('',#1957,#1952,#925,.T.);
#2452=EDGE_CURVE('',#1958,#1949,#926,.T.);
#2453=EDGE_CURVE('',#1959,#1960,#927,.T.);
#2454=EDGE_CURVE('',#1960,#1961,#928,.T.);
#2455=EDGE_CURVE('',#1962,#1961,#929,.T.);
#2456=EDGE_CURVE('',#1959,#1962,#930,.T.);
#2457=EDGE_CURVE('',#1960,#1963,#931,.T.);
#2458=EDGE_CURVE('',#1963,#1964,#932,.T.);
#2459=EDGE_CURVE('',#1961,#1964,#933,.T.);
#2460=EDGE_CURVE('',#1963,#1965,#934,.T.);
#2461=EDGE_CURVE('',#1965,#1966,#935,.T.);
#2462=EDGE_CURVE('',#1964,#1966,#936,.T.);
#2463=EDGE_CURVE('',#1966,#1962,#937,.T.);
#2464=EDGE_CURVE('',#1965,#1959,#938,.T.);
#2465=EDGE_CURVE('',#1967,#1968,#939,.T.);
#2466=EDGE_CURVE('',#1968,#1969,#940,.T.);
#2467=EDGE_CURVE('',#1970,#1969,#941,.T.);
#2468=EDGE_CURVE('',#1967,#1970,#942,.T.);
#2469=EDGE_CURVE('',#1968,#1971,#943,.T.);
#2470=EDGE_CURVE('',#1971,#1972,#944,.T.);
#2471=EDGE_CURVE('',#1969,#1972,#945,.T.);
#2472=EDGE_CURVE('',#1971,#1973,#946,.T.);
#2473=EDGE_CURVE('',#1973,#1974,#947,.T.);
#2474=EDGE_CURVE('',#1972,#1974,#948,.T.);
#2475=EDGE_CURVE('',#1974,#1970,#949,.T.);
#2476=EDGE_CURVE('',#1973,#1967,#950,.T.);
#2477=EDGE_CURVE('',#1975,#1976,#951,.T.);
#2478=EDGE_CURVE('',#1976,#1977,#952,.T.);
#2479=EDGE_CURVE('',#1978,#1977,#953,.T.);
#2480=EDGE_CURVE('',#1975,#1978,#954,.T.);
#2481=EDGE_CURVE('',#1976,#1979,#955,.T.);
#2482=EDGE_CURVE('',#1979,#1980,#956,.T.);
#2483=EDGE_CURVE('',#1977,#1980,#957,.T.);
#2484=EDGE_CURVE('',#1980,#1978,#958,.T.);
#2485=EDGE_CURVE('',#1979,#1975,#959,.T.);
#2486=EDGE_CURVE('',#1981,#1982,#960,.T.);
#2487=EDGE_CURVE('',#1982,#1983,#961,.T.);
#2488=EDGE_CURVE('',#1984,#1983,#962,.T.);
#2489=EDGE_CURVE('',#1981,#1984,#963,.T.);
#2490=EDGE_CURVE('',#1983,#1985,#964,.T.);
#2491=EDGE_CURVE('',#1982,#1986,#965,.T.);
#2492=EDGE_CURVE('',#1986,#1985,#966,.T.);
#2493=EDGE_CURVE('',#1985,#1984,#967,.T.);
#2494=EDGE_CURVE('',#1986,#1981,#968,.T.);
#2495=EDGE_CURVE('',#1987,#1988,#969,.T.);
#2496=EDGE_CURVE('',#1988,#1989,#970,.T.);
#2497=EDGE_CURVE('',#1990,#1989,#971,.T.);
#2498=EDGE_CURVE('',#1987,#1990,#972,.T.);
#2499=EDGE_CURVE('',#1989,#1991,#973,.T.);
#2500=EDGE_CURVE('',#1988,#1992,#974,.T.);
#2501=EDGE_CURVE('',#1992,#1991,#975,.T.);
#2502=EDGE_CURVE('',#1991,#1993,#976,.T.);
#2503=EDGE_CURVE('',#1992,#1994,#977,.T.);
#2504=EDGE_CURVE('',#1994,#1993,#978,.T.);
#2505=EDGE_CURVE('',#1993,#1990,#979,.T.);
#2506=EDGE_CURVE('',#1994,#1987,#980,.T.);
#2507=EDGE_CURVE('',#1995,#1996,#981,.T.);
#2508=EDGE_CURVE('',#1996,#1997,#982,.T.);
#2509=EDGE_CURVE('',#1998,#1997,#983,.T.);
#2510=EDGE_CURVE('',#1995,#1998,#984,.T.);
#2511=EDGE_CURVE('',#1997,#1999,#985,.T.);
#2512=EDGE_CURVE('',#1996,#2000,#986,.T.);
#2513=EDGE_CURVE('',#2000,#1999,#987,.T.);
#2514=EDGE_CURVE('',#1999,#2001,#988,.T.);
#2515=EDGE_CURVE('',#2000,#2002,#989,.T.);
#2516=EDGE_CURVE('',#2002,#2001,#990,.T.);
#2517=EDGE_CURVE('',#2001,#1998,#991,.T.);
#2518=EDGE_CURVE('',#2002,#1995,#992,.T.);
#2519=EDGE_CURVE('',#2003,#2004,#993,.T.);
#2520=EDGE_CURVE('',#2004,#2005,#994,.T.);
#2521=EDGE_CURVE('',#2006,#2005,#995,.T.);
#2522=EDGE_CURVE('',#2003,#2006,#996,.T.);
#2523=EDGE_CURVE('',#2005,#2007,#997,.T.);
#2524=EDGE_CURVE('',#2004,#2008,#998,.T.);
#2525=EDGE_CURVE('',#2008,#2007,#999,.T.);
#2526=EDGE_CURVE('',#2007,#2009,#1000,.T.);
#2527=EDGE_CURVE('',#2008,#2010,#1001,.T.);
#2528=EDGE_CURVE('',#2010,#2009,#1002,.T.);
#2529=EDGE_CURVE('',#2009,#2006,#1003,.T.);
#2530=EDGE_CURVE('',#2010,#2003,#1004,.T.);
#2531=EDGE_CURVE('',#2011,#2012,#1005,.T.);
#2532=EDGE_CURVE('',#2012,#2013,#1006,.T.);
#2533=EDGE_CURVE('',#2014,#2013,#1007,.T.);
#2534=EDGE_CURVE('',#2011,#2014,#1008,.T.);
#2535=EDGE_CURVE('',#2013,#2015,#1009,.T.);
#2536=EDGE_CURVE('',#2012,#2016,#1010,.T.);
#2537=EDGE_CURVE('',#2016,#2015,#1011,.T.);
#2538=EDGE_CURVE('',#2015,#2017,#1012,.T.);
#2539=EDGE_CURVE('',#2016,#2018,#1013,.T.);
#2540=EDGE_CURVE('',#2018,#2017,#1014,.T.);
#2541=EDGE_CURVE('',#2017,#2014,#1015,.T.);
#2542=EDGE_CURVE('',#2018,#2011,#1016,.T.);
#2543=EDGE_CURVE('',#2019,#2020,#1017,.T.);
#2544=EDGE_CURVE('',#2020,#2021,#1018,.T.);
#2545=EDGE_CURVE('',#2022,#2021,#1019,.T.);
#2546=EDGE_CURVE('',#2019,#2022,#1020,.T.);
#2547=EDGE_CURVE('',#2021,#2023,#1021,.T.);
#2548=EDGE_CURVE('',#2020,#2024,#1022,.T.);
#2549=EDGE_CURVE('',#2024,#2023,#1023,.T.);
#2550=EDGE_CURVE('',#2023,#2025,#1024,.T.);
#2551=EDGE_CURVE('',#2024,#2026,#1025,.T.);
#2552=EDGE_CURVE('',#2026,#2025,#1026,.T.);
#2553=EDGE_CURVE('',#2025,#2022,#1027,.T.);
#2554=EDGE_CURVE('',#2026,#2019,#1028,.T.);
#2555=EDGE_CURVE('',#2027,#2028,#1029,.T.);
#2556=EDGE_CURVE('',#2028,#2029,#1030,.T.);
#2557=EDGE_CURVE('',#2030,#2029,#1031,.T.);
#2558=EDGE_CURVE('',#2027,#2030,#1032,.T.);
#2559=EDGE_CURVE('',#2028,#2031,#1033,.T.);
#2560=EDGE_CURVE('',#2031,#2032,#1034,.T.);
#2561=EDGE_CURVE('',#2029,#2032,#1035,.T.);
#2562=EDGE_CURVE('',#2032,#2033,#1036,.T.);
#2563=EDGE_CURVE('',#2031,#2034,#1037,.T.);
#2564=EDGE_CURVE('',#2034,#2033,#1038,.T.);
#2565=EDGE_CURVE('',#2033,#2035,#1039,.T.);
#2566=EDGE_CURVE('',#2034,#2036,#1040,.T.);
#2567=EDGE_CURVE('',#2036,#2035,#1041,.T.);
#2568=EDGE_CURVE('',#2035,#2030,#1042,.T.);
#2569=EDGE_CURVE('',#2036,#2027,#1043,.T.);
#2570=EDGE_CURVE('',#2037,#2038,#1044,.T.);
#2571=EDGE_CURVE('',#2038,#2039,#1045,.T.);
#2572=EDGE_CURVE('',#2040,#2039,#1046,.T.);
#2573=EDGE_CURVE('',#2037,#2040,#1047,.T.);
#2574=EDGE_CURVE('',#2038,#2041,#1048,.T.);
#2575=EDGE_CURVE('',#2041,#2042,#1049,.T.);
#2576=EDGE_CURVE('',#2039,#2042,#1050,.T.);
#2577=EDGE_CURVE('',#2042,#2043,#1051,.T.);
#2578=EDGE_CURVE('',#2041,#2044,#1052,.T.);
#2579=EDGE_CURVE('',#2044,#2043,#1053,.T.);
#2580=EDGE_CURVE('',#2043,#2045,#1054,.T.);
#2581=EDGE_CURVE('',#2044,#2046,#1055,.T.);
#2582=EDGE_CURVE('',#2046,#2045,#1056,.T.);
#2583=EDGE_CURVE('',#2045,#2040,#1057,.T.);
#2584=EDGE_CURVE('',#2046,#2037,#1058,.T.);
#2585=EDGE_CURVE('',#2047,#2048,#1059,.T.);
#2586=EDGE_CURVE('',#2048,#2049,#1060,.T.);
#2587=EDGE_CURVE('',#2050,#2049,#1061,.T.);
#2588=EDGE_CURVE('',#2047,#2050,#1062,.T.);
#2589=EDGE_CURVE('',#2049,#2051,#1063,.T.);
#2590=EDGE_CURVE('',#2048,#2052,#1064,.T.);
#2591=EDGE_CURVE('',#2052,#2051,#1065,.T.);
#2592=EDGE_CURVE('',#2051,#2053,#1066,.T.);
#2593=EDGE_CURVE('',#2052,#2054,#1067,.T.);
#2594=EDGE_CURVE('',#2054,#2053,#1068,.T.);
#2595=EDGE_CURVE('',#2053,#2050,#1069,.T.);
#2596=EDGE_CURVE('',#2054,#2047,#1070,.T.);
#2597=EDGE_CURVE('',#2055,#2056,#1071,.T.);
#2598=EDGE_CURVE('',#2056,#2057,#1072,.T.);
#2599=EDGE_CURVE('',#2058,#2057,#1073,.T.);
#2600=EDGE_CURVE('',#2055,#2058,#1074,.T.);
#2601=EDGE_CURVE('',#2057,#2059,#1075,.T.);
#2602=EDGE_CURVE('',#2056,#2060,#1076,.T.);
#2603=EDGE_CURVE('',#2060,#2059,#1077,.T.);
#2604=EDGE_CURVE('',#2059,#2061,#1078,.T.);
#2605=EDGE_CURVE('',#2060,#2062,#1079,.T.);
#2606=EDGE_CURVE('',#2062,#2061,#1080,.T.);
#2607=EDGE_CURVE('',#2061,#2058,#1081,.T.);
#2608=EDGE_CURVE('',#2062,#2055,#1082,.T.);
#2609=EDGE_CURVE('',#2063,#2064,#1083,.T.);
#2610=EDGE_CURVE('',#2064,#2065,#1084,.T.);
#2611=EDGE_CURVE('',#2066,#2065,#1085,.T.);
#2612=EDGE_CURVE('',#2063,#2066,#1086,.T.);
#2613=EDGE_CURVE('',#2065,#2067,#1087,.T.);
#2614=EDGE_CURVE('',#2064,#2068,#1088,.T.);
#2615=EDGE_CURVE('',#2068,#2067,#1089,.T.);
#2616=EDGE_CURVE('',#2067,#2066,#1090,.T.);
#2617=EDGE_CURVE('',#2068,#2063,#1091,.T.);
#2618=EDGE_CURVE('',#2069,#2070,#137,.T.);
#2619=EDGE_CURVE('',#2070,#2071,#1092,.T.);
#2620=EDGE_CURVE('',#2071,#2072,#138,.F.);
#2621=EDGE_CURVE('',#2072,#2069,#1093,.T.);
#2622=EDGE_CURVE('',#2073,#2070,#1094,.F.);
#2623=EDGE_CURVE('',#2074,#2073,#1095,.T.);
#2624=EDGE_CURVE('',#2074,#2071,#1096,.T.);
#2625=EDGE_CURVE('',#2069,#2075,#1097,.T.);
#2626=EDGE_CURVE('',#2076,#2075,#139,.F.);
#2627=EDGE_CURVE('',#2076,#2077,#1098,.T.);
#2628=EDGE_CURVE('',#2077,#2078,#1099,.T.);
#2629=EDGE_CURVE('',#2078,#2079,#1100,.T.);
#2630=EDGE_CURVE('',#2079,#2080,#1101,.F.);
#2631=EDGE_CURVE('',#2080,#2081,#140,.F.);
#2632=EDGE_CURVE('',#2081,#2082,#1102,.F.);
#2633=EDGE_CURVE('',#2083,#2082,#1103,.T.);
#2634=EDGE_CURVE('',#2083,#2084,#1104,.F.);
#2635=EDGE_CURVE('',#2084,#2085,#141,.F.);
#2636=EDGE_CURVE('',#2085,#2086,#1105,.F.);
#2637=EDGE_CURVE('',#2087,#2086,#1106,.T.);
#2638=EDGE_CURVE('',#2087,#2088,#1107,.T.);
#2639=EDGE_CURVE('',#2088,#2089,#1108,.T.);
#2640=EDGE_CURVE('',#2090,#2089,#142,.F.);
#2641=EDGE_CURVE('',#2091,#2090,#1109,.T.);
#2642=EDGE_CURVE('',#2091,#2092,#143,.F.);
#2643=EDGE_CURVE('',#2093,#2092,#144,.F.);
#2644=EDGE_CURVE('',#2093,#2094,#1110,.F.);
#2645=EDGE_CURVE('',#2073,#2094,#145,.F.);
#2646=EDGE_CURVE('',#2095,#2096,#146,.T.);
#2647=EDGE_CURVE('',#2096,#2097,#1111,.T.);
#2648=EDGE_CURVE('',#2097,#2098,#147,.F.);
#2649=EDGE_CURVE('',#2098,#2095,#1112,.T.);
#2650=EDGE_CURVE('',#2098,#2099,#1113,.T.);
#2651=EDGE_CURVE('',#2100,#2099,#1114,.T.);
#2652=EDGE_CURVE('',#2095,#2100,#1115,.F.);
#2653=EDGE_CURVE('',#2101,#2097,#1116,.F.);
#2654=EDGE_CURVE('',#2102,#2101,#1117,.F.);
#2655=EDGE_CURVE('',#2103,#2102,#1118,.T.);
#2656=EDGE_CURVE('',#2104,#2103,#1119,.T.);
#2657=EDGE_CURVE('',#2105,#2104,#148,.F.);
#2658=EDGE_CURVE('',#2106,#2105,#1120,.T.);
#2659=EDGE_CURVE('',#2107,#2106,#149,.T.);
#2660=EDGE_CURVE('',#2107,#2108,#150,.T.);
#2661=EDGE_CURVE('',#2109,#2108,#1121,.T.);
#2662=EDGE_CURVE('',#2109,#2099,#151,.T.);
#2663=EDGE_CURVE('',#2110,#2110,#152,.T.);
#2664=EDGE_CURVE('',#2072,#2111,#1122,.F.);
#2665=EDGE_CURVE('',#2111,#2101,#1123,.T.);
#2666=EDGE_CURVE('',#2112,#2096,#1124,.T.);
#2667=EDGE_CURVE('',#2075,#2112,#1125,.T.);
#2668=EDGE_CURVE('',#2113,#2114,#153,.T.);
#2669=EDGE_CURVE('',#2113,#2093,#1126,.T.);
#2670=EDGE_CURVE('',#2092,#2114,#1127,.T.);
#2671=EDGE_CURVE('',#2115,#2091,#1128,.T.);
#2672=EDGE_CURVE('',#2115,#2114,#154,.T.);
#2673=EDGE_CURVE('',#2107,#2116,#1129,.T.);
#2674=EDGE_CURVE('',#2116,#2117,#155,.F.);
#2675=EDGE_CURVE('',#2117,#2108,#1130,.T.);
#2676=EDGE_CURVE('',#2118,#2106,#1131,.F.);
#2677=EDGE_CURVE('',#2116,#2118,#156,.F.);
#2678=EDGE_CURVE('',#2074,#2119,#157,.T.);
#2679=EDGE_CURVE('',#2094,#2119,#1132,.T.);
#2680=EDGE_CURVE('',#2113,#2119,#1133,.T.);
#2681=EDGE_CURVE('',#2109,#2120,#1134,.T.);
#2682=EDGE_CURVE('',#2120,#2100,#158,.F.);
#2683=EDGE_CURVE('',#2121,#2122,#1135,.T.);
#2684=EDGE_CURVE('',#2122,#2123,#1136,.T.);
#2685=EDGE_CURVE('',#2123,#2124,#1137,.T.);
#2686=EDGE_CURVE('',#2124,#2121,#1138,.T.);
#2687=EDGE_CURVE('',#2125,#2121,#1139,.T.);
#2688=EDGE_CURVE('',#2125,#2084,#1140,.T.);
#2689=EDGE_CURVE('',#2122,#2083,#1141,.T.);
#2690=EDGE_CURVE('',#2124,#2126,#1142,.T.);
#2691=EDGE_CURVE('',#2126,#2127,#159,.T.);
#2692=EDGE_CURVE('',#2127,#2128,#1143,.T.);
#2693=EDGE_CURVE('',#2128,#2129,#1144,.T.);
#2694=EDGE_CURVE('',#2130,#2129,#1145,.T.);
#2695=EDGE_CURVE('',#2131,#2130,#160,.T.);
#2696=EDGE_CURVE('',#2132,#2131,#1146,.T.);
#2697=EDGE_CURVE('',#2133,#2132,#1147,.T.);
#2698=EDGE_CURVE('',#2134,#2133,#1148,.T.);
#2699=EDGE_CURVE('',#2135,#2134,#23,.T.);
#2700=EDGE_CURVE('',#2136,#2135,#1149,.T.);
#2701=EDGE_CURVE('',#2137,#2136,#1150,.T.);
#2702=EDGE_CURVE('',#2138,#2137,#1151,.T.);
#2703=EDGE_CURVE('',#2139,#2138,#1152,.T.);
#2704=EDGE_CURVE('',#2139,#2140,#1153,.T.);
#2705=EDGE_CURVE('',#2140,#2141,#161,.T.);
#2706=EDGE_CURVE('',#2141,#2142,#1154,.T.);
#2707=EDGE_CURVE('',#2142,#2143,#1155,.T.);
#2708=EDGE_CURVE('',#2143,#2144,#1156,.T.);
#2709=EDGE_CURVE('',#2144,#2125,#162,.T.);
#2710=EDGE_CURVE('',#2145,#2146,#1157,.T.);
#2711=EDGE_CURVE('',#2146,#2147,#1158,.T.);
#2712=EDGE_CURVE('',#2147,#2148,#1159,.T.);
#2713=EDGE_CURVE('',#2148,#2145,#1160,.T.);
#2714=EDGE_CURVE('',#2149,#2147,#1161,.T.);
#2715=EDGE_CURVE('',#2150,#2149,#1162,.F.);
#2716=EDGE_CURVE('',#2151,#2150,#1163,.F.);
#2717=EDGE_CURVE('',#2148,#2151,#1164,.T.);
#2718=EDGE_CURVE('',#2146,#2152,#1165,.T.);
#2719=EDGE_CURVE('',#2152,#2153,#163,.T.);
#2720=EDGE_CURVE('',#2153,#2154,#1166,.T.);
#2721=EDGE_CURVE('',#2154,#2155,#1167,.T.);
#2722=EDGE_CURVE('',#2155,#2156,#1168,.T.);
#2723=EDGE_CURVE('',#2156,#2157,#164,.T.);
#2724=EDGE_CURVE('',#2157,#2158,#1169,.T.);
#2725=EDGE_CURVE('',#2159,#2158,#1170,.T.);
#2726=EDGE_CURVE('',#2160,#2159,#1171,.T.);
#2727=EDGE_CURVE('',#2161,#2160,#1172,.T.);
#2728=EDGE_CURVE('',#2162,#2161,#1173,.T.);
#2729=EDGE_CURVE('',#2163,#2162,#24,.T.);
#2730=EDGE_CURVE('',#2164,#2163,#1174,.T.);
#2731=EDGE_CURVE('',#2165,#2164,#1175,.T.);
#2732=EDGE_CURVE('',#2166,#2165,#1176,.T.);
#2733=EDGE_CURVE('',#2167,#2166,#165,.T.);
#2734=EDGE_CURVE('',#2168,#2167,#1177,.T.);
#2735=EDGE_CURVE('',#2168,#2169,#1178,.T.);
#2736=EDGE_CURVE('',#2169,#2170,#1179,.T.);
#2737=EDGE_CURVE('',#2170,#2149,#166,.T.);
#2738=EDGE_CURVE('',#2158,#2171,#1180,.T.);
#2739=EDGE_CURVE('',#2171,#2172,#1181,.T.);
#2740=EDGE_CURVE('',#2172,#2159,#1182,.T.);
#2741=EDGE_CURVE('',#2173,#2174,#1183,.T.);
#2742=EDGE_CURVE('',#2174,#2159,#167,.T.);
#2743=EDGE_CURVE('',#2172,#2173,#168,.T.);
#2744=EDGE_CURVE('',#2175,#2176,#1184,.T.);
#2745=EDGE_CURVE('',#2176,#2174,#1185,.T.);
#2746=EDGE_CURVE('',#2173,#2175,#1186,.T.);
#2747=EDGE_CURVE('',#2177,#2138,#1187,.T.);
#2748=EDGE_CURVE('',#2138,#2176,#169,.T.);
#2749=EDGE_CURVE('',#2175,#2177,#170,.T.);
#2750=EDGE_CURVE('',#2178,#2139,#1188,.T.);
#2751=EDGE_CURVE('',#2177,#2178,#1189,.T.);
#2752=EDGE_CURVE('',#2171,#2178,#1190,.T.);
#2753=EDGE_CURVE('',#2157,#2140,#1191,.T.);
#2754=EDGE_CURVE('',#2179,#2165,#1192,.T.);
#2755=EDGE_CURVE('',#2164,#2180,#1193,.T.);
#2756=EDGE_CURVE('',#2180,#2179,#1194,.T.);
#2757=EDGE_CURVE('',#2164,#2181,#171,.T.);
#2758=EDGE_CURVE('',#2181,#2182,#1195,.T.);
#2759=EDGE_CURVE('',#2182,#2180,#172,.T.);
#2760=EDGE_CURVE('',#2183,#2184,#1196,.T.);
#2761=EDGE_CURVE('',#2184,#2182,#1197,.T.);
#2762=EDGE_CURVE('',#2181,#2183,#1198,.T.);
#2763=EDGE_CURVE('',#2183,#2133,#173,.T.);
#2764=EDGE_CURVE('',#2133,#2185,#1199,.T.);
#2765=EDGE_CURVE('',#2185,#2184,#174,.T.);
#2766=EDGE_CURVE('',#2132,#2186,#1200,.T.);
#2767=EDGE_CURVE('',#2186,#2185,#1201,.T.);
#2768=EDGE_CURVE('',#2183,#2187,#1202,.T.);
#2769=EDGE_CURVE('',#2134,#2187,#25,.T.);
#2770=EDGE_CURVE('',#2188,#2181,#1203,.T.);
#2771=EDGE_CURVE('',#2187,#2188,#1204,.T.);
#2772=EDGE_CURVE('',#2188,#2163,#26,.T.);
#2773=EDGE_CURVE('',#2189,#2190,#1205,.T.);
#2774=EDGE_CURVE('',#2190,#2162,#1206,.T.);
#2775=EDGE_CURVE('',#2161,#2189,#1207,.T.);
#2776=EDGE_CURVE('',#2191,#2192,#1208,.T.);
#2777=EDGE_CURVE('',#2192,#2137,#1209,.T.);
#2778=EDGE_CURVE('',#2136,#2191,#1210,.T.);
#2779=EDGE_CURVE('',#2193,#2194,#1211,.T.);
#2780=EDGE_CURVE('',#2194,#2137,#175,.T.);
#2781=EDGE_CURVE('',#2192,#2193,#176,.T.);
#2782=EDGE_CURVE('',#2193,#2195,#1212,.T.);
#2783=EDGE_CURVE('',#2195,#2196,#1213,.T.);
#2784=EDGE_CURVE('',#2196,#2194,#1214,.T.);
#2785=EDGE_CURVE('',#2197,#2160,#1215,.T.);
#2786=EDGE_CURVE('',#2160,#2196,#177,.T.);
#2787=EDGE_CURVE('',#2195,#2197,#178,.T.);
#2788=EDGE_CURVE('',#2197,#2189,#1216,.T.);
#2789=EDGE_CURVE('',#2135,#2198,#1217,.T.);
#2790=EDGE_CURVE('',#2198,#2191,#1218,.T.);
#2791=EDGE_CURVE('',#2199,#2134,#1219,.T.);
#2792=EDGE_CURVE('',#2187,#2200,#1220,.T.);
#2793=EDGE_CURVE('',#2200,#2199,#27,.T.);
#2794=EDGE_CURVE('',#2188,#2201,#1221,.T.);
#2795=EDGE_CURVE('',#2201,#2200,#1222,.T.);
#2796=EDGE_CURVE('',#2163,#2202,#1223,.T.);
#2797=EDGE_CURVE('',#2202,#2201,#28,.T.);
#2798=EDGE_CURVE('',#2199,#2198,#29,.T.);
#2799=EDGE_CURVE('',#2190,#2202,#30,.T.);
#2800=EDGE_CURVE('',#2203,#2191,#1224,.T.);
#2801=EDGE_CURVE('',#2203,#2115,#1225,.T.);
#2802=EDGE_CURVE('',#2104,#2090,#1226,.T.);
#2803=EDGE_CURVE('',#2103,#2189,#1227,.F.);
#2804=EDGE_CURVE('',#2089,#2105,#1228,.T.);
#2805=EDGE_CURVE('',#2088,#2204,#1229,.T.);
#2806=EDGE_CURVE('',#2118,#2204,#1230,.T.);
#2807=EDGE_CURVE('',#2112,#2205,#179,.F.);
#2808=EDGE_CURVE('',#2205,#2076,#1231,.T.);
#2809=EDGE_CURVE('',#2194,#2176,#1232,.T.);
#2810=EDGE_CURVE('',#2174,#2196,#1233,.T.);
#2811=EDGE_CURVE('',#2102,#2206,#1234,.T.);
#2812=EDGE_CURVE('',#2206,#2203,#1235,.T.);
#2813=EDGE_CURVE('',#2179,#2186,#1236,.T.);
#2814=EDGE_CURVE('',#2207,#2207,#180,.T.);
#2815=EDGE_CURVE('',#2207,#2208,#1237,.T.);
#2816=EDGE_CURVE('',#2208,#2208,#181,.T.);
#2817=EDGE_CURVE('',#2209,#2209,#182,.T.);
#2818=EDGE_CURVE('',#2209,#2110,#1238,.T.);
#2819=EDGE_CURVE('',#2111,#2206,#1239,.F.);
#2820=EDGE_CURVE('',#2120,#2117,#1240,.F.);
#2821=EDGE_CURVE('',#2156,#2141,#1241,.T.);
#2822=EDGE_CURVE('',#2210,#2155,#1242,.T.);
#2823=EDGE_CURVE('',#2154,#2211,#1243,.T.);
#2824=EDGE_CURVE('',#2210,#2211,#1244,.T.);
#2825=EDGE_CURVE('',#2142,#2087,#1245,.T.);
#2826=EDGE_CURVE('',#2086,#2143,#1246,.T.);
#2827=EDGE_CURVE('',#2211,#2212,#1247,.F.);
#2828=EDGE_CURVE('',#2153,#2212,#1248,.T.);
#2829=EDGE_CURVE('',#2212,#2213,#183,.F.);
#2830=EDGE_CURVE('',#2213,#2152,#1249,.T.);
#2831=EDGE_CURVE('',#2085,#2144,#1250,.T.);
#2832=EDGE_CURVE('',#2214,#2145,#1251,.T.);
#2833=EDGE_CURVE('',#2213,#2214,#1252,.F.);
#2834=EDGE_CURVE('',#2204,#2210,#1253,.T.);
#2835=EDGE_CURVE('',#2214,#2151,#1254,.T.);
#2836=EDGE_CURVE('',#2082,#2123,#1255,.T.);
#2837=EDGE_CURVE('',#2150,#2215,#184,.F.);
#2838=EDGE_CURVE('',#2215,#2216,#1256,.F.);
#2839=EDGE_CURVE('',#2217,#2216,#1257,.T.);
#2840=EDGE_CURVE('',#2217,#2218,#1258,.T.);
#2841=EDGE_CURVE('',#2218,#2205,#1259,.T.);
#2842=EDGE_CURVE('',#2166,#2131,#1260,.T.);
#2843=EDGE_CURVE('',#2167,#2130,#1261,.T.);
#2844=EDGE_CURVE('',#2168,#2217,#1262,.T.);
#2845=EDGE_CURVE('',#2169,#2216,#1263,.F.);
#2846=EDGE_CURVE('',#2170,#2215,#1264,.T.);
#2847=EDGE_CURVE('',#2079,#2128,#1265,.F.);
#2848=EDGE_CURVE('',#2080,#2127,#1266,.T.);
#2849=EDGE_CURVE('',#2126,#2081,#1267,.F.);
#2850=EDGE_CURVE('',#2078,#2129,#1268,.T.);
#2851=EDGE_CURVE('',#2077,#2218,#1269,.T.);
#2852=ORIENTED_EDGE('',*,*,#2219,.T.);
#2853=ORIENTED_EDGE('',*,*,#2220,.T.);
#2854=ORIENTED_EDGE('',*,*,#2221,.T.);
#2855=ORIENTED_EDGE('',*,*,#2222,.T.);
#2856=ORIENTED_EDGE('',*,*,#2219,.F.);
#2857=ORIENTED_EDGE('',*,*,#2223,.T.);
#2858=ORIENTED_EDGE('',*,*,#2224,.T.);
#2859=ORIENTED_EDGE('',*,*,#2225,.T.);
#2860=ORIENTED_EDGE('',*,*,#2224,.F.);
#2861=ORIENTED_EDGE('',*,*,#2226,.T.);
#2862=ORIENTED_EDGE('',*,*,#2227,.T.);
#2863=ORIENTED_EDGE('',*,*,#2228,.T.);
#2864=ORIENTED_EDGE('',*,*,#2229,.T.);
#2865=ORIENTED_EDGE('',*,*,#2230,.T.);
#2866=ORIENTED_EDGE('',*,*,#2227,.F.);
#2867=ORIENTED_EDGE('',*,*,#2231,.T.);
#2868=ORIENTED_EDGE('',*,*,#2229,.F.);
#2869=ORIENTED_EDGE('',*,*,#2232,.T.);
#2870=ORIENTED_EDGE('',*,*,#2233,.T.);
#2871=ORIENTED_EDGE('',*,*,#2234,.T.);
#2872=ORIENTED_EDGE('',*,*,#2235,.T.);
#2873=ORIENTED_EDGE('',*,*,#2236,.T.);
#2874=ORIENTED_EDGE('',*,*,#2237,.T.);
#2875=ORIENTED_EDGE('',*,*,#2238,.T.);
#2876=ORIENTED_EDGE('',*,*,#2239,.T.);
#2877=ORIENTED_EDGE('',*,*,#2240,.T.);
#2878=ORIENTED_EDGE('',*,*,#2235,.F.);
#2879=ORIENTED_EDGE('',*,*,#2241,.T.);
#2880=ORIENTED_EDGE('',*,*,#2242,.T.);
#2881=ORIENTED_EDGE('',*,*,#2243,.T.);
#2882=ORIENTED_EDGE('',*,*,#2239,.F.);
#2883=ORIENTED_EDGE('',*,*,#2244,.T.);
#2884=ORIENTED_EDGE('',*,*,#2242,.F.);
#2885=ORIENTED_EDGE('',*,*,#2245,.T.);
#2886=ORIENTED_EDGE('',*,*,#2221,.F.);
#2887=ORIENTED_EDGE('',*,*,#2246,.T.);
#2888=ORIENTED_EDGE('',*,*,#2247,.T.);
#2889=ORIENTED_EDGE('',*,*,#2248,.T.);
#2890=ORIENTED_EDGE('',*,*,#2249,.T.);
#2891=ORIENTED_EDGE('',*,*,#2250,.T.);
#2892=ORIENTED_EDGE('',*,*,#2249,.F.);
#2893=ORIENTED_EDGE('',*,*,#2251,.T.);
#2894=ORIENTED_EDGE('',*,*,#2252,.T.);
#2895=ORIENTED_EDGE('',*,*,#2253,.T.);
#2896=ORIENTED_EDGE('',*,*,#2254,.T.);
#2897=ORIENTED_EDGE('',*,*,#2255,.T.);
#2898=ORIENTED_EDGE('',*,*,#2252,.F.);
#2899=ORIENTED_EDGE('',*,*,#2256,.T.);
#2900=ORIENTED_EDGE('',*,*,#2254,.F.);
#2901=ORIENTED_EDGE('',*,*,#2257,.T.);
#2902=ORIENTED_EDGE('',*,*,#2258,.T.);
#2903=ORIENTED_EDGE('',*,*,#2259,.T.);
#2904=ORIENTED_EDGE('',*,*,#2260,.T.);
#2905=ORIENTED_EDGE('',*,*,#2261,.T.);
#2906=ORIENTED_EDGE('',*,*,#2258,.F.);
#2907=ORIENTED_EDGE('',*,*,#2262,.T.);
#2908=ORIENTED_EDGE('',*,*,#2247,.F.);
#2909=ORIENTED_EDGE('',*,*,#2263,.T.);
#2910=ORIENTED_EDGE('',*,*,#2233,.F.);
#2911=ORIENTED_EDGE('',*,*,#2237,.F.);
#2912=ORIENTED_EDGE('',*,*,#2264,.T.);
#2913=ORIENTED_EDGE('',*,*,#2260,.F.);
#2914=ORIENTED_EDGE('',*,*,#2223,.F.);
#2915=ORIENTED_EDGE('',*,*,#2265,.T.);
#2916=ORIENTED_EDGE('',*,*,#2251,.F.);
#2917=ORIENTED_EDGE('',*,*,#2266,.T.);
#2918=ORIENTED_EDGE('',*,*,#2222,.F.);
#2919=ORIENTED_EDGE('',*,*,#2267,.F.);
#2920=ORIENTED_EDGE('',*,*,#2256,.F.);
#2921=ORIENTED_EDGE('',*,*,#2265,.F.);
#2922=ORIENTED_EDGE('',*,*,#2244,.F.);
#2923=ORIENTED_EDGE('',*,*,#2241,.F.);
#2924=ORIENTED_EDGE('',*,*,#2238,.F.);
#2925=ORIENTED_EDGE('',*,*,#2262,.F.);
#2926=ORIENTED_EDGE('',*,*,#2268,.F.);
#2927=ORIENTED_EDGE('',*,*,#2245,.F.);
#2928=ORIENTED_EDGE('',*,*,#2268,.T.);
#2929=ORIENTED_EDGE('',*,*,#2257,.F.);
#2930=ORIENTED_EDGE('',*,*,#2267,.T.);
#2931=ORIENTED_EDGE('',*,*,#2243,.F.);
#2932=ORIENTED_EDGE('',*,*,#2246,.F.);
#2933=ORIENTED_EDGE('',*,*,#2220,.F.);
#2934=ORIENTED_EDGE('',*,*,#2225,.F.);
#2935=ORIENTED_EDGE('',*,*,#2228,.F.);
#2936=ORIENTED_EDGE('',*,*,#2269,.F.);
#2937=ORIENTED_EDGE('',*,*,#2270,.F.);
#2938=ORIENTED_EDGE('',*,*,#2271,.F.);
#2939=ORIENTED_EDGE('',*,*,#2272,.F.);
#2940=ORIENTED_EDGE('',*,*,#2273,.F.);
#2941=ORIENTED_EDGE('',*,*,#2230,.F.);
#2942=ORIENTED_EDGE('',*,*,#2274,.T.);
#2943=ORIENTED_EDGE('',*,*,#2275,.T.);
#2944=ORIENTED_EDGE('',*,*,#2269,.T.);
#2945=ORIENTED_EDGE('',*,*,#2234,.F.);
#2946=ORIENTED_EDGE('',*,*,#2276,.F.);
#2947=ORIENTED_EDGE('',*,*,#2277,.F.);
#2948=ORIENTED_EDGE('',*,*,#2274,.F.);
#2949=ORIENTED_EDGE('',*,*,#2263,.F.);
#2950=ORIENTED_EDGE('',*,*,#2278,.T.);
#2951=ORIENTED_EDGE('',*,*,#2279,.T.);
#2952=ORIENTED_EDGE('',*,*,#2276,.T.);
#2953=ORIENTED_EDGE('',*,*,#2280,.T.);
#2954=ORIENTED_EDGE('',*,*,#2281,.T.);
#2955=ORIENTED_EDGE('',*,*,#2282,.T.);
#2956=ORIENTED_EDGE('',*,*,#2283,.T.);
#2957=ORIENTED_EDGE('',*,*,#2280,.F.);
#2958=ORIENTED_EDGE('',*,*,#2284,.T.);
#2959=ORIENTED_EDGE('',*,*,#2285,.T.);
#2960=ORIENTED_EDGE('',*,*,#2286,.T.);
#2961=ORIENTED_EDGE('',*,*,#2287,.F.);
#2962=ORIENTED_EDGE('',*,*,#2288,.T.);
#2963=ORIENTED_EDGE('',*,*,#2289,.T.);
#2964=ORIENTED_EDGE('',*,*,#2290,.F.);
#2965=ORIENTED_EDGE('',*,*,#2291,.T.);
#2966=ORIENTED_EDGE('',*,*,#2292,.F.);
#2967=ORIENTED_EDGE('',*,*,#2272,.T.);
#2968=ORIENTED_EDGE('',*,*,#2293,.F.);
#2969=ORIENTED_EDGE('',*,*,#2294,.T.);
#2970=ORIENTED_EDGE('',*,*,#2295,.T.);
#2971=ORIENTED_EDGE('',*,*,#2283,.F.);
#2972=ORIENTED_EDGE('',*,*,#2296,.F.);
#2973=ORIENTED_EDGE('',*,*,#2297,.F.);
#2974=ORIENTED_EDGE('',*,*,#2298,.T.);
#2975=ORIENTED_EDGE('',*,*,#2299,.F.);
#2976=ORIENTED_EDGE('',*,*,#2300,.T.);
#2977=ORIENTED_EDGE('',*,*,#2301,.F.);
#2978=ORIENTED_EDGE('',*,*,#2302,.T.);
#2979=ORIENTED_EDGE('',*,*,#2303,.F.);
#2980=ORIENTED_EDGE('',*,*,#2304,.T.);
#2981=ORIENTED_EDGE('',*,*,#2305,.T.);
#2982=ORIENTED_EDGE('',*,*,#2284,.F.);
#2983=ORIENTED_EDGE('',*,*,#2226,.F.);
#2984=ORIENTED_EDGE('',*,*,#2266,.F.);
#2985=ORIENTED_EDGE('',*,*,#2248,.F.);
#2986=ORIENTED_EDGE('',*,*,#2232,.F.);
#2987=ORIENTED_EDGE('',*,*,#2231,.F.);
#2988=ORIENTED_EDGE('',*,*,#2240,.F.);
#2989=ORIENTED_EDGE('',*,*,#2273,.T.);
#2990=ORIENTED_EDGE('',*,*,#2292,.T.);
#2991=ORIENTED_EDGE('',*,*,#2306,.T.);
#2992=ORIENTED_EDGE('',*,*,#2287,.T.);
#2993=ORIENTED_EDGE('',*,*,#2307,.T.);
#2994=ORIENTED_EDGE('',*,*,#2308,.T.);
#2995=ORIENTED_EDGE('',*,*,#2309,.T.);
#2996=ORIENTED_EDGE('',*,*,#2309,.F.);
#2997=ORIENTED_EDGE('',*,*,#2310,.T.);
#2998=ORIENTED_EDGE('',*,*,#2311,.T.);
#2999=ORIENTED_EDGE('',*,*,#2288,.F.);
#3000=ORIENTED_EDGE('',*,*,#2308,.F.);
#3001=ORIENTED_EDGE('',*,*,#2312,.F.);
#3002=ORIENTED_EDGE('',*,*,#2313,.F.);
#3003=ORIENTED_EDGE('',*,*,#2304,.F.);
#3004=ORIENTED_EDGE('',*,*,#2314,.F.);
#3005=ORIENTED_EDGE('',*,*,#2315,.F.);
#3006=ORIENTED_EDGE('',*,*,#2316,.F.);
#3007=ORIENTED_EDGE('',*,*,#2310,.F.);
#3008=ORIENTED_EDGE('',*,*,#2264,.F.);
#3009=ORIENTED_EDGE('',*,*,#2317,.T.);
#3010=ORIENTED_EDGE('',*,*,#2290,.T.);
#3011=ORIENTED_EDGE('',*,*,#2318,.T.);
#3012=ORIENTED_EDGE('',*,*,#2261,.F.);
#3013=ORIENTED_EDGE('',*,*,#2318,.F.);
#3014=ORIENTED_EDGE('',*,*,#2289,.F.);
#3015=ORIENTED_EDGE('',*,*,#2311,.F.);
#3016=ORIENTED_EDGE('',*,*,#2316,.T.);
#3017=ORIENTED_EDGE('',*,*,#2319,.T.);
#3018=ORIENTED_EDGE('',*,*,#2320,.T.);
#3019=ORIENTED_EDGE('',*,*,#2321,.T.);
#3020=ORIENTED_EDGE('',*,*,#2322,.T.);
#3021=ORIENTED_EDGE('',*,*,#2323,.T.);
#3022=ORIENTED_EDGE('',*,*,#2324,.T.);
#3023=ORIENTED_EDGE('',*,*,#2325,.T.);
#3024=ORIENTED_EDGE('',*,*,#2326,.F.);
#3025=ORIENTED_EDGE('',*,*,#2278,.F.);
#3026=ORIENTED_EDGE('',*,*,#2250,.F.);
#3027=ORIENTED_EDGE('',*,*,#2253,.F.);
#3028=ORIENTED_EDGE('',*,*,#2255,.F.);
#3029=ORIENTED_EDGE('',*,*,#2259,.F.);
#3030=ORIENTED_EDGE('',*,*,#2327,.T.);
#3031=ORIENTED_EDGE('',*,*,#2328,.T.);
#3032=ORIENTED_EDGE('',*,*,#2293,.T.);
#3033=ORIENTED_EDGE('',*,*,#2271,.T.);
#3034=ORIENTED_EDGE('',*,*,#2281,.F.);
#3035=ORIENTED_EDGE('',*,*,#2294,.F.);
#3036=ORIENTED_EDGE('',*,*,#2328,.F.);
#3037=ORIENTED_EDGE('',*,*,#2329,.F.);
#3038=ORIENTED_EDGE('',*,*,#2330,.F.);
#3039=ORIENTED_EDGE('',*,*,#2331,.T.);
#3040=ORIENTED_EDGE('',*,*,#2314,.T.);
#3041=ORIENTED_EDGE('',*,*,#2303,.T.);
#3042=ORIENTED_EDGE('',*,*,#2332,.F.);
#3043=ORIENTED_EDGE('',*,*,#2319,.F.);
#3044=ORIENTED_EDGE('',*,*,#2315,.T.);
#3045=ORIENTED_EDGE('',*,*,#2331,.F.);
#3046=ORIENTED_EDGE('',*,*,#2332,.T.);
#3047=ORIENTED_EDGE('',*,*,#2330,.T.);
#3048=ORIENTED_EDGE('',*,*,#2302,.F.);
#3049=ORIENTED_EDGE('',*,*,#2333,.F.);
#3050=ORIENTED_EDGE('',*,*,#2334,.F.);
#3051=ORIENTED_EDGE('',*,*,#2320,.F.);
#3052=ORIENTED_EDGE('',*,*,#2335,.F.);
#3053=ORIENTED_EDGE('',*,*,#2336,.T.);
#3054=ORIENTED_EDGE('',*,*,#2333,.T.);
#3055=ORIENTED_EDGE('',*,*,#2301,.T.);
#3056=ORIENTED_EDGE('',*,*,#2337,.F.);
#3057=ORIENTED_EDGE('',*,*,#2321,.F.);
#3058=ORIENTED_EDGE('',*,*,#2334,.T.);
#3059=ORIENTED_EDGE('',*,*,#2336,.F.);
#3060=ORIENTED_EDGE('',*,*,#2337,.T.);
#3061=ORIENTED_EDGE('',*,*,#2335,.T.);
#3062=ORIENTED_EDGE('',*,*,#2300,.F.);
#3063=ORIENTED_EDGE('',*,*,#2338,.F.);
#3064=ORIENTED_EDGE('',*,*,#2339,.F.);
#3065=ORIENTED_EDGE('',*,*,#2322,.F.);
#3066=ORIENTED_EDGE('',*,*,#2340,.F.);
#3067=ORIENTED_EDGE('',*,*,#2341,.T.);
#3068=ORIENTED_EDGE('',*,*,#2338,.T.);
#3069=ORIENTED_EDGE('',*,*,#2299,.T.);
#3070=ORIENTED_EDGE('',*,*,#2342,.F.);
#3071=ORIENTED_EDGE('',*,*,#2323,.F.);
#3072=ORIENTED_EDGE('',*,*,#2339,.T.);
#3073=ORIENTED_EDGE('',*,*,#2341,.F.);
#3074=ORIENTED_EDGE('',*,*,#2342,.T.);
#3075=ORIENTED_EDGE('',*,*,#2340,.T.);
#3076=ORIENTED_EDGE('',*,*,#2298,.F.);
#3077=ORIENTED_EDGE('',*,*,#2343,.F.);
#3078=ORIENTED_EDGE('',*,*,#2344,.F.);
#3079=ORIENTED_EDGE('',*,*,#2324,.F.);
#3080=ORIENTED_EDGE('',*,*,#2345,.F.);
#3081=ORIENTED_EDGE('',*,*,#2346,.T.);
#3082=ORIENTED_EDGE('',*,*,#2343,.T.);
#3083=ORIENTED_EDGE('',*,*,#2297,.T.);
#3084=ORIENTED_EDGE('',*,*,#2347,.F.);
#3085=ORIENTED_EDGE('',*,*,#2325,.F.);
#3086=ORIENTED_EDGE('',*,*,#2344,.T.);
#3087=ORIENTED_EDGE('',*,*,#2346,.F.);
#3088=ORIENTED_EDGE('',*,*,#2313,.T.);
#3089=ORIENTED_EDGE('',*,*,#2348,.T.);
#3090=ORIENTED_EDGE('',*,*,#2285,.F.);
#3091=ORIENTED_EDGE('',*,*,#2305,.F.);
#3092=ORIENTED_EDGE('',*,*,#2307,.F.);
#3093=ORIENTED_EDGE('',*,*,#2286,.F.);
#3094=ORIENTED_EDGE('',*,*,#2348,.F.);
#3095=ORIENTED_EDGE('',*,*,#2312,.T.);
#3096=ORIENTED_EDGE('',*,*,#2349,.T.);
#3097=ORIENTED_EDGE('',*,*,#2350,.T.);
#3098=ORIENTED_EDGE('',*,*,#2351,.F.);
#3099=ORIENTED_EDGE('',*,*,#2350,.F.);
#3100=ORIENTED_EDGE('',*,*,#2349,.F.);
#3101=ORIENTED_EDGE('',*,*,#2236,.F.);
#3102=ORIENTED_EDGE('',*,*,#2306,.F.);
#3103=ORIENTED_EDGE('',*,*,#2291,.F.);
#3104=ORIENTED_EDGE('',*,*,#2317,.F.);
#3105=ORIENTED_EDGE('',*,*,#2295,.F.);
#3106=ORIENTED_EDGE('',*,*,#2352,.T.);
#3107=ORIENTED_EDGE('',*,*,#2353,.T.);
#3108=ORIENTED_EDGE('',*,*,#2352,.F.);
#3109=ORIENTED_EDGE('',*,*,#2353,.F.);
#3110=ORIENTED_EDGE('',*,*,#2282,.F.);
#3111=ORIENTED_EDGE('',*,*,#2329,.T.);
#3112=ORIENTED_EDGE('',*,*,#2327,.F.);
#3113=ORIENTED_EDGE('',*,*,#2270,.T.);
#3114=ORIENTED_EDGE('',*,*,#2275,.F.);
#3115=ORIENTED_EDGE('',*,*,#2277,.T.);
#3116=ORIENTED_EDGE('',*,*,#2279,.F.);
#3117=ORIENTED_EDGE('',*,*,#2326,.T.);
#3118=ORIENTED_EDGE('',*,*,#2347,.T.);
#3119=ORIENTED_EDGE('',*,*,#2345,.T.);
#3120=ORIENTED_EDGE('',*,*,#2296,.T.);
#3121=ORIENTED_EDGE('',*,*,#2351,.T.);
#3122=ORIENTED_EDGE('',*,*,#2354,.T.);
#3123=ORIENTED_EDGE('',*,*,#2355,.T.);
#3124=ORIENTED_EDGE('',*,*,#2356,.F.);
#3125=ORIENTED_EDGE('',*,*,#2357,.F.);
#3126=ORIENTED_EDGE('',*,*,#2358,.T.);
#3127=ORIENTED_EDGE('',*,*,#2359,.T.);
#3128=ORIENTED_EDGE('',*,*,#2360,.F.);
#3129=ORIENTED_EDGE('',*,*,#2355,.F.);
#3130=ORIENTED_EDGE('',*,*,#2361,.F.);
#3131=ORIENTED_EDGE('',*,*,#2359,.F.);
#3132=ORIENTED_EDGE('',*,*,#2362,.T.);
#3133=ORIENTED_EDGE('',*,*,#2357,.T.);
#3134=ORIENTED_EDGE('',*,*,#2354,.F.);
#3135=ORIENTED_EDGE('',*,*,#2362,.F.);
#3136=ORIENTED_EDGE('',*,*,#2358,.F.);
#3137=ORIENTED_EDGE('',*,*,#2363,.T.);
#3138=ORIENTED_EDGE('',*,*,#2364,.T.);
#3139=ORIENTED_EDGE('',*,*,#2365,.F.);
#3140=ORIENTED_EDGE('',*,*,#2366,.F.);
#3141=ORIENTED_EDGE('',*,*,#2367,.T.);
#3142=ORIENTED_EDGE('',*,*,#2368,.T.);
#3143=ORIENTED_EDGE('',*,*,#2369,.F.);
#3144=ORIENTED_EDGE('',*,*,#2364,.F.);
#3145=ORIENTED_EDGE('',*,*,#2370,.T.);
#3146=ORIENTED_EDGE('',*,*,#2371,.T.);
#3147=ORIENTED_EDGE('',*,*,#2372,.F.);
#3148=ORIENTED_EDGE('',*,*,#2368,.F.);
#3149=ORIENTED_EDGE('',*,*,#2373,.F.);
#3150=ORIENTED_EDGE('',*,*,#2371,.F.);
#3151=ORIENTED_EDGE('',*,*,#2374,.T.);
#3152=ORIENTED_EDGE('',*,*,#2366,.T.);
#3153=ORIENTED_EDGE('',*,*,#2363,.F.);
#3154=ORIENTED_EDGE('',*,*,#2374,.F.);
#3155=ORIENTED_EDGE('',*,*,#2370,.F.);
#3156=ORIENTED_EDGE('',*,*,#2367,.F.);
#3157=ORIENTED_EDGE('',*,*,#2375,.T.);
#3158=ORIENTED_EDGE('',*,*,#2376,.T.);
#3159=ORIENTED_EDGE('',*,*,#2377,.F.);
#3160=ORIENTED_EDGE('',*,*,#2378,.F.);
#3161=ORIENTED_EDGE('',*,*,#2379,.T.);
#3162=ORIENTED_EDGE('',*,*,#2380,.T.);
#3163=ORIENTED_EDGE('',*,*,#2381,.F.);
#3164=ORIENTED_EDGE('',*,*,#2376,.F.);
#3165=ORIENTED_EDGE('',*,*,#2382,.T.);
#3166=ORIENTED_EDGE('',*,*,#2383,.T.);
#3167=ORIENTED_EDGE('',*,*,#2384,.F.);
#3168=ORIENTED_EDGE('',*,*,#2380,.F.);
#3169=ORIENTED_EDGE('',*,*,#2385,.F.);
#3170=ORIENTED_EDGE('',*,*,#2383,.F.);
#3171=ORIENTED_EDGE('',*,*,#2386,.T.);
#3172=ORIENTED_EDGE('',*,*,#2378,.T.);
#3173=ORIENTED_EDGE('',*,*,#2375,.F.);
#3174=ORIENTED_EDGE('',*,*,#2386,.F.);
#3175=ORIENTED_EDGE('',*,*,#2382,.F.);
#3176=ORIENTED_EDGE('',*,*,#2379,.F.);
#3177=ORIENTED_EDGE('',*,*,#2387,.T.);
#3178=ORIENTED_EDGE('',*,*,#2388,.T.);
#3179=ORIENTED_EDGE('',*,*,#2389,.F.);
#3180=ORIENTED_EDGE('',*,*,#2390,.F.);
#3181=ORIENTED_EDGE('',*,*,#2391,.T.);
#3182=ORIENTED_EDGE('',*,*,#2392,.T.);
#3183=ORIENTED_EDGE('',*,*,#2393,.F.);
#3184=ORIENTED_EDGE('',*,*,#2388,.F.);
#3185=ORIENTED_EDGE('',*,*,#2394,.T.);
#3186=ORIENTED_EDGE('',*,*,#2395,.T.);
#3187=ORIENTED_EDGE('',*,*,#2396,.F.);
#3188=ORIENTED_EDGE('',*,*,#2392,.F.);
#3189=ORIENTED_EDGE('',*,*,#2397,.F.);
#3190=ORIENTED_EDGE('',*,*,#2395,.F.);
#3191=ORIENTED_EDGE('',*,*,#2398,.T.);
#3192=ORIENTED_EDGE('',*,*,#2390,.T.);
#3193=ORIENTED_EDGE('',*,*,#2387,.F.);
#3194=ORIENTED_EDGE('',*,*,#2398,.F.);
#3195=ORIENTED_EDGE('',*,*,#2394,.F.);
#3196=ORIENTED_EDGE('',*,*,#2391,.F.);
#3197=ORIENTED_EDGE('',*,*,#2399,.T.);
#3198=ORIENTED_EDGE('',*,*,#2400,.T.);
#3199=ORIENTED_EDGE('',*,*,#2401,.F.);
#3200=ORIENTED_EDGE('',*,*,#2402,.F.);
#3201=ORIENTED_EDGE('',*,*,#2403,.T.);
#3202=ORIENTED_EDGE('',*,*,#2404,.T.);
#3203=ORIENTED_EDGE('',*,*,#2405,.F.);
#3204=ORIENTED_EDGE('',*,*,#2400,.F.);
#3205=ORIENTED_EDGE('',*,*,#2406,.T.);
#3206=ORIENTED_EDGE('',*,*,#2407,.T.);
#3207=ORIENTED_EDGE('',*,*,#2408,.F.);
#3208=ORIENTED_EDGE('',*,*,#2404,.F.);
#3209=ORIENTED_EDGE('',*,*,#2409,.F.);
#3210=ORIENTED_EDGE('',*,*,#2407,.F.);
#3211=ORIENTED_EDGE('',*,*,#2410,.T.);
#3212=ORIENTED_EDGE('',*,*,#2402,.T.);
#3213=ORIENTED_EDGE('',*,*,#2399,.F.);
#3214=ORIENTED_EDGE('',*,*,#2410,.F.);
#3215=ORIENTED_EDGE('',*,*,#2406,.F.);
#3216=ORIENTED_EDGE('',*,*,#2403,.F.);
#3217=ORIENTED_EDGE('',*,*,#2411,.T.);
#3218=ORIENTED_EDGE('',*,*,#2412,.T.);
#3219=ORIENTED_EDGE('',*,*,#2413,.F.);
#3220=ORIENTED_EDGE('',*,*,#2414,.F.);
#3221=ORIENTED_EDGE('',*,*,#2415,.T.);
#3222=ORIENTED_EDGE('',*,*,#2416,.T.);
#3223=ORIENTED_EDGE('',*,*,#2417,.F.);
#3224=ORIENTED_EDGE('',*,*,#2412,.F.);
#3225=ORIENTED_EDGE('',*,*,#2418,.T.);
#3226=ORIENTED_EDGE('',*,*,#2419,.T.);
#3227=ORIENTED_EDGE('',*,*,#2420,.F.);
#3228=ORIENTED_EDGE('',*,*,#2416,.F.);
#3229=ORIENTED_EDGE('',*,*,#2421,.F.);
#3230=ORIENTED_EDGE('',*,*,#2419,.F.);
#3231=ORIENTED_EDGE('',*,*,#2422,.T.);
#3232=ORIENTED_EDGE('',*,*,#2414,.T.);
#3233=ORIENTED_EDGE('',*,*,#2411,.F.);
#3234=ORIENTED_EDGE('',*,*,#2422,.F.);
#3235=ORIENTED_EDGE('',*,*,#2418,.F.);
#3236=ORIENTED_EDGE('',*,*,#2415,.F.);
#3237=ORIENTED_EDGE('',*,*,#2423,.T.);
#3238=ORIENTED_EDGE('',*,*,#2424,.T.);
#3239=ORIENTED_EDGE('',*,*,#2425,.F.);
#3240=ORIENTED_EDGE('',*,*,#2426,.F.);
#3241=ORIENTED_EDGE('',*,*,#2427,.T.);
#3242=ORIENTED_EDGE('',*,*,#2428,.T.);
#3243=ORIENTED_EDGE('',*,*,#2429,.F.);
#3244=ORIENTED_EDGE('',*,*,#2424,.F.);
#3245=ORIENTED_EDGE('',*,*,#2430,.T.);
#3246=ORIENTED_EDGE('',*,*,#2431,.T.);
#3247=ORIENTED_EDGE('',*,*,#2432,.F.);
#3248=ORIENTED_EDGE('',*,*,#2428,.F.);
#3249=ORIENTED_EDGE('',*,*,#2433,.F.);
#3250=ORIENTED_EDGE('',*,*,#2431,.F.);
#3251=ORIENTED_EDGE('',*,*,#2434,.T.);
#3252=ORIENTED_EDGE('',*,*,#2435,.T.);
#3253=ORIENTED_EDGE('',*,*,#2436,.F.);
#3254=ORIENTED_EDGE('',*,*,#2435,.F.);
#3255=ORIENTED_EDGE('',*,*,#2437,.T.);
#3256=ORIENTED_EDGE('',*,*,#2426,.T.);
#3257=ORIENTED_EDGE('',*,*,#2423,.F.);
#3258=ORIENTED_EDGE('',*,*,#2437,.F.);
#3259=ORIENTED_EDGE('',*,*,#2434,.F.);
#3260=ORIENTED_EDGE('',*,*,#2430,.F.);
#3261=ORIENTED_EDGE('',*,*,#2427,.F.);
#3262=ORIENTED_EDGE('',*,*,#2438,.T.);
#3263=ORIENTED_EDGE('',*,*,#2439,.T.);
#3264=ORIENTED_EDGE('',*,*,#2440,.F.);
#3265=ORIENTED_EDGE('',*,*,#2441,.F.);
#3266=ORIENTED_EDGE('',*,*,#2442,.T.);
#3267=ORIENTED_EDGE('',*,*,#2443,.T.);
#3268=ORIENTED_EDGE('',*,*,#2444,.F.);
#3269=ORIENTED_EDGE('',*,*,#2439,.F.);
#3270=ORIENTED_EDGE('',*,*,#2445,.T.);
#3271=ORIENTED_EDGE('',*,*,#2446,.T.);
#3272=ORIENTED_EDGE('',*,*,#2447,.F.);
#3273=ORIENTED_EDGE('',*,*,#2443,.F.);
#3274=ORIENTED_EDGE('',*,*,#2448,.F.);
#3275=ORIENTED_EDGE('',*,*,#2446,.F.);
#3276=ORIENTED_EDGE('',*,*,#2449,.T.);
#3277=ORIENTED_EDGE('',*,*,#2450,.T.);
#3278=ORIENTED_EDGE('',*,*,#2451,.F.);
#3279=ORIENTED_EDGE('',*,*,#2450,.F.);
#3280=ORIENTED_EDGE('',*,*,#2452,.T.);
#3281=ORIENTED_EDGE('',*,*,#2441,.T.);
#3282=ORIENTED_EDGE('',*,*,#2438,.F.);
#3283=ORIENTED_EDGE('',*,*,#2452,.F.);
#3284=ORIENTED_EDGE('',*,*,#2449,.F.);
#3285=ORIENTED_EDGE('',*,*,#2445,.F.);
#3286=ORIENTED_EDGE('',*,*,#2442,.F.);
#3287=ORIENTED_EDGE('',*,*,#2453,.T.);
#3288=ORIENTED_EDGE('',*,*,#2454,.T.);
#3289=ORIENTED_EDGE('',*,*,#2455,.F.);
#3290=ORIENTED_EDGE('',*,*,#2456,.F.);
#3291=ORIENTED_EDGE('',*,*,#2457,.T.);
#3292=ORIENTED_EDGE('',*,*,#2458,.T.);
#3293=ORIENTED_EDGE('',*,*,#2459,.F.);
#3294=ORIENTED_EDGE('',*,*,#2454,.F.);
#3295=ORIENTED_EDGE('',*,*,#2460,.T.);
#3296=ORIENTED_EDGE('',*,*,#2461,.T.);
#3297=ORIENTED_EDGE('',*,*,#2462,.F.);
#3298=ORIENTED_EDGE('',*,*,#2458,.F.);
#3299=ORIENTED_EDGE('',*,*,#2463,.F.);
#3300=ORIENTED_EDGE('',*,*,#2461,.F.);
#3301=ORIENTED_EDGE('',*,*,#2464,.T.);
#3302=ORIENTED_EDGE('',*,*,#2456,.T.);
#3303=ORIENTED_EDGE('',*,*,#2453,.F.);
#3304=ORIENTED_EDGE('',*,*,#2464,.F.);
#3305=ORIENTED_EDGE('',*,*,#2460,.F.);
#3306=ORIENTED_EDGE('',*,*,#2457,.F.);
#3307=ORIENTED_EDGE('',*,*,#2465,.T.);
#3308=ORIENTED_EDGE('',*,*,#2466,.T.);
#3309=ORIENTED_EDGE('',*,*,#2467,.F.);
#3310=ORIENTED_EDGE('',*,*,#2468,.F.);
#3311=ORIENTED_EDGE('',*,*,#2469,.T.);
#3312=ORIENTED_EDGE('',*,*,#2470,.T.);
#3313=ORIENTED_EDGE('',*,*,#2471,.F.);
#3314=ORIENTED_EDGE('',*,*,#2466,.F.);
#3315=ORIENTED_EDGE('',*,*,#2472,.T.);
#3316=ORIENTED_EDGE('',*,*,#2473,.T.);
#3317=ORIENTED_EDGE('',*,*,#2474,.F.);
#3318=ORIENTED_EDGE('',*,*,#2470,.F.);
#3319=ORIENTED_EDGE('',*,*,#2475,.F.);
#3320=ORIENTED_EDGE('',*,*,#2473,.F.);
#3321=ORIENTED_EDGE('',*,*,#2476,.T.);
#3322=ORIENTED_EDGE('',*,*,#2468,.T.);
#3323=ORIENTED_EDGE('',*,*,#2465,.F.);
#3324=ORIENTED_EDGE('',*,*,#2476,.F.);
#3325=ORIENTED_EDGE('',*,*,#2472,.F.);
#3326=ORIENTED_EDGE('',*,*,#2469,.F.);
#3327=ORIENTED_EDGE('',*,*,#2477,.T.);
#3328=ORIENTED_EDGE('',*,*,#2478,.T.);
#3329=ORIENTED_EDGE('',*,*,#2479,.F.);
#3330=ORIENTED_EDGE('',*,*,#2480,.F.);
#3331=ORIENTED_EDGE('',*,*,#2481,.T.);
#3332=ORIENTED_EDGE('',*,*,#2482,.T.);
#3333=ORIENTED_EDGE('',*,*,#2483,.F.);
#3334=ORIENTED_EDGE('',*,*,#2478,.F.);
#3335=ORIENTED_EDGE('',*,*,#2484,.F.);
#3336=ORIENTED_EDGE('',*,*,#2482,.F.);
#3337=ORIENTED_EDGE('',*,*,#2485,.T.);
#3338=ORIENTED_EDGE('',*,*,#2480,.T.);
#3339=ORIENTED_EDGE('',*,*,#2477,.F.);
#3340=ORIENTED_EDGE('',*,*,#2485,.F.);
#3341=ORIENTED_EDGE('',*,*,#2481,.F.);
#3342=ORIENTED_EDGE('',*,*,#2486,.T.);
#3343=ORIENTED_EDGE('',*,*,#2487,.T.);
#3344=ORIENTED_EDGE('',*,*,#2488,.F.);
#3345=ORIENTED_EDGE('',*,*,#2489,.F.);
#3346=ORIENTED_EDGE('',*,*,#2490,.F.);
#3347=ORIENTED_EDGE('',*,*,#2487,.F.);
#3348=ORIENTED_EDGE('',*,*,#2491,.T.);
#3349=ORIENTED_EDGE('',*,*,#2492,.T.);
#3350=ORIENTED_EDGE('',*,*,#2493,.F.);
#3351=ORIENTED_EDGE('',*,*,#2492,.F.);
#3352=ORIENTED_EDGE('',*,*,#2494,.T.);
#3353=ORIENTED_EDGE('',*,*,#2489,.T.);
#3354=ORIENTED_EDGE('',*,*,#2486,.F.);
#3355=ORIENTED_EDGE('',*,*,#2494,.F.);
#3356=ORIENTED_EDGE('',*,*,#2491,.F.);
#3357=ORIENTED_EDGE('',*,*,#2495,.T.);
#3358=ORIENTED_EDGE('',*,*,#2496,.T.);
#3359=ORIENTED_EDGE('',*,*,#2497,.F.);
#3360=ORIENTED_EDGE('',*,*,#2498,.F.);
#3361=ORIENTED_EDGE('',*,*,#2499,.F.);
#3362=ORIENTED_EDGE('',*,*,#2496,.F.);
#3363=ORIENTED_EDGE('',*,*,#2500,.T.);
#3364=ORIENTED_EDGE('',*,*,#2501,.T.);
#3365=ORIENTED_EDGE('',*,*,#2502,.F.);
#3366=ORIENTED_EDGE('',*,*,#2501,.F.);
#3367=ORIENTED_EDGE('',*,*,#2503,.T.);
#3368=ORIENTED_EDGE('',*,*,#2504,.T.);
#3369=ORIENTED_EDGE('',*,*,#2505,.F.);
#3370=ORIENTED_EDGE('',*,*,#2504,.F.);
#3371=ORIENTED_EDGE('',*,*,#2506,.T.);
#3372=ORIENTED_EDGE('',*,*,#2498,.T.);
#3373=ORIENTED_EDGE('',*,*,#2495,.F.);
#3374=ORIENTED_EDGE('',*,*,#2506,.F.);
#3375=ORIENTED_EDGE('',*,*,#2503,.F.);
#3376=ORIENTED_EDGE('',*,*,#2500,.F.);
#3377=ORIENTED_EDGE('',*,*,#2507,.T.);
#3378=ORIENTED_EDGE('',*,*,#2508,.T.);
#3379=ORIENTED_EDGE('',*,*,#2509,.F.);
#3380=ORIENTED_EDGE('',*,*,#2510,.F.);
#3381=ORIENTED_EDGE('',*,*,#2511,.F.);
#3382=ORIENTED_EDGE('',*,*,#2508,.F.);
#3383=ORIENTED_EDGE('',*,*,#2512,.T.);
#3384=ORIENTED_EDGE('',*,*,#2513,.T.);
#3385=ORIENTED_EDGE('',*,*,#2514,.F.);
#3386=ORIENTED_EDGE('',*,*,#2513,.F.);
#3387=ORIENTED_EDGE('',*,*,#2515,.T.);
#3388=ORIENTED_EDGE('',*,*,#2516,.T.);
#3389=ORIENTED_EDGE('',*,*,#2517,.F.);
#3390=ORIENTED_EDGE('',*,*,#2516,.F.);
#3391=ORIENTED_EDGE('',*,*,#2518,.T.);
#3392=ORIENTED_EDGE('',*,*,#2510,.T.);
#3393=ORIENTED_EDGE('',*,*,#2507,.F.);
#3394=ORIENTED_EDGE('',*,*,#2518,.F.);
#3395=ORIENTED_EDGE('',*,*,#2515,.F.);
#3396=ORIENTED_EDGE('',*,*,#2512,.F.);
#3397=ORIENTED_EDGE('',*,*,#2519,.T.);
#3398=ORIENTED_EDGE('',*,*,#2520,.T.);
#3399=ORIENTED_EDGE('',*,*,#2521,.F.);
#3400=ORIENTED_EDGE('',*,*,#2522,.F.);
#3401=ORIENTED_EDGE('',*,*,#2523,.F.);
#3402=ORIENTED_EDGE('',*,*,#2520,.F.);
#3403=ORIENTED_EDGE('',*,*,#2524,.T.);
#3404=ORIENTED_EDGE('',*,*,#2525,.T.);
#3405=ORIENTED_EDGE('',*,*,#2526,.F.);
#3406=ORIENTED_EDGE('',*,*,#2525,.F.);
#3407=ORIENTED_EDGE('',*,*,#2527,.T.);
#3408=ORIENTED_EDGE('',*,*,#2528,.T.);
#3409=ORIENTED_EDGE('',*,*,#2529,.F.);
#3410=ORIENTED_EDGE('',*,*,#2528,.F.);
#3411=ORIENTED_EDGE('',*,*,#2530,.T.);
#3412=ORIENTED_EDGE('',*,*,#2522,.T.);
#3413=ORIENTED_EDGE('',*,*,#2519,.F.);
#3414=ORIENTED_EDGE('',*,*,#2530,.F.);
#3415=ORIENTED_EDGE('',*,*,#2527,.F.);
#3416=ORIENTED_EDGE('',*,*,#2524,.F.);
#3417=ORIENTED_EDGE('',*,*,#2531,.T.);
#3418=ORIENTED_EDGE('',*,*,#2532,.T.);
#3419=ORIENTED_EDGE('',*,*,#2533,.F.);
#3420=ORIENTED_EDGE('',*,*,#2534,.F.);
#3421=ORIENTED_EDGE('',*,*,#2535,.F.);
#3422=ORIENTED_EDGE('',*,*,#2532,.F.);
#3423=ORIENTED_EDGE('',*,*,#2536,.T.);
#3424=ORIENTED_EDGE('',*,*,#2537,.T.);
#3425=ORIENTED_EDGE('',*,*,#2538,.F.);
#3426=ORIENTED_EDGE('',*,*,#2537,.F.);
#3427=ORIENTED_EDGE('',*,*,#2539,.T.);
#3428=ORIENTED_EDGE('',*,*,#2540,.T.);
#3429=ORIENTED_EDGE('',*,*,#2541,.F.);
#3430=ORIENTED_EDGE('',*,*,#2540,.F.);
#3431=ORIENTED_EDGE('',*,*,#2542,.T.);
#3432=ORIENTED_EDGE('',*,*,#2534,.T.);
#3433=ORIENTED_EDGE('',*,*,#2531,.F.);
#3434=ORIENTED_EDGE('',*,*,#2542,.F.);
#3435=ORIENTED_EDGE('',*,*,#2539,.F.);
#3436=ORIENTED_EDGE('',*,*,#2536,.F.);
#3437=ORIENTED_EDGE('',*,*,#2543,.T.);
#3438=ORIENTED_EDGE('',*,*,#2544,.T.);
#3439=ORIENTED_EDGE('',*,*,#2545,.F.);
#3440=ORIENTED_EDGE('',*,*,#2546,.F.);
#3441=ORIENTED_EDGE('',*,*,#2547,.F.);
#3442=ORIENTED_EDGE('',*,*,#2544,.F.);
#3443=ORIENTED_EDGE('',*,*,#2548,.T.);
#3444=ORIENTED_EDGE('',*,*,#2549,.T.);
#3445=ORIENTED_EDGE('',*,*,#2550,.F.);
#3446=ORIENTED_EDGE('',*,*,#2549,.F.);
#3447=ORIENTED_EDGE('',*,*,#2551,.T.);
#3448=ORIENTED_EDGE('',*,*,#2552,.T.);
#3449=ORIENTED_EDGE('',*,*,#2553,.F.);
#3450=ORIENTED_EDGE('',*,*,#2552,.F.);
#3451=ORIENTED_EDGE('',*,*,#2554,.T.);
#3452=ORIENTED_EDGE('',*,*,#2546,.T.);
#3453=ORIENTED_EDGE('',*,*,#2543,.F.);
#3454=ORIENTED_EDGE('',*,*,#2554,.F.);
#3455=ORIENTED_EDGE('',*,*,#2551,.F.);
#3456=ORIENTED_EDGE('',*,*,#2548,.F.);
#3457=ORIENTED_EDGE('',*,*,#2555,.T.);
#3458=ORIENTED_EDGE('',*,*,#2556,.T.);
#3459=ORIENTED_EDGE('',*,*,#2557,.F.);
#3460=ORIENTED_EDGE('',*,*,#2558,.F.);
#3461=ORIENTED_EDGE('',*,*,#2559,.T.);
#3462=ORIENTED_EDGE('',*,*,#2560,.T.);
#3463=ORIENTED_EDGE('',*,*,#2561,.F.);
#3464=ORIENTED_EDGE('',*,*,#2556,.F.);
#3465=ORIENTED_EDGE('',*,*,#2562,.F.);
#3466=ORIENTED_EDGE('',*,*,#2560,.F.);
#3467=ORIENTED_EDGE('',*,*,#2563,.T.);
#3468=ORIENTED_EDGE('',*,*,#2564,.T.);
#3469=ORIENTED_EDGE('',*,*,#2565,.F.);
#3470=ORIENTED_EDGE('',*,*,#2564,.F.);
#3471=ORIENTED_EDGE('',*,*,#2566,.T.);
#3472=ORIENTED_EDGE('',*,*,#2567,.T.);
#3473=ORIENTED_EDGE('',*,*,#2568,.F.);
#3474=ORIENTED_EDGE('',*,*,#2567,.F.);
#3475=ORIENTED_EDGE('',*,*,#2569,.T.);
#3476=ORIENTED_EDGE('',*,*,#2558,.T.);
#3477=ORIENTED_EDGE('',*,*,#2555,.F.);
#3478=ORIENTED_EDGE('',*,*,#2569,.F.);
#3479=ORIENTED_EDGE('',*,*,#2566,.F.);
#3480=ORIENTED_EDGE('',*,*,#2563,.F.);
#3481=ORIENTED_EDGE('',*,*,#2559,.F.);
#3482=ORIENTED_EDGE('',*,*,#2570,.T.);
#3483=ORIENTED_EDGE('',*,*,#2571,.T.);
#3484=ORIENTED_EDGE('',*,*,#2572,.F.);
#3485=ORIENTED_EDGE('',*,*,#2573,.F.);
#3486=ORIENTED_EDGE('',*,*,#2574,.T.);
#3487=ORIENTED_EDGE('',*,*,#2575,.T.);
#3488=ORIENTED_EDGE('',*,*,#2576,.F.);
#3489=ORIENTED_EDGE('',*,*,#2571,.F.);
#3490=ORIENTED_EDGE('',*,*,#2577,.F.);
#3491=ORIENTED_EDGE('',*,*,#2575,.F.);
#3492=ORIENTED_EDGE('',*,*,#2578,.T.);
#3493=ORIENTED_EDGE('',*,*,#2579,.T.);
#3494=ORIENTED_EDGE('',*,*,#2580,.F.);
#3495=ORIENTED_EDGE('',*,*,#2579,.F.);
#3496=ORIENTED_EDGE('',*,*,#2581,.T.);
#3497=ORIENTED_EDGE('',*,*,#2582,.T.);
#3498=ORIENTED_EDGE('',*,*,#2583,.F.);
#3499=ORIENTED_EDGE('',*,*,#2582,.F.);
#3500=ORIENTED_EDGE('',*,*,#2584,.T.);
#3501=ORIENTED_EDGE('',*,*,#2573,.T.);
#3502=ORIENTED_EDGE('',*,*,#2570,.F.);
#3503=ORIENTED_EDGE('',*,*,#2584,.F.);
#3504=ORIENTED_EDGE('',*,*,#2581,.F.);
#3505=ORIENTED_EDGE('',*,*,#2578,.F.);
#3506=ORIENTED_EDGE('',*,*,#2574,.F.);
#3507=ORIENTED_EDGE('',*,*,#2585,.T.);
#3508=ORIENTED_EDGE('',*,*,#2586,.T.);
#3509=ORIENTED_EDGE('',*,*,#2587,.F.);
#3510=ORIENTED_EDGE('',*,*,#2588,.F.);
#3511=ORIENTED_EDGE('',*,*,#2589,.F.);
#3512=ORIENTED_EDGE('',*,*,#2586,.F.);
#3513=ORIENTED_EDGE('',*,*,#2590,.T.);
#3514=ORIENTED_EDGE('',*,*,#2591,.T.);
#3515=ORIENTED_EDGE('',*,*,#2592,.F.);
#3516=ORIENTED_EDGE('',*,*,#2591,.F.);
#3517=ORIENTED_EDGE('',*,*,#2593,.T.);
#3518=ORIENTED_EDGE('',*,*,#2594,.T.);
#3519=ORIENTED_EDGE('',*,*,#2595,.F.);
#3520=ORIENTED_EDGE('',*,*,#2594,.F.);
#3521=ORIENTED_EDGE('',*,*,#2596,.T.);
#3522=ORIENTED_EDGE('',*,*,#2588,.T.);
#3523=ORIENTED_EDGE('',*,*,#2585,.F.);
#3524=ORIENTED_EDGE('',*,*,#2596,.F.);
#3525=ORIENTED_EDGE('',*,*,#2593,.F.);
#3526=ORIENTED_EDGE('',*,*,#2590,.F.);
#3527=ORIENTED_EDGE('',*,*,#2597,.T.);
#3528=ORIENTED_EDGE('',*,*,#2598,.T.);
#3529=ORIENTED_EDGE('',*,*,#2599,.F.);
#3530=ORIENTED_EDGE('',*,*,#2600,.F.);
#3531=ORIENTED_EDGE('',*,*,#2601,.F.);
#3532=ORIENTED_EDGE('',*,*,#2598,.F.);
#3533=ORIENTED_EDGE('',*,*,#2602,.T.);
#3534=ORIENTED_EDGE('',*,*,#2603,.T.);
#3535=ORIENTED_EDGE('',*,*,#2604,.F.);
#3536=ORIENTED_EDGE('',*,*,#2603,.F.);
#3537=ORIENTED_EDGE('',*,*,#2605,.T.);
#3538=ORIENTED_EDGE('',*,*,#2606,.T.);
#3539=ORIENTED_EDGE('',*,*,#2607,.F.);
#3540=ORIENTED_EDGE('',*,*,#2606,.F.);
#3541=ORIENTED_EDGE('',*,*,#2608,.T.);
#3542=ORIENTED_EDGE('',*,*,#2600,.T.);
#3543=ORIENTED_EDGE('',*,*,#2597,.F.);
#3544=ORIENTED_EDGE('',*,*,#2608,.F.);
#3545=ORIENTED_EDGE('',*,*,#2605,.F.);
#3546=ORIENTED_EDGE('',*,*,#2602,.F.);
#3547=ORIENTED_EDGE('',*,*,#2609,.T.);
#3548=ORIENTED_EDGE('',*,*,#2610,.T.);
#3549=ORIENTED_EDGE('',*,*,#2611,.F.);
#3550=ORIENTED_EDGE('',*,*,#2612,.F.);
#3551=ORIENTED_EDGE('',*,*,#2613,.F.);
#3552=ORIENTED_EDGE('',*,*,#2610,.F.);
#3553=ORIENTED_EDGE('',*,*,#2614,.T.);
#3554=ORIENTED_EDGE('',*,*,#2615,.T.);
#3555=ORIENTED_EDGE('',*,*,#2616,.F.);
#3556=ORIENTED_EDGE('',*,*,#2615,.F.);
#3557=ORIENTED_EDGE('',*,*,#2617,.T.);
#3558=ORIENTED_EDGE('',*,*,#2612,.T.);
#3559=ORIENTED_EDGE('',*,*,#2609,.F.);
#3560=ORIENTED_EDGE('',*,*,#2617,.F.);
#3561=ORIENTED_EDGE('',*,*,#2614,.F.);
#3562=ORIENTED_EDGE('',*,*,#2618,.T.);
#3563=ORIENTED_EDGE('',*,*,#2619,.T.);
#3564=ORIENTED_EDGE('',*,*,#2620,.T.);
#3565=ORIENTED_EDGE('',*,*,#2621,.T.);
#3566=ORIENTED_EDGE('',*,*,#2619,.F.);
#3567=ORIENTED_EDGE('',*,*,#2622,.F.);
#3568=ORIENTED_EDGE('',*,*,#2623,.F.);
#3569=ORIENTED_EDGE('',*,*,#2624,.T.);
#3570=ORIENTED_EDGE('',*,*,#2618,.F.);
#3571=ORIENTED_EDGE('',*,*,#2625,.T.);
#3572=ORIENTED_EDGE('',*,*,#2626,.F.);
#3573=ORIENTED_EDGE('',*,*,#2627,.T.);
#3574=ORIENTED_EDGE('',*,*,#2628,.T.);
#3575=ORIENTED_EDGE('',*,*,#2629,.T.);
#3576=ORIENTED_EDGE('',*,*,#2630,.T.);
#3577=ORIENTED_EDGE('',*,*,#2631,.T.);
#3578=ORIENTED_EDGE('',*,*,#2632,.T.);
#3579=ORIENTED_EDGE('',*,*,#2633,.F.);
#3580=ORIENTED_EDGE('',*,*,#2634,.T.);
#3581=ORIENTED_EDGE('',*,*,#2635,.T.);
#3582=ORIENTED_EDGE('',*,*,#2636,.T.);
#3583=ORIENTED_EDGE('',*,*,#2637,.F.);
#3584=ORIENTED_EDGE('',*,*,#2638,.T.);
#3585=ORIENTED_EDGE('',*,*,#2639,.T.);
#3586=ORIENTED_EDGE('',*,*,#2640,.F.);
#3587=ORIENTED_EDGE('',*,*,#2641,.F.);
#3588=ORIENTED_EDGE('',*,*,#2642,.T.);
#3589=ORIENTED_EDGE('',*,*,#2643,.F.);
#3590=ORIENTED_EDGE('',*,*,#2644,.T.);
#3591=ORIENTED_EDGE('',*,*,#2645,.F.);
#3592=ORIENTED_EDGE('',*,*,#2622,.T.);
#3593=ORIENTED_EDGE('',*,*,#2646,.T.);
#3594=ORIENTED_EDGE('',*,*,#2647,.T.);
#3595=ORIENTED_EDGE('',*,*,#2648,.T.);
#3596=ORIENTED_EDGE('',*,*,#2649,.T.);
#3597=ORIENTED_EDGE('',*,*,#2649,.F.);
#3598=ORIENTED_EDGE('',*,*,#2650,.T.);
#3599=ORIENTED_EDGE('',*,*,#2651,.F.);
#3600=ORIENTED_EDGE('',*,*,#2652,.F.);
#3601=ORIENTED_EDGE('',*,*,#2648,.F.);
#3602=ORIENTED_EDGE('',*,*,#2653,.F.);
#3603=ORIENTED_EDGE('',*,*,#2654,.F.);
#3604=ORIENTED_EDGE('',*,*,#2655,.F.);
#3605=ORIENTED_EDGE('',*,*,#2656,.F.);
#3606=ORIENTED_EDGE('',*,*,#2657,.F.);
#3607=ORIENTED_EDGE('',*,*,#2658,.F.);
#3608=ORIENTED_EDGE('',*,*,#2659,.F.);
#3609=ORIENTED_EDGE('',*,*,#2660,.T.);
#3610=ORIENTED_EDGE('',*,*,#2661,.F.);
#3611=ORIENTED_EDGE('',*,*,#2662,.T.);
#3612=ORIENTED_EDGE('',*,*,#2650,.F.);
#3613=ORIENTED_EDGE('',*,*,#2663,.T.);
#3614=ORIENTED_EDGE('',*,*,#2621,.F.);
#3615=ORIENTED_EDGE('',*,*,#2664,.T.);
#3616=ORIENTED_EDGE('',*,*,#2665,.T.);
#3617=ORIENTED_EDGE('',*,*,#2653,.T.);
#3618=ORIENTED_EDGE('',*,*,#2647,.F.);
#3619=ORIENTED_EDGE('',*,*,#2666,.F.);
#3620=ORIENTED_EDGE('',*,*,#2667,.F.);
#3621=ORIENTED_EDGE('',*,*,#2625,.F.);
#3622=ORIENTED_EDGE('',*,*,#2668,.F.);
#3623=ORIENTED_EDGE('',*,*,#2669,.T.);
#3624=ORIENTED_EDGE('',*,*,#2643,.T.);
#3625=ORIENTED_EDGE('',*,*,#2670,.T.);
#3626=ORIENTED_EDGE('',*,*,#2670,.F.);
#3627=ORIENTED_EDGE('',*,*,#2642,.F.);
#3628=ORIENTED_EDGE('',*,*,#2671,.F.);
#3629=ORIENTED_EDGE('',*,*,#2672,.T.);
#3630=ORIENTED_EDGE('',*,*,#2660,.F.);
#3631=ORIENTED_EDGE('',*,*,#2673,.T.);
#3632=ORIENTED_EDGE('',*,*,#2674,.T.);
#3633=ORIENTED_EDGE('',*,*,#2675,.T.);
#3634=ORIENTED_EDGE('',*,*,#2673,.F.);
#3635=ORIENTED_EDGE('',*,*,#2659,.T.);
#3636=ORIENTED_EDGE('',*,*,#2676,.F.);
#3637=ORIENTED_EDGE('',*,*,#2677,.F.);
#3638=ORIENTED_EDGE('',*,*,#2678,.F.);
#3639=ORIENTED_EDGE('',*,*,#2623,.T.);
#3640=ORIENTED_EDGE('',*,*,#2645,.T.);
#3641=ORIENTED_EDGE('',*,*,#2679,.T.);
#3642=ORIENTED_EDGE('',*,*,#2669,.F.);
#3643=ORIENTED_EDGE('',*,*,#2680,.T.);
#3644=ORIENTED_EDGE('',*,*,#2679,.F.);
#3645=ORIENTED_EDGE('',*,*,#2644,.F.);
#3646=ORIENTED_EDGE('',*,*,#2662,.F.);
#3647=ORIENTED_EDGE('',*,*,#2681,.T.);
#3648=ORIENTED_EDGE('',*,*,#2682,.T.);
#3649=ORIENTED_EDGE('',*,*,#2651,.T.);
#3650=ORIENTED_EDGE('',*,*,#2683,.T.);
#3651=ORIENTED_EDGE('',*,*,#2684,.T.);
#3652=ORIENTED_EDGE('',*,*,#2685,.T.);
#3653=ORIENTED_EDGE('',*,*,#2686,.T.);
#3654=ORIENTED_EDGE('',*,*,#2683,.F.);
#3655=ORIENTED_EDGE('',*,*,#2687,.F.);
#3656=ORIENTED_EDGE('',*,*,#2688,.T.);
#3657=ORIENTED_EDGE('',*,*,#2634,.F.);
#3658=ORIENTED_EDGE('',*,*,#2689,.F.);
#3659=ORIENTED_EDGE('',*,*,#2686,.F.);
#3660=ORIENTED_EDGE('',*,*,#2690,.T.);
#3661=ORIENTED_EDGE('',*,*,#2691,.T.);
#3662=ORIENTED_EDGE('',*,*,#2692,.T.);
#3663=ORIENTED_EDGE('',*,*,#2693,.T.);
#3664=ORIENTED_EDGE('',*,*,#2694,.F.);
#3665=ORIENTED_EDGE('',*,*,#2695,.F.);
#3666=ORIENTED_EDGE('',*,*,#2696,.F.);
#3667=ORIENTED_EDGE('',*,*,#2697,.F.);
#3668=ORIENTED_EDGE('',*,*,#2698,.F.);
#3669=ORIENTED_EDGE('',*,*,#2699,.F.);
#3670=ORIENTED_EDGE('',*,*,#2700,.F.);
#3671=ORIENTED_EDGE('',*,*,#2701,.F.);
#3672=ORIENTED_EDGE('',*,*,#2702,.F.);
#3673=ORIENTED_EDGE('',*,*,#2703,.F.);
#3674=ORIENTED_EDGE('',*,*,#2704,.T.);
#3675=ORIENTED_EDGE('',*,*,#2705,.T.);
#3676=ORIENTED_EDGE('',*,*,#2706,.T.);
#3677=ORIENTED_EDGE('',*,*,#2707,.T.);
#3678=ORIENTED_EDGE('',*,*,#2708,.T.);
#3679=ORIENTED_EDGE('',*,*,#2709,.T.);
#3680=ORIENTED_EDGE('',*,*,#2687,.T.);
#3681=ORIENTED_EDGE('',*,*,#2599,.T.);
#3682=ORIENTED_EDGE('',*,*,#2601,.T.);
#3683=ORIENTED_EDGE('',*,*,#2604,.T.);
#3684=ORIENTED_EDGE('',*,*,#2607,.T.);
#3685=ORIENTED_EDGE('',*,*,#2533,.T.);
#3686=ORIENTED_EDGE('',*,*,#2535,.T.);
#3687=ORIENTED_EDGE('',*,*,#2538,.T.);
#3688=ORIENTED_EDGE('',*,*,#2541,.T.);
#3689=ORIENTED_EDGE('',*,*,#2488,.T.);
#3690=ORIENTED_EDGE('',*,*,#2490,.T.);
#3691=ORIENTED_EDGE('',*,*,#2493,.T.);
#3692=ORIENTED_EDGE('',*,*,#2545,.T.);
#3693=ORIENTED_EDGE('',*,*,#2547,.T.);
#3694=ORIENTED_EDGE('',*,*,#2550,.T.);
#3695=ORIENTED_EDGE('',*,*,#2553,.T.);
#3696=ORIENTED_EDGE('',*,*,#2611,.T.);
#3697=ORIENTED_EDGE('',*,*,#2613,.T.);
#3698=ORIENTED_EDGE('',*,*,#2616,.T.);
#3699=ORIENTED_EDGE('',*,*,#2587,.T.);
#3700=ORIENTED_EDGE('',*,*,#2589,.T.);
#3701=ORIENTED_EDGE('',*,*,#2592,.T.);
#3702=ORIENTED_EDGE('',*,*,#2595,.T.);
#3703=ORIENTED_EDGE('',*,*,#2509,.T.);
#3704=ORIENTED_EDGE('',*,*,#2511,.T.);
#3705=ORIENTED_EDGE('',*,*,#2514,.T.);
#3706=ORIENTED_EDGE('',*,*,#2517,.T.);
#3707=ORIENTED_EDGE('',*,*,#2521,.T.);
#3708=ORIENTED_EDGE('',*,*,#2523,.T.);
#3709=ORIENTED_EDGE('',*,*,#2526,.T.);
#3710=ORIENTED_EDGE('',*,*,#2529,.T.);
#3711=ORIENTED_EDGE('',*,*,#2497,.T.);
#3712=ORIENTED_EDGE('',*,*,#2499,.T.);
#3713=ORIENTED_EDGE('',*,*,#2502,.T.);
#3714=ORIENTED_EDGE('',*,*,#2505,.T.);
#3715=ORIENTED_EDGE('',*,*,#2561,.T.);
#3716=ORIENTED_EDGE('',*,*,#2562,.T.);
#3717=ORIENTED_EDGE('',*,*,#2565,.T.);
#3718=ORIENTED_EDGE('',*,*,#2568,.T.);
#3719=ORIENTED_EDGE('',*,*,#2557,.T.);
#3720=ORIENTED_EDGE('',*,*,#2576,.T.);
#3721=ORIENTED_EDGE('',*,*,#2577,.T.);
#3722=ORIENTED_EDGE('',*,*,#2580,.T.);
#3723=ORIENTED_EDGE('',*,*,#2583,.T.);
#3724=ORIENTED_EDGE('',*,*,#2572,.T.);
#3725=ORIENTED_EDGE('',*,*,#2710,.T.);
#3726=ORIENTED_EDGE('',*,*,#2711,.T.);
#3727=ORIENTED_EDGE('',*,*,#2712,.T.);
#3728=ORIENTED_EDGE('',*,*,#2713,.T.);
#3729=ORIENTED_EDGE('',*,*,#2712,.F.);
#3730=ORIENTED_EDGE('',*,*,#2714,.F.);
#3731=ORIENTED_EDGE('',*,*,#2715,.F.);
#3732=ORIENTED_EDGE('',*,*,#2716,.F.);
#3733=ORIENTED_EDGE('',*,*,#2717,.F.);
#3734=ORIENTED_EDGE('',*,*,#2711,.F.);
#3735=ORIENTED_EDGE('',*,*,#2718,.T.);
#3736=ORIENTED_EDGE('',*,*,#2719,.T.);
#3737=ORIENTED_EDGE('',*,*,#2720,.T.);
#3738=ORIENTED_EDGE('',*,*,#2721,.T.);
#3739=ORIENTED_EDGE('',*,*,#2722,.T.);
#3740=ORIENTED_EDGE('',*,*,#2723,.T.);
#3741=ORIENTED_EDGE('',*,*,#2724,.T.);
#3742=ORIENTED_EDGE('',*,*,#2725,.F.);
#3743=ORIENTED_EDGE('',*,*,#2726,.F.);
#3744=ORIENTED_EDGE('',*,*,#2727,.F.);
#3745=ORIENTED_EDGE('',*,*,#2728,.F.);
#3746=ORIENTED_EDGE('',*,*,#2729,.F.);
#3747=ORIENTED_EDGE('',*,*,#2730,.F.);
#3748=ORIENTED_EDGE('',*,*,#2731,.F.);
#3749=ORIENTED_EDGE('',*,*,#2732,.F.);
#3750=ORIENTED_EDGE('',*,*,#2733,.F.);
#3751=ORIENTED_EDGE('',*,*,#2734,.F.);
#3752=ORIENTED_EDGE('',*,*,#2735,.T.);
#3753=ORIENTED_EDGE('',*,*,#2736,.T.);
#3754=ORIENTED_EDGE('',*,*,#2737,.T.);
#3755=ORIENTED_EDGE('',*,*,#2714,.T.);
#3756=ORIENTED_EDGE('',*,*,#2475,.T.);
#3757=ORIENTED_EDGE('',*,*,#2467,.T.);
#3758=ORIENTED_EDGE('',*,*,#2471,.T.);
#3759=ORIENTED_EDGE('',*,*,#2474,.T.);
#3760=ORIENTED_EDGE('',*,*,#2409,.T.);
#3761=ORIENTED_EDGE('',*,*,#2401,.T.);
#3762=ORIENTED_EDGE('',*,*,#2405,.T.);
#3763=ORIENTED_EDGE('',*,*,#2408,.T.);
#3764=ORIENTED_EDGE('',*,*,#2361,.T.);
#3765=ORIENTED_EDGE('',*,*,#2356,.T.);
#3766=ORIENTED_EDGE('',*,*,#2360,.T.);
#3767=ORIENTED_EDGE('',*,*,#2421,.T.);
#3768=ORIENTED_EDGE('',*,*,#2413,.T.);
#3769=ORIENTED_EDGE('',*,*,#2417,.T.);
#3770=ORIENTED_EDGE('',*,*,#2420,.T.);
#3771=ORIENTED_EDGE('',*,*,#2484,.T.);
#3772=ORIENTED_EDGE('',*,*,#2479,.T.);
#3773=ORIENTED_EDGE('',*,*,#2483,.T.);
#3774=ORIENTED_EDGE('',*,*,#2463,.T.);
#3775=ORIENTED_EDGE('',*,*,#2455,.T.);
#3776=ORIENTED_EDGE('',*,*,#2459,.T.);
#3777=ORIENTED_EDGE('',*,*,#2462,.T.);
#3778=ORIENTED_EDGE('',*,*,#2385,.T.);
#3779=ORIENTED_EDGE('',*,*,#2377,.T.);
#3780=ORIENTED_EDGE('',*,*,#2381,.T.);
#3781=ORIENTED_EDGE('',*,*,#2384,.T.);
#3782=ORIENTED_EDGE('',*,*,#2397,.T.);
#3783=ORIENTED_EDGE('',*,*,#2389,.T.);
#3784=ORIENTED_EDGE('',*,*,#2393,.T.);
#3785=ORIENTED_EDGE('',*,*,#2396,.T.);
#3786=ORIENTED_EDGE('',*,*,#2373,.T.);
#3787=ORIENTED_EDGE('',*,*,#2365,.T.);
#3788=ORIENTED_EDGE('',*,*,#2369,.T.);
#3789=ORIENTED_EDGE('',*,*,#2372,.T.);
#3790=ORIENTED_EDGE('',*,*,#2433,.T.);
#3791=ORIENTED_EDGE('',*,*,#2436,.T.);
#3792=ORIENTED_EDGE('',*,*,#2425,.T.);
#3793=ORIENTED_EDGE('',*,*,#2429,.T.);
#3794=ORIENTED_EDGE('',*,*,#2432,.T.);
#3795=ORIENTED_EDGE('',*,*,#2448,.T.);
#3796=ORIENTED_EDGE('',*,*,#2451,.T.);
#3797=ORIENTED_EDGE('',*,*,#2440,.T.);
#3798=ORIENTED_EDGE('',*,*,#2444,.T.);
#3799=ORIENTED_EDGE('',*,*,#2447,.T.);
#3800=ORIENTED_EDGE('',*,*,#2738,.T.);
#3801=ORIENTED_EDGE('',*,*,#2739,.T.);
#3802=ORIENTED_EDGE('',*,*,#2740,.T.);
#3803=ORIENTED_EDGE('',*,*,#2725,.T.);
#3804=ORIENTED_EDGE('',*,*,#2741,.T.);
#3805=ORIENTED_EDGE('',*,*,#2742,.T.);
#3806=ORIENTED_EDGE('',*,*,#2740,.F.);
#3807=ORIENTED_EDGE('',*,*,#2743,.T.);
#3808=ORIENTED_EDGE('',*,*,#2744,.T.);
#3809=ORIENTED_EDGE('',*,*,#2745,.T.);
#3810=ORIENTED_EDGE('',*,*,#2741,.F.);
#3811=ORIENTED_EDGE('',*,*,#2746,.T.);
#3812=ORIENTED_EDGE('',*,*,#2747,.T.);
#3813=ORIENTED_EDGE('',*,*,#2748,.T.);
#3814=ORIENTED_EDGE('',*,*,#2744,.F.);
#3815=ORIENTED_EDGE('',*,*,#2749,.T.);
#3816=ORIENTED_EDGE('',*,*,#2750,.T.);
#3817=ORIENTED_EDGE('',*,*,#2703,.T.);
#3818=ORIENTED_EDGE('',*,*,#2747,.F.);
#3819=ORIENTED_EDGE('',*,*,#2751,.T.);
#3820=ORIENTED_EDGE('',*,*,#2751,.F.);
#3821=ORIENTED_EDGE('',*,*,#2749,.F.);
#3822=ORIENTED_EDGE('',*,*,#2746,.F.);
#3823=ORIENTED_EDGE('',*,*,#2743,.F.);
#3824=ORIENTED_EDGE('',*,*,#2739,.F.);
#3825=ORIENTED_EDGE('',*,*,#2752,.T.);
#3826=ORIENTED_EDGE('',*,*,#2750,.F.);
#3827=ORIENTED_EDGE('',*,*,#2752,.F.);
#3828=ORIENTED_EDGE('',*,*,#2738,.F.);
#3829=ORIENTED_EDGE('',*,*,#2724,.F.);
#3830=ORIENTED_EDGE('',*,*,#2753,.T.);
#3831=ORIENTED_EDGE('',*,*,#2704,.F.);
#3832=ORIENTED_EDGE('',*,*,#2754,.T.);
#3833=ORIENTED_EDGE('',*,*,#2731,.T.);
#3834=ORIENTED_EDGE('',*,*,#2755,.T.);
#3835=ORIENTED_EDGE('',*,*,#2756,.T.);
#3836=ORIENTED_EDGE('',*,*,#2755,.F.);
#3837=ORIENTED_EDGE('',*,*,#2757,.T.);
#3838=ORIENTED_EDGE('',*,*,#2758,.T.);
#3839=ORIENTED_EDGE('',*,*,#2759,.T.);
#3840=ORIENTED_EDGE('',*,*,#2760,.T.);
#3841=ORIENTED_EDGE('',*,*,#2761,.T.);
#3842=ORIENTED_EDGE('',*,*,#2758,.F.);
#3843=ORIENTED_EDGE('',*,*,#2762,.T.);
#3844=ORIENTED_EDGE('',*,*,#2760,.F.);
#3845=ORIENTED_EDGE('',*,*,#2763,.T.);
#3846=ORIENTED_EDGE('',*,*,#2764,.T.);
#3847=ORIENTED_EDGE('',*,*,#2765,.T.);
#3848=ORIENTED_EDGE('',*,*,#2766,.T.);
#3849=ORIENTED_EDGE('',*,*,#2767,.T.);
#3850=ORIENTED_EDGE('',*,*,#2764,.F.);
#3851=ORIENTED_EDGE('',*,*,#2697,.T.);
#3852=ORIENTED_EDGE('',*,*,#2763,.F.);
#3853=ORIENTED_EDGE('',*,*,#2768,.T.);
#3854=ORIENTED_EDGE('',*,*,#2769,.F.);
#3855=ORIENTED_EDGE('',*,*,#2698,.T.);
#3856=ORIENTED_EDGE('',*,*,#2762,.F.);
#3857=ORIENTED_EDGE('',*,*,#2770,.F.);
#3858=ORIENTED_EDGE('',*,*,#2771,.F.);
#3859=ORIENTED_EDGE('',*,*,#2768,.F.);
#3860=ORIENTED_EDGE('',*,*,#2757,.F.);
#3861=ORIENTED_EDGE('',*,*,#2730,.T.);
#3862=ORIENTED_EDGE('',*,*,#2772,.F.);
#3863=ORIENTED_EDGE('',*,*,#2770,.T.);
#3864=ORIENTED_EDGE('',*,*,#2773,.T.);
#3865=ORIENTED_EDGE('',*,*,#2774,.T.);
#3866=ORIENTED_EDGE('',*,*,#2728,.T.);
#3867=ORIENTED_EDGE('',*,*,#2775,.T.);
#3868=ORIENTED_EDGE('',*,*,#2776,.T.);
#3869=ORIENTED_EDGE('',*,*,#2777,.T.);
#3870=ORIENTED_EDGE('',*,*,#2701,.T.);
#3871=ORIENTED_EDGE('',*,*,#2778,.T.);
#3872=ORIENTED_EDGE('',*,*,#2779,.T.);
#3873=ORIENTED_EDGE('',*,*,#2780,.T.);
#3874=ORIENTED_EDGE('',*,*,#2777,.F.);
#3875=ORIENTED_EDGE('',*,*,#2781,.T.);
#3876=ORIENTED_EDGE('',*,*,#2779,.F.);
#3877=ORIENTED_EDGE('',*,*,#2782,.T.);
#3878=ORIENTED_EDGE('',*,*,#2783,.T.);
#3879=ORIENTED_EDGE('',*,*,#2784,.T.);
#3880=ORIENTED_EDGE('',*,*,#2785,.T.);
#3881=ORIENTED_EDGE('',*,*,#2786,.T.);
#3882=ORIENTED_EDGE('',*,*,#2783,.F.);
#3883=ORIENTED_EDGE('',*,*,#2787,.T.);
#3884=ORIENTED_EDGE('',*,*,#2727,.T.);
#3885=ORIENTED_EDGE('',*,*,#2785,.F.);
#3886=ORIENTED_EDGE('',*,*,#2788,.T.);
#3887=ORIENTED_EDGE('',*,*,#2775,.F.);
#3888=ORIENTED_EDGE('',*,*,#2700,.T.);
#3889=ORIENTED_EDGE('',*,*,#2789,.T.);
#3890=ORIENTED_EDGE('',*,*,#2790,.T.);
#3891=ORIENTED_EDGE('',*,*,#2778,.F.);
#3892=ORIENTED_EDGE('',*,*,#2791,.T.);
#3893=ORIENTED_EDGE('',*,*,#2769,.T.);
#3894=ORIENTED_EDGE('',*,*,#2792,.T.);
#3895=ORIENTED_EDGE('',*,*,#2793,.T.);
#3896=ORIENTED_EDGE('',*,*,#2794,.T.);
#3897=ORIENTED_EDGE('',*,*,#2795,.T.);
#3898=ORIENTED_EDGE('',*,*,#2792,.F.);
#3899=ORIENTED_EDGE('',*,*,#2771,.T.);
#3900=ORIENTED_EDGE('',*,*,#2796,.T.);
#3901=ORIENTED_EDGE('',*,*,#2797,.T.);
#3902=ORIENTED_EDGE('',*,*,#2794,.F.);
#3903=ORIENTED_EDGE('',*,*,#2772,.T.);
#3904=ORIENTED_EDGE('',*,*,#2791,.F.);
#3905=ORIENTED_EDGE('',*,*,#2798,.T.);
#3906=ORIENTED_EDGE('',*,*,#2789,.F.);
#3907=ORIENTED_EDGE('',*,*,#2699,.T.);
#3908=ORIENTED_EDGE('',*,*,#2774,.F.);
#3909=ORIENTED_EDGE('',*,*,#2799,.T.);
#3910=ORIENTED_EDGE('',*,*,#2796,.F.);
#3911=ORIENTED_EDGE('',*,*,#2729,.T.);
#3912=ORIENTED_EDGE('',*,*,#2788,.F.);
#3913=ORIENTED_EDGE('',*,*,#2787,.F.);
#3914=ORIENTED_EDGE('',*,*,#2782,.F.);
#3915=ORIENTED_EDGE('',*,*,#2781,.F.);
#3916=ORIENTED_EDGE('',*,*,#2776,.F.);
#3917=ORIENTED_EDGE('',*,*,#2800,.F.);
#3918=ORIENTED_EDGE('',*,*,#2801,.T.);
#3919=ORIENTED_EDGE('',*,*,#2671,.T.);
#3920=ORIENTED_EDGE('',*,*,#2641,.T.);
#3921=ORIENTED_EDGE('',*,*,#2802,.F.);
#3922=ORIENTED_EDGE('',*,*,#2656,.T.);
#3923=ORIENTED_EDGE('',*,*,#2803,.T.);
#3924=ORIENTED_EDGE('',*,*,#2640,.T.);
#3925=ORIENTED_EDGE('',*,*,#2804,.T.);
#3926=ORIENTED_EDGE('',*,*,#2657,.T.);
#3927=ORIENTED_EDGE('',*,*,#2802,.T.);
#3928=ORIENTED_EDGE('',*,*,#2804,.F.);
#3929=ORIENTED_EDGE('',*,*,#2639,.F.);
#3930=ORIENTED_EDGE('',*,*,#2805,.T.);
#3931=ORIENTED_EDGE('',*,*,#2806,.F.);
#3932=ORIENTED_EDGE('',*,*,#2676,.T.);
#3933=ORIENTED_EDGE('',*,*,#2658,.T.);
#3934=ORIENTED_EDGE('',*,*,#2626,.T.);
#3935=ORIENTED_EDGE('',*,*,#2667,.T.);
#3936=ORIENTED_EDGE('',*,*,#2807,.T.);
#3937=ORIENTED_EDGE('',*,*,#2808,.T.);
#3938=ORIENTED_EDGE('',*,*,#2748,.F.);
#3939=ORIENTED_EDGE('',*,*,#2702,.T.);
#3940=ORIENTED_EDGE('',*,*,#2780,.F.);
#3941=ORIENTED_EDGE('',*,*,#2809,.T.);
#3942=ORIENTED_EDGE('',*,*,#2742,.F.);
#3943=ORIENTED_EDGE('',*,*,#2810,.T.);
#3944=ORIENTED_EDGE('',*,*,#2786,.F.);
#3945=ORIENTED_EDGE('',*,*,#2726,.T.);
#3946=ORIENTED_EDGE('',*,*,#2773,.F.);
#3947=ORIENTED_EDGE('',*,*,#2803,.F.);
#3948=ORIENTED_EDGE('',*,*,#2655,.T.);
#3949=ORIENTED_EDGE('',*,*,#2811,.T.);
#3950=ORIENTED_EDGE('',*,*,#2812,.T.);
#3951=ORIENTED_EDGE('',*,*,#2800,.T.);
#3952=ORIENTED_EDGE('',*,*,#2790,.F.);
#3953=ORIENTED_EDGE('',*,*,#2798,.F.);
#3954=ORIENTED_EDGE('',*,*,#2793,.F.);
#3955=ORIENTED_EDGE('',*,*,#2795,.F.);
#3956=ORIENTED_EDGE('',*,*,#2797,.F.);
#3957=ORIENTED_EDGE('',*,*,#2799,.F.);
#3958=ORIENTED_EDGE('',*,*,#2767,.F.);
#3959=ORIENTED_EDGE('',*,*,#2813,.F.);
#3960=ORIENTED_EDGE('',*,*,#2756,.F.);
#3961=ORIENTED_EDGE('',*,*,#2759,.F.);
#3962=ORIENTED_EDGE('',*,*,#2761,.F.);
#3963=ORIENTED_EDGE('',*,*,#2765,.F.);
#3964=ORIENTED_EDGE('',*,*,#2814,.F.);
#3965=ORIENTED_EDGE('',*,*,#2815,.T.);
#3966=ORIENTED_EDGE('',*,*,#2816,.T.);
#3967=ORIENTED_EDGE('',*,*,#2815,.F.);
#3968=ORIENTED_EDGE('',*,*,#2816,.F.);
#3969=ORIENTED_EDGE('',*,*,#2817,.T.);
#3970=ORIENTED_EDGE('',*,*,#2818,.T.);
#3971=ORIENTED_EDGE('',*,*,#2663,.F.);
#3972=ORIENTED_EDGE('',*,*,#2818,.F.);
#3973=ORIENTED_EDGE('',*,*,#2817,.F.);
#3974=ORIENTED_EDGE('',*,*,#2624,.F.);
#3975=ORIENTED_EDGE('',*,*,#2678,.T.);
#3976=ORIENTED_EDGE('',*,*,#2680,.F.);
#3977=ORIENTED_EDGE('',*,*,#2668,.T.);
#3978=ORIENTED_EDGE('',*,*,#2672,.F.);
#3979=ORIENTED_EDGE('',*,*,#2801,.F.);
#3980=ORIENTED_EDGE('',*,*,#2812,.F.);
#3981=ORIENTED_EDGE('',*,*,#2819,.F.);
#3982=ORIENTED_EDGE('',*,*,#2664,.F.);
#3983=ORIENTED_EDGE('',*,*,#2620,.F.);
#3984=ORIENTED_EDGE('',*,*,#2814,.T.);
#3985=ORIENTED_EDGE('',*,*,#2675,.F.);
#3986=ORIENTED_EDGE('',*,*,#2820,.F.);
#3987=ORIENTED_EDGE('',*,*,#2681,.F.);
#3988=ORIENTED_EDGE('',*,*,#2661,.T.);
#3989=ORIENTED_EDGE('',*,*,#2705,.F.);
#3990=ORIENTED_EDGE('',*,*,#2753,.F.);
#3991=ORIENTED_EDGE('',*,*,#2723,.F.);
#3992=ORIENTED_EDGE('',*,*,#2821,.T.);
#3993=ORIENTED_EDGE('',*,*,#2822,.T.);
#3994=ORIENTED_EDGE('',*,*,#2721,.F.);
#3995=ORIENTED_EDGE('',*,*,#2823,.T.);
#3996=ORIENTED_EDGE('',*,*,#2824,.F.);
#3997=ORIENTED_EDGE('',*,*,#2825,.T.);
#3998=ORIENTED_EDGE('',*,*,#2637,.T.);
#3999=ORIENTED_EDGE('',*,*,#2826,.T.);
#4000=ORIENTED_EDGE('',*,*,#2707,.F.);
#4001=ORIENTED_EDGE('',*,*,#2827,.F.);
#4002=ORIENTED_EDGE('',*,*,#2823,.F.);
#4003=ORIENTED_EDGE('',*,*,#2720,.F.);
#4004=ORIENTED_EDGE('',*,*,#2828,.T.);
#4005=ORIENTED_EDGE('',*,*,#2829,.F.);
#4006=ORIENTED_EDGE('',*,*,#2828,.F.);
#4007=ORIENTED_EDGE('',*,*,#2719,.F.);
#4008=ORIENTED_EDGE('',*,*,#2830,.F.);
#4009=ORIENTED_EDGE('',*,*,#2635,.F.);
#4010=ORIENTED_EDGE('',*,*,#2688,.F.);
#4011=ORIENTED_EDGE('',*,*,#2709,.F.);
#4012=ORIENTED_EDGE('',*,*,#2831,.F.);
#4013=ORIENTED_EDGE('',*,*,#2710,.F.);
#4014=ORIENTED_EDGE('',*,*,#2832,.F.);
#4015=ORIENTED_EDGE('',*,*,#2833,.F.);
#4016=ORIENTED_EDGE('',*,*,#2830,.T.);
#4017=ORIENTED_EDGE('',*,*,#2718,.F.);
#4018=ORIENTED_EDGE('',*,*,#2831,.T.);
#4019=ORIENTED_EDGE('',*,*,#2708,.F.);
#4020=ORIENTED_EDGE('',*,*,#2826,.F.);
#4021=ORIENTED_EDGE('',*,*,#2636,.F.);
#4022=ORIENTED_EDGE('',*,*,#2834,.F.);
#4023=ORIENTED_EDGE('',*,*,#2805,.F.);
#4024=ORIENTED_EDGE('',*,*,#2638,.F.);
#4025=ORIENTED_EDGE('',*,*,#2825,.F.);
#4026=ORIENTED_EDGE('',*,*,#2706,.F.);
#4027=ORIENTED_EDGE('',*,*,#2821,.F.);
#4028=ORIENTED_EDGE('',*,*,#2722,.F.);
#4029=ORIENTED_EDGE('',*,*,#2822,.F.);
#4030=ORIENTED_EDGE('',*,*,#2713,.F.);
#4031=ORIENTED_EDGE('',*,*,#2717,.T.);
#4032=ORIENTED_EDGE('',*,*,#2835,.F.);
#4033=ORIENTED_EDGE('',*,*,#2832,.T.);
#4034=ORIENTED_EDGE('',*,*,#2684,.F.);
#4035=ORIENTED_EDGE('',*,*,#2689,.T.);
#4036=ORIENTED_EDGE('',*,*,#2633,.T.);
#4037=ORIENTED_EDGE('',*,*,#2836,.T.);
#4038=ORIENTED_EDGE('',*,*,#2646,.F.);
#4039=ORIENTED_EDGE('',*,*,#2652,.T.);
#4040=ORIENTED_EDGE('',*,*,#2682,.F.);
#4041=ORIENTED_EDGE('',*,*,#2820,.T.);
#4042=ORIENTED_EDGE('',*,*,#2674,.F.);
#4043=ORIENTED_EDGE('',*,*,#2677,.T.);
#4044=ORIENTED_EDGE('',*,*,#2806,.T.);
#4045=ORIENTED_EDGE('',*,*,#2834,.T.);
#4046=ORIENTED_EDGE('',*,*,#2824,.T.);
#4047=ORIENTED_EDGE('',*,*,#2827,.T.);
#4048=ORIENTED_EDGE('',*,*,#2829,.T.);
#4049=ORIENTED_EDGE('',*,*,#2833,.T.);
#4050=ORIENTED_EDGE('',*,*,#2835,.T.);
#4051=ORIENTED_EDGE('',*,*,#2716,.T.);
#4052=ORIENTED_EDGE('',*,*,#2837,.T.);
#4053=ORIENTED_EDGE('',*,*,#2838,.T.);
#4054=ORIENTED_EDGE('',*,*,#2839,.F.);
#4055=ORIENTED_EDGE('',*,*,#2840,.T.);
#4056=ORIENTED_EDGE('',*,*,#2841,.T.);
#4057=ORIENTED_EDGE('',*,*,#2807,.F.);
#4058=ORIENTED_EDGE('',*,*,#2666,.T.);
#4059=ORIENTED_EDGE('',*,*,#2766,.F.);
#4060=ORIENTED_EDGE('',*,*,#2696,.T.);
#4061=ORIENTED_EDGE('',*,*,#2842,.F.);
#4062=ORIENTED_EDGE('',*,*,#2732,.T.);
#4063=ORIENTED_EDGE('',*,*,#2754,.F.);
#4064=ORIENTED_EDGE('',*,*,#2813,.T.);
#4065=ORIENTED_EDGE('',*,*,#2695,.T.);
#4066=ORIENTED_EDGE('',*,*,#2843,.F.);
#4067=ORIENTED_EDGE('',*,*,#2733,.T.);
#4068=ORIENTED_EDGE('',*,*,#2842,.T.);
#4069=ORIENTED_EDGE('',*,*,#2844,.T.);
#4070=ORIENTED_EDGE('',*,*,#2839,.T.);
#4071=ORIENTED_EDGE('',*,*,#2845,.F.);
#4072=ORIENTED_EDGE('',*,*,#2735,.F.);
#4073=ORIENTED_EDGE('',*,*,#2846,.F.);
#4074=ORIENTED_EDGE('',*,*,#2736,.F.);
#4075=ORIENTED_EDGE('',*,*,#2845,.T.);
#4076=ORIENTED_EDGE('',*,*,#2838,.F.);
#4077=ORIENTED_EDGE('',*,*,#2630,.F.);
#4078=ORIENTED_EDGE('',*,*,#2847,.T.);
#4079=ORIENTED_EDGE('',*,*,#2692,.F.);
#4080=ORIENTED_EDGE('',*,*,#2848,.F.);
#4081=ORIENTED_EDGE('',*,*,#2837,.F.);
#4082=ORIENTED_EDGE('',*,*,#2715,.T.);
#4083=ORIENTED_EDGE('',*,*,#2737,.F.);
#4084=ORIENTED_EDGE('',*,*,#2846,.T.);
#4085=ORIENTED_EDGE('',*,*,#2631,.F.);
#4086=ORIENTED_EDGE('',*,*,#2848,.T.);
#4087=ORIENTED_EDGE('',*,*,#2691,.F.);
#4088=ORIENTED_EDGE('',*,*,#2849,.T.);
#4089=ORIENTED_EDGE('',*,*,#2685,.F.);
#4090=ORIENTED_EDGE('',*,*,#2836,.F.);
#4091=ORIENTED_EDGE('',*,*,#2632,.F.);
#4092=ORIENTED_EDGE('',*,*,#2849,.F.);
#4093=ORIENTED_EDGE('',*,*,#2690,.F.);
#4094=ORIENTED_EDGE('',*,*,#2850,.T.);
#4095=ORIENTED_EDGE('',*,*,#2693,.F.);
#4096=ORIENTED_EDGE('',*,*,#2847,.F.);
#4097=ORIENTED_EDGE('',*,*,#2629,.F.);
#4098=ORIENTED_EDGE('',*,*,#2745,.F.);
#4099=ORIENTED_EDGE('',*,*,#2809,.F.);
#4100=ORIENTED_EDGE('',*,*,#2784,.F.);
#4101=ORIENTED_EDGE('',*,*,#2810,.F.);
#4102=ORIENTED_EDGE('',*,*,#2811,.F.);
#4103=ORIENTED_EDGE('',*,*,#2654,.T.);
#4104=ORIENTED_EDGE('',*,*,#2665,.F.);
#4105=ORIENTED_EDGE('',*,*,#2819,.T.);
#4106=ORIENTED_EDGE('',*,*,#2808,.F.);
#4107=ORIENTED_EDGE('',*,*,#2841,.F.);
#4108=ORIENTED_EDGE('',*,*,#2851,.F.);
#4109=ORIENTED_EDGE('',*,*,#2627,.F.);
#4110=ORIENTED_EDGE('',*,*,#2628,.F.);
#4111=ORIENTED_EDGE('',*,*,#2851,.T.);
#4112=ORIENTED_EDGE('',*,*,#2840,.F.);
#4113=ORIENTED_EDGE('',*,*,#2844,.F.);
#4114=ORIENTED_EDGE('',*,*,#2734,.T.);
#4115=ORIENTED_EDGE('',*,*,#2843,.T.);
#4116=ORIENTED_EDGE('',*,*,#2694,.T.);
#4117=ORIENTED_EDGE('',*,*,#2850,.F.);
#4118=PLANE('',#4591);
#4119=PLANE('',#4595);
#4120=PLANE('',#4599);
#4121=PLANE('',#4600);
#4122=PLANE('',#4604);
#4123=PLANE('',#4608);
#4124=PLANE('',#4612);
#4125=PLANE('',#4616);
#4126=PLANE('',#4622);
#4127=PLANE('',#4623);
#4128=PLANE('',#4625);
#4129=PLANE('',#4628);
#4130=PLANE('',#4634);
#4131=PLANE('',#4641);
#4132=PLANE('',#4642);
#4133=PLANE('',#4646);
#4134=PLANE('',#4647);
#4135=PLANE('',#4651);
#4136=PLANE('',#4654);
#4137=PLANE('',#4657);
#4138=PLANE('',#4658);
#4139=PLANE('',#4662);
#4140=PLANE('',#4663);
#4141=PLANE('',#4667);
#4142=PLANE('',#4668);
#4143=PLANE('',#4672);
#4144=PLANE('',#4674);
#4145=PLANE('',#4678);
#4146=PLANE('',#4679);
#4147=PLANE('',#4682);
#4148=PLANE('',#4683);
#4149=PLANE('',#4685);
#4150=PLANE('',#4686);
#4151=PLANE('',#4687);
#4152=PLANE('',#4688);
#4153=PLANE('',#4689);
#4154=PLANE('',#4690);
#4155=PLANE('',#4691);
#4156=PLANE('',#4692);
#4157=PLANE('',#4693);
#4158=PLANE('',#4694);
#4159=PLANE('',#4695);
#4160=PLANE('',#4696);
#4161=PLANE('',#4697);
#4162=PLANE('',#4698);
#4163=PLANE('',#4699);
#4164=PLANE('',#4700);
#4165=PLANE('',#4701);
#4166=PLANE('',#4702);
#4167=PLANE('',#4703);
#4168=PLANE('',#4704);
#4169=PLANE('',#4705);
#4170=PLANE('',#4706);
#4171=PLANE('',#4707);
#4172=PLANE('',#4708);
#4173=PLANE('',#4709);
#4174=PLANE('',#4710);
#4175=PLANE('',#4711);
#4176=PLANE('',#4712);
#4177=PLANE('',#4713);
#4178=PLANE('',#4714);
#4179=PLANE('',#4715);
#4180=PLANE('',#4716);
#4181=PLANE('',#4717);
#4182=PLANE('',#4718);
#4183=PLANE('',#4719);
#4184=PLANE('',#4720);
#4185=PLANE('',#4721);
#4186=PLANE('',#4722);
#4187=PLANE('',#4723);
#4188=PLANE('',#4724);
#4189=PLANE('',#4725);
#4190=PLANE('',#4726);
#4191=PLANE('',#4727);
#4192=PLANE('',#4728);
#4193=PLANE('',#4729);
#4194=PLANE('',#4730);
#4195=PLANE('',#4731);
#4196=PLANE('',#4732);
#4197=PLANE('',#4733);
#4198=PLANE('',#4734);
#4199=PLANE('',#4735);
#4200=PLANE('',#4736);
#4201=PLANE('',#4737);
#4202=PLANE('',#4738);
#4203=PLANE('',#4739);
#4204=PLANE('',#4740);
#4205=PLANE('',#4741);
#4206=PLANE('',#4742);
#4207=PLANE('',#4743);
#4208=PLANE('',#4744);
#4209=PLANE('',#4745);
#4210=PLANE('',#4746);
#4211=PLANE('',#4747);
#4212=PLANE('',#4748);
#4213=PLANE('',#4749);
#4214=PLANE('',#4750);
#4215=PLANE('',#4751);
#4216=PLANE('',#4752);
#4217=PLANE('',#4753);
#4218=PLANE('',#4754);
#4219=PLANE('',#4755);
#4220=PLANE('',#4756);
#4221=PLANE('',#4757);
#4222=PLANE('',#4758);
#4223=PLANE('',#4759);
#4224=PLANE('',#4760);
#4225=PLANE('',#4761);
#4226=PLANE('',#4762);
#4227=PLANE('',#4763);
#4228=PLANE('',#4764);
#4229=PLANE('',#4765);
#4230=PLANE('',#4766);
#4231=PLANE('',#4767);
#4232=PLANE('',#4768);
#4233=PLANE('',#4769);
#4234=PLANE('',#4770);
#4235=PLANE('',#4771);
#4236=PLANE('',#4772);
#4237=PLANE('',#4773);
#4238=PLANE('',#4774);
#4239=PLANE('',#4775);
#4240=PLANE('',#4776);
#4241=PLANE('',#4777);
#4242=PLANE('',#4778);
#4243=PLANE('',#4779);
#4244=PLANE('',#4780);
#4245=PLANE('',#4781);
#4246=PLANE('',#4782);
#4247=PLANE('',#4783);
#4248=PLANE('',#4784);
#4249=PLANE('',#4785);
#4250=PLANE('',#4786);
#4251=PLANE('',#4787);
#4252=PLANE('',#4788);
#4253=PLANE('',#4789);
#4254=PLANE('',#4790);
#4255=PLANE('',#4791);
#4256=PLANE('',#4792);
#4257=PLANE('',#4793);
#4258=PLANE('',#4794);
#4259=PLANE('',#4798);
#4260=PLANE('',#4799);
#4261=PLANE('',#4810);
#4262=PLANE('',#4811);
#4263=PLANE('',#4817);
#4264=PLANE('',#4828);
#4265=PLANE('',#4831);
#4266=PLANE('',#4832);
#4267=PLANE('',#4833);
#4268=PLANE('',#4838);
#4269=PLANE('',#4839);
#4270=PLANE('',#4840);
#4271=PLANE('',#4845);
#4272=PLANE('',#4849);
#4273=PLANE('',#4853);
#4274=PLANE('',#4854);
#4275=PLANE('',#4855);
#4276=PLANE('',#4856);
#4277=PLANE('',#4860);
#4278=PLANE('',#4864);
#4279=PLANE('',#4866);
#4280=PLANE('',#4868);
#4281=PLANE('',#4869);
#4282=PLANE('',#4873);
#4283=PLANE('',#4877);
#4284=PLANE('',#4878);
#4285=PLANE('',#4879);
#4286=PLANE('',#4880);
#4287=PLANE('',#4882);
#4288=PLANE('',#4887);
#4289=PLANE('',#4888);
#4290=PLANE('',#4892);
#4291=PLANE('',#4895);
#4292=PLANE('',#4896);
#4293=PLANE('',#4897);
#4294=PLANE('',#4899);
#4295=PLANE('',#4900);
#4296=PLANE('',#4901);
#4297=PLANE('',#4905);
#4298=PLANE('',#4906);
#4299=PLANE('',#4907);
#4300=PLANE('',#4908);
#4301=PLANE('',#4909);
#4302=PLANE('',#4910);
#4303=PLANE('',#4912);
#4304=PLANE('',#4914);
#4305=PLANE('',#4915);
#4306=PLANE('',#4916);
#4307=PLANE('',#4919);
#4308=PLANE('',#4920);
#4309=PLANE('',#4921);
#4310=PLANE('',#4922);
#4311=PLANE('',#4923);
#4312=PLANE('',#4924);
#4313=ADVANCED_FACE('',(#203),#4118,.T.);
#4314=ADVANCED_FACE('',(#204),#185,.T.);
#4315=ADVANCED_FACE('',(#205),#4119,.T.);
#4316=ADVANCED_FACE('',(#206),#186,.T.);
#4317=ADVANCED_FACE('',(#207),#4120,.T.);
#4318=ADVANCED_FACE('',(#208),#4121,.T.);
#4319=ADVANCED_FACE('',(#209),#187,.T.);
#4320=ADVANCED_FACE('',(#210),#4122,.T.);
#4321=ADVANCED_FACE('',(#211),#188,.T.);
#4322=ADVANCED_FACE('',(#212),#4123,.T.);
#4323=ADVANCED_FACE('',(#213),#189,.T.);
#4324=ADVANCED_FACE('',(#214),#4124,.T.);
#4325=ADVANCED_FACE('',(#215),#190,.T.);
#4326=ADVANCED_FACE('',(#216),#4125,.T.);
#4327=ADVANCED_FACE('',(#217),#191,.T.);
#4328=ADVANCED_FACE('',(#218),#192,.T.);
#4329=ADVANCED_FACE('',(#219),#65,.T.);
#4330=ADVANCED_FACE('',(#220),#4126,.T.);
#4331=ADVANCED_FACE('',(#221),#4127,.T.);
#4332=ADVANCED_FACE('',(#222),#66,.T.);
#4333=ADVANCED_FACE('',(#223),#4128,.T.);
#4334=ADVANCED_FACE('',(#224),#67,.T.);
#4335=ADVANCED_FACE('',(#225),#4129,.F.);
#4336=ADVANCED_FACE('',(#226),#68,.T.);
#4337=ADVANCED_FACE('',(#227),#69,.T.);
#4338=ADVANCED_FACE('',(#228,#39),#4130,.T.);
#4339=ADVANCED_FACE('',(#229),#4131,.T.);
#4340=ADVANCED_FACE('',(#230),#4132,.F.);
#4341=ADVANCED_FACE('',(#231),#70,.T.);
#4342=ADVANCED_FACE('',(#232),#71,.T.);
#4343=ADVANCED_FACE('',(#233),#4133,.T.);
#4344=ADVANCED_FACE('',(#234),#4134,.T.);
#4345=ADVANCED_FACE('',(#235),#72,.T.);
#4346=ADVANCED_FACE('',(#236),#4135,.T.);
#4347=ADVANCED_FACE('',(#237),#73,.F.);
#4348=ADVANCED_FACE('',(#238),#4136,.T.);
#4349=ADVANCED_FACE('',(#239),#74,.T.);
#4350=ADVANCED_FACE('',(#240),#4137,.F.);
#4351=ADVANCED_FACE('',(#241),#4138,.T.);
#4352=ADVANCED_FACE('',(#242),#75,.T.);
#4353=ADVANCED_FACE('',(#243),#4139,.F.);
#4354=ADVANCED_FACE('',(#244),#4140,.T.);
#4355=ADVANCED_FACE('',(#245),#76,.T.);
#4356=ADVANCED_FACE('',(#246),#4141,.F.);
#4357=ADVANCED_FACE('',(#247),#4142,.T.);
#4358=ADVANCED_FACE('',(#248),#77,.T.);
#4359=ADVANCED_FACE('',(#249),#4143,.F.);
#4360=ADVANCED_FACE('',(#250),#78,.T.);
#4361=ADVANCED_FACE('',(#251),#4144,.T.);
#4362=ADVANCED_FACE('',(#252),#193,.F.);
#4363=ADVANCED_FACE('',(#253),#4145,.F.);
#4364=ADVANCED_FACE('',(#254),#4146,.T.);
#4365=ADVANCED_FACE('',(#255),#194,.F.);
#4366=ADVANCED_FACE('',(#256),#4147,.T.);
#4367=ADVANCED_FACE('',(#257,#40),#4148,.F.);
#4368=ADVANCED_FACE('',(#258),#4149,.T.);
#4369=ADVANCED_FACE('',(#259),#4150,.T.);
#4370=ADVANCED_FACE('',(#260),#4151,.T.);
#4371=ADVANCED_FACE('',(#261),#4152,.T.);
#4372=ADVANCED_FACE('',(#262),#4153,.T.);
#4373=ADVANCED_FACE('',(#263),#4154,.T.);
#4374=ADVANCED_FACE('',(#264),#4155,.T.);
#4375=ADVANCED_FACE('',(#265),#4156,.T.);
#4376=ADVANCED_FACE('',(#266),#4157,.T.);
#4377=ADVANCED_FACE('',(#267),#4158,.T.);
#4378=ADVANCED_FACE('',(#268),#4159,.T.);
#4379=ADVANCED_FACE('',(#269),#4160,.T.);
#4380=ADVANCED_FACE('',(#270),#4161,.T.);
#4381=ADVANCED_FACE('',(#271),#4162,.T.);
#4382=ADVANCED_FACE('',(#272),#4163,.T.);
#4383=ADVANCED_FACE('',(#273),#4164,.T.);
#4384=ADVANCED_FACE('',(#274),#4165,.T.);
#4385=ADVANCED_FACE('',(#275),#4166,.T.);
#4386=ADVANCED_FACE('',(#276),#4167,.T.);
#4387=ADVANCED_FACE('',(#277),#4168,.T.);
#4388=ADVANCED_FACE('',(#278),#4169,.T.);
#4389=ADVANCED_FACE('',(#279),#4170,.T.);
#4390=ADVANCED_FACE('',(#280),#4171,.T.);
#4391=ADVANCED_FACE('',(#281),#4172,.T.);
#4392=ADVANCED_FACE('',(#282),#4173,.T.);
#4393=ADVANCED_FACE('',(#283),#4174,.T.);
#4394=ADVANCED_FACE('',(#284),#4175,.T.);
#4395=ADVANCED_FACE('',(#285),#4176,.T.);
#4396=ADVANCED_FACE('',(#286),#4177,.T.);
#4397=ADVANCED_FACE('',(#287),#4178,.T.);
#4398=ADVANCED_FACE('',(#288),#4179,.T.);
#4399=ADVANCED_FACE('',(#289),#4180,.T.);
#4400=ADVANCED_FACE('',(#290),#4181,.T.);
#4401=ADVANCED_FACE('',(#291),#4182,.T.);
#4402=ADVANCED_FACE('',(#292),#4183,.T.);
#4403=ADVANCED_FACE('',(#293),#4184,.T.);
#4404=ADVANCED_FACE('',(#294),#4185,.T.);
#4405=ADVANCED_FACE('',(#295),#4186,.T.);
#4406=ADVANCED_FACE('',(#296),#4187,.T.);
#4407=ADVANCED_FACE('',(#297),#4188,.T.);
#4408=ADVANCED_FACE('',(#298),#4189,.T.);
#4409=ADVANCED_FACE('',(#299),#4190,.T.);
#4410=ADVANCED_FACE('',(#300),#4191,.T.);
#4411=ADVANCED_FACE('',(#301),#4192,.T.);
#4412=ADVANCED_FACE('',(#302),#4193,.T.);
#4413=ADVANCED_FACE('',(#303),#4194,.T.);
#4414=ADVANCED_FACE('',(#304),#4195,.T.);
#4415=ADVANCED_FACE('',(#305),#4196,.T.);
#4416=ADVANCED_FACE('',(#306),#4197,.T.);
#4417=ADVANCED_FACE('',(#307),#4198,.T.);
#4418=ADVANCED_FACE('',(#308),#4199,.T.);
#4419=ADVANCED_FACE('',(#309),#4200,.T.);
#4420=ADVANCED_FACE('',(#310),#4201,.T.);
#4421=ADVANCED_FACE('',(#311),#4202,.T.);
#4422=ADVANCED_FACE('',(#312),#4203,.T.);
#4423=ADVANCED_FACE('',(#313),#4204,.T.);
#4424=ADVANCED_FACE('',(#314),#4205,.T.);
#4425=ADVANCED_FACE('',(#315),#4206,.T.);
#4426=ADVANCED_FACE('',(#316),#4207,.F.);
#4427=ADVANCED_FACE('',(#317),#4208,.T.);
#4428=ADVANCED_FACE('',(#318),#4209,.T.);
#4429=ADVANCED_FACE('',(#319),#4210,.T.);
#4430=ADVANCED_FACE('',(#320),#4211,.T.);
#4431=ADVANCED_FACE('',(#321),#4212,.F.);
#4432=ADVANCED_FACE('',(#322),#4213,.T.);
#4433=ADVANCED_FACE('',(#323),#4214,.T.);
#4434=ADVANCED_FACE('',(#324),#4215,.T.);
#4435=ADVANCED_FACE('',(#325),#4216,.T.);
#4436=ADVANCED_FACE('',(#326),#4217,.F.);
#4437=ADVANCED_FACE('',(#327),#4218,.T.);
#4438=ADVANCED_FACE('',(#328),#4219,.T.);
#4439=ADVANCED_FACE('',(#329),#4220,.T.);
#4440=ADVANCED_FACE('',(#330),#4221,.T.);
#4441=ADVANCED_FACE('',(#331),#4222,.F.);
#4442=ADVANCED_FACE('',(#332),#4223,.T.);
#4443=ADVANCED_FACE('',(#333),#4224,.T.);
#4444=ADVANCED_FACE('',(#334),#4225,.T.);
#4445=ADVANCED_FACE('',(#335),#4226,.T.);
#4446=ADVANCED_FACE('',(#336),#4227,.F.);
#4447=ADVANCED_FACE('',(#337),#4228,.T.);
#4448=ADVANCED_FACE('',(#338),#4229,.T.);
#4449=ADVANCED_FACE('',(#339),#4230,.T.);
#4450=ADVANCED_FACE('',(#340),#4231,.T.);
#4451=ADVANCED_FACE('',(#341),#4232,.F.);
#4452=ADVANCED_FACE('',(#342),#4233,.T.);
#4453=ADVANCED_FACE('',(#343),#4234,.T.);
#4454=ADVANCED_FACE('',(#344),#4235,.T.);
#4455=ADVANCED_FACE('',(#345),#4236,.T.);
#4456=ADVANCED_FACE('',(#346),#4237,.T.);
#4457=ADVANCED_FACE('',(#347),#4238,.F.);
#4458=ADVANCED_FACE('',(#348),#4239,.T.);
#4459=ADVANCED_FACE('',(#349),#4240,.T.);
#4460=ADVANCED_FACE('',(#350),#4241,.T.);
#4461=ADVANCED_FACE('',(#351),#4242,.T.);
#4462=ADVANCED_FACE('',(#352),#4243,.T.);
#4463=ADVANCED_FACE('',(#353),#4244,.F.);
#4464=ADVANCED_FACE('',(#354),#4245,.T.);
#4465=ADVANCED_FACE('',(#355),#4246,.T.);
#4466=ADVANCED_FACE('',(#356),#4247,.T.);
#4467=ADVANCED_FACE('',(#357),#4248,.T.);
#4468=ADVANCED_FACE('',(#358),#4249,.F.);
#4469=ADVANCED_FACE('',(#359),#4250,.T.);
#4470=ADVANCED_FACE('',(#360),#4251,.T.);
#4471=ADVANCED_FACE('',(#361),#4252,.T.);
#4472=ADVANCED_FACE('',(#362),#4253,.T.);
#4473=ADVANCED_FACE('',(#363),#4254,.F.);
#4474=ADVANCED_FACE('',(#364),#4255,.T.);
#4475=ADVANCED_FACE('',(#365),#4256,.T.);
#4476=ADVANCED_FACE('',(#366),#4257,.T.);
#4477=ADVANCED_FACE('',(#367),#4258,.F.);
#4478=ADVANCED_FACE('',(#368),#79,.T.);
#4479=ADVANCED_FACE('',(#369),#4259,.F.);
#4480=ADVANCED_FACE('',(#370),#4260,.T.);
#4481=ADVANCED_FACE('',(#371),#80,.T.);
#4482=ADVANCED_FACE('',(#372),#4261,.F.);
#4483=ADVANCED_FACE('',(#373,#41),#4262,.T.);
#4484=ADVANCED_FACE('',(#374),#4263,.T.);
#4485=ADVANCED_FACE('',(#375),#81,.F.);
#4486=ADVANCED_FACE('',(#376),#82,.F.);
#4487=ADVANCED_FACE('',(#377),#83,.F.);
#4488=ADVANCED_FACE('',(#378),#84,.F.);
#4489=ADVANCED_FACE('',(#379),#85,.F.);
#4490=ADVANCED_FACE('',(#380),#4264,.F.);
#4491=ADVANCED_FACE('',(#381),#86,.F.);
#4492=ADVANCED_FACE('',(#382),#4265,.T.);
#4493=ADVANCED_FACE('',(#383),#4266,.T.);
#4494=ADVANCED_FACE('',(#384,#42,#43,#44,#45,#46,#47,#48,#49,#50,#51,#52),
#4267,.F.);
#4495=ADVANCED_FACE('',(#385),#4268,.T.);
#4496=ADVANCED_FACE('',(#386),#4269,.F.);
#4497=ADVANCED_FACE('',(#387,#53,#54,#55,#56,#57,#58,#59,#60,#61,#62,#63),
#4270,.T.);
#4498=ADVANCED_FACE('',(#388),#4271,.T.);
#4499=ADVANCED_FACE('',(#389),#195,.T.);
#4500=ADVANCED_FACE('',(#390),#4272,.T.);
#4501=ADVANCED_FACE('',(#391),#196,.T.);
#4502=ADVANCED_FACE('',(#392),#4273,.T.);
#4503=ADVANCED_FACE('',(#393),#4274,.F.);
#4504=ADVANCED_FACE('',(#394),#4275,.F.);
#4505=ADVANCED_FACE('',(#395),#4276,.T.);
#4506=ADVANCED_FACE('',(#396),#197,.T.);
#4507=ADVANCED_FACE('',(#397),#4277,.T.);
#4508=ADVANCED_FACE('',(#398),#198,.T.);
#4509=ADVANCED_FACE('',(#399),#4278,.T.);
#4510=ADVANCED_FACE('',(#400),#87,.T.);
#4511=ADVANCED_FACE('',(#401),#4279,.T.);
#4512=ADVANCED_FACE('',(#402),#88,.T.);
#4513=ADVANCED_FACE('',(#403),#4280,.T.);
#4514=ADVANCED_FACE('',(#404),#4281,.T.);
#4515=ADVANCED_FACE('',(#405),#199,.T.);
#4516=ADVANCED_FACE('',(#406),#4282,.T.);
#4517=ADVANCED_FACE('',(#407),#200,.T.);
#4518=ADVANCED_FACE('',(#408),#4283,.T.);
#4519=ADVANCED_FACE('',(#409),#4284,.T.);
#4520=ADVANCED_FACE('',(#410),#19,.T.);
#4521=ADVANCED_FACE('',(#411),#4285,.T.);
#4522=ADVANCED_FACE('',(#412),#20,.T.);
#4523=ADVANCED_FACE('',(#413),#21,.T.);
#4524=ADVANCED_FACE('',(#414),#22,.T.);
#4525=ADVANCED_FACE('',(#415),#4286,.T.);
#4526=ADVANCED_FACE('',(#416),#89,.T.);
#4527=ADVANCED_FACE('',(#417),#4287,.T.);
#4528=ADVANCED_FACE('',(#418),#90,.T.);
#4529=ADVANCED_FACE('',(#419),#91,.T.);
#4530=ADVANCED_FACE('',(#420),#92,.T.);
#4531=ADVANCED_FACE('',(#421),#4288,.T.);
#4532=ADVANCED_FACE('',(#422),#4289,.T.);
#4533=ADVANCED_FACE('',(#423),#201,.T.);
#4534=ADVANCED_FACE('',(#424),#4290,.F.);
#4535=ADVANCED_FACE('',(#425),#202,.T.);
#4536=ADVANCED_FACE('',(#426),#4291,.T.);
#4537=ADVANCED_FACE('',(#427,#64),#4292,.T.);
#4538=ADVANCED_FACE('',(#428),#4293,.F.);
#4539=ADVANCED_FACE('',(#429),#93,.F.);
#4540=ADVANCED_FACE('',(#430),#4294,.T.);
#4541=ADVANCED_FACE('',(#431),#4295,.T.);
#4542=ADVANCED_FACE('',(#432),#4296,.T.);
#4543=ADVANCED_FACE('',(#433),#94,.T.);
#4544=ADVANCED_FACE('',(#434),#95,.T.);
#4545=ADVANCED_FACE('',(#435),#4297,.T.);
#4546=ADVANCED_FACE('',(#436),#4298,.T.);
#4547=ADVANCED_FACE('',(#437),#4299,.T.);
#4548=ADVANCED_FACE('',(#438),#4300,.T.);
#4549=ADVANCED_FACE('',(#439),#4301,.T.);
#4550=ADVANCED_FACE('',(#440),#4302,.F.);
#4551=ADVANCED_FACE('',(#441),#4303,.T.);
#4552=ADVANCED_FACE('',(#442),#96,.F.);
#4553=ADVANCED_FACE('',(#443),#4304,.F.);
#4554=ADVANCED_FACE('',(#444),#4305,.F.);
#4555=ADVANCED_FACE('',(#445),#4306,.F.);
#4556=ADVANCED_FACE('',(#446),#97,.T.);
#4557=ADVANCED_FACE('',(#447),#98,.T.);
#4558=ADVANCED_FACE('',(#448),#4307,.F.);
#4559=ADVANCED_FACE('',(#449),#4308,.F.);
#4560=ADVANCED_FACE('',(#450),#4309,.T.);
#4561=ADVANCED_FACE('',(#451),#4310,.T.);
#4562=ADVANCED_FACE('',(#452),#4311,.T.);
#4563=ADVANCED_FACE('',(#453),#4312,.T.);
#4564=CLOSED_SHELL('',(#4313,#4314,#4315,#4316,#4317,#4318,#4319,#4320,
#4321,#4322,#4323,#4324,#4325,#4326,#4327,#4328,#4329,#4330,#4331,#4332,
#4333,#4334,#4335,#4336,#4337,#4338,#4339,#4340,#4341,#4342,#4343,#4344,
#4345,#4346,#4347,#4348,#4349,#4350,#4351,#4352,#4353,#4354,#4355,#4356,
#4357,#4358,#4359,#4360,#4361,#4362,#4363,#4364,#4365,#4366,#4367));
#4565=CLOSED_SHELL('',(#4368,#4369,#4370,#4371,#4372,#4373,#4374,#4375,
#4376,#4377,#4378,#4379,#4380,#4381,#4382,#4383,#4384,#4385,#4386,#4387,
#4388,#4389,#4390,#4391,#4392,#4393,#4394,#4395,#4396,#4397,#4398,#4399,
#4400,#4401,#4402,#4403,#4404,#4405,#4406,#4407,#4408,#4409,#4410,#4411,
#4412,#4413,#4414,#4415,#4416,#4417,#4418,#4419,#4420,#4421,#4422,#4423,
#4424,#4425,#4426,#4427,#4428,#4429,#4430,#4431,#4432,#4433,#4434,#4435,
#4436,#4437,#4438,#4439,#4440,#4441,#4442,#4443,#4444,#4445,#4446,#4447,
#4448,#4449,#4450,#4451,#4452,#4453,#4454,#4455,#4456,#4457,#4458,#4459,
#4460,#4461,#4462,#4463,#4464,#4465,#4466,#4467,#4468,#4469,#4470,#4471,
#4472,#4473,#4474,#4475,#4476,#4477,#4478,#4479,#4480,#4481,#4482,#4483,
#4484,#4485,#4486,#4487,#4488,#4489,#4490,#4491,#4492,#4493,#4494,#4495,
#4496,#4497,#4498,#4499,#4500,#4501,#4502,#4503,#4504,#4505,#4506,#4507,
#4508,#4509,#4510,#4511,#4512,#4513,#4514,#4515,#4516,#4517,#4518,#4519,
#4520,#4521,#4522,#4523,#4524,#4525,#4526,#4527,#4528,#4529,#4530,#4531,
#4532,#4533,#4534,#4535,#4536,#4537,#4538,#4539,#4540,#4541,#4542,#4543,
#4544,#4545,#4546,#4547,#4548,#4549,#4550,#4551,#4552,#4553,#4554,#4555,
#4556,#4557,#4558,#4559,#4560,#4561,#4562,#4563));
#4566=DERIVED_UNIT_ELEMENT(#4570,1.);
#4567=DERIVED_UNIT_ELEMENT(#7558,-3.);
#4568=DERIVED_UNIT_ELEMENT(#4570,1.);
#4569=DERIVED_UNIT_ELEMENT(#7558,-3.);
#4570=(
MASS_UNIT()
NAMED_UNIT(*)
SI_UNIT(.KILO.,.GRAM.)
);
#4571=DERIVED_UNIT((#4566,#4567));
#4572=DERIVED_UNIT((#4568,#4569));
#4573=MEASURE_REPRESENTATION_ITEM('density measure',
POSITIVE_RATIO_MEASURE(7850.),#4571);
#4574=MEASURE_REPRESENTATION_ITEM('density measure',
POSITIVE_RATIO_MEASURE(7850.),#4572);
#4575=PROPERTY_DEFINITION_REPRESENTATION(#4585,#4579);
#4576=PROPERTY_DEFINITION_REPRESENTATION(#4586,#4580);
#4577=PROPERTY_DEFINITION_REPRESENTATION(#4587,#4581);
#4578=PROPERTY_DEFINITION_REPRESENTATION(#4588,#4582);
#4579=REPRESENTATION('material name',(#4583),#7554);
#4580=REPRESENTATION('density',(#4573),#7554);
#4581=REPRESENTATION('material name',(#4584),#7555);
#4582=REPRESENTATION('density',(#4574),#7555);
#4583=DESCRIPTIVE_REPRESENTATION_ITEM('Steel','Steel');
#4584=DESCRIPTIVE_REPRESENTATION_ITEM('Steel','Steel');
#4585=PROPERTY_DEFINITION('material property','material name',#7574);
#4586=PROPERTY_DEFINITION('material property','density of part',#7574);
#4587=PROPERTY_DEFINITION('material property','material name',#7575);
#4588=PROPERTY_DEFINITION('material property','density of part',#7575);
#4589=AXIS2_PLACEMENT_3D('',#6142,#4927,#4928);
#4590=AXIS2_PLACEMENT_3D('',#6143,#4929,#4930);
#4591=AXIS2_PLACEMENT_3D('',#6144,#4931,#4932);
#4592=AXIS2_PLACEMENT_3D('',#6153,#4937,#4938);
#4593=AXIS2_PLACEMENT_3D('',#6155,#4939,#4940);
#4594=AXIS2_PLACEMENT_3D('',#6158,#4942,#4943);
#4595=AXIS2_PLACEMENT_3D('',#6159,#4944,#4945);
#4596=AXIS2_PLACEMENT_3D('',#6165,#4949,#4950);
#4597=AXIS2_PLACEMENT_3D('',#6169,#4952,#4953);
#4598=AXIS2_PLACEMENT_3D('',#6170,#4954,#4955);
#4599=AXIS2_PLACEMENT_3D('',#6171,#4956,#4957);
#4600=AXIS2_PLACEMENT_3D('',#6177,#4961,#4962);
#4601=AXIS2_PLACEMENT_3D('',#6186,#4967,#4968);
#4602=AXIS2_PLACEMENT_3D('',#6190,#4970,#4971);
#4603=AXIS2_PLACEMENT_3D('',#6191,#4972,#4973);
#4604=AXIS2_PLACEMENT_3D('',#6192,#4974,#4975);
#4605=AXIS2_PLACEMENT_3D('',#6198,#4979,#4980);
#4606=AXIS2_PLACEMENT_3D('',#6199,#4981,#4982);
#4607=AXIS2_PLACEMENT_3D('',#6200,#4983,#4984);
#4608=AXIS2_PLACEMENT_3D('',#6201,#4985,#4986);
#4609=AXIS2_PLACEMENT_3D('',#6209,#4991,#4992);
#4610=AXIS2_PLACEMENT_3D('',#6211,#4993,#4994);
#4611=AXIS2_PLACEMENT_3D('',#6214,#4996,#4997);
#4612=AXIS2_PLACEMENT_3D('',#6215,#4998,#4999);
#4613=AXIS2_PLACEMENT_3D('',#6221,#5003,#5004);
#4614=AXIS2_PLACEMENT_3D('',#6223,#5005,#5006);
#4615=AXIS2_PLACEMENT_3D('',#6226,#5008,#5009);
#4616=AXIS2_PLACEMENT_3D('',#6227,#5010,#5011);
#4617=AXIS2_PLACEMENT_3D('',#6232,#5015,#5016);
#4618=AXIS2_PLACEMENT_3D('',#6233,#5017,#5018);
#4619=AXIS2_PLACEMENT_3D('',#6234,#5019,#5020);
#4620=AXIS2_PLACEMENT_3D('',#6235,#5021,#5022);
#4621=AXIS2_PLACEMENT_3D('',#6236,#5023,#5024);
#4622=AXIS2_PLACEMENT_3D('',#6239,#5027,#5028);
#4623=AXIS2_PLACEMENT_3D('',#6241,#5030,#5031);
#4624=AXIS2_PLACEMENT_3D('',#6243,#5033,#5034);
#4625=AXIS2_PLACEMENT_3D('',#6244,#5035,#5036);
#4626=AXIS2_PLACEMENT_3D('',#6254,#5042,#5043);
#4627=AXIS2_PLACEMENT_3D('',#6257,#5045,#5046);
#4628=AXIS2_PLACEMENT_3D('',#6258,#5047,#5048);
#4629=AXIS2_PLACEMENT_3D('',#6262,#5051,#5052);
#4630=AXIS2_PLACEMENT_3D('',#6265,#5054,#5055);
#4631=AXIS2_PLACEMENT_3D('',#6266,#5056,#5057);
#4632=AXIS2_PLACEMENT_3D('',#6269,#5058,#5059);
#4633=AXIS2_PLACEMENT_3D('',#6273,#5061,#5062);
#4634=AXIS2_PLACEMENT_3D('',#6275,#5064,#5065);
#4635=AXIS2_PLACEMENT_3D('',#6279,#5067,#5068);
#4636=AXIS2_PLACEMENT_3D('',#6283,#5070,#5071);
#4637=AXIS2_PLACEMENT_3D('',#6289,#5074,#5075);
#4638=AXIS2_PLACEMENT_3D('',#6292,#5077,#5078);
#4639=AXIS2_PLACEMENT_3D('',#6294,#5079,#5080);
#4640=AXIS2_PLACEMENT_3D('',#6297,#5082,#5083);
#4641=AXIS2_PLACEMENT_3D('',#6298,#5084,#5085);
#4642=AXIS2_PLACEMENT_3D('',#6318,#5096,#5097);
#4643=AXIS2_PLACEMENT_3D('',#6319,#5098,#5099);
#4644=AXIS2_PLACEMENT_3D('',#6321,#5101,#5102);
#4645=AXIS2_PLACEMENT_3D('',#6325,#5104,#5105);
#4646=AXIS2_PLACEMENT_3D('',#6327,#5107,#5108);
#4647=AXIS2_PLACEMENT_3D('',#6331,#5111,#5112);
#4648=AXIS2_PLACEMENT_3D('',#6334,#5114,#5115);
#4649=AXIS2_PLACEMENT_3D('',#6336,#5116,#5117);
#4650=AXIS2_PLACEMENT_3D('',#6340,#5120,#5121);
#4651=AXIS2_PLACEMENT_3D('',#6343,#5124,#5125);
#4652=AXIS2_PLACEMENT_3D('',#6359,#5134,#5135);
#4653=AXIS2_PLACEMENT_3D('',#6361,#5136,#5137);
#4654=AXIS2_PLACEMENT_3D('',#6363,#5139,#5140);
#4655=AXIS2_PLACEMENT_3D('',#6365,#5142,#5143);
#4656=AXIS2_PLACEMENT_3D('',#6367,#5144,#5145);
#4657=AXIS2_PLACEMENT_3D('',#6369,#5147,#5148);
#4658=AXIS2_PLACEMENT_3D('',#6371,#5150,#5151);
#4659=AXIS2_PLACEMENT_3D('',#6373,#5152,#5153);
#4660=AXIS2_PLACEMENT_3D('',#6375,#5155,#5156);
#4661=AXIS2_PLACEMENT_3D('',#6377,#5157,#5158);
#4662=AXIS2_PLACEMENT_3D('',#6379,#5160,#5161);
#4663=AXIS2_PLACEMENT_3D('',#6381,#5163,#5164);
#4664=AXIS2_PLACEMENT_3D('',#6383,#5165,#5166);
#4665=AXIS2_PLACEMENT_3D('',#6385,#5168,#5169);
#4666=AXIS2_PLACEMENT_3D('',#6387,#5170,#5171);
#4667=AXIS2_PLACEMENT_3D('',#6389,#5173,#5174);
#4668=AXIS2_PLACEMENT_3D('',#6391,#5176,#5177);
#4669=AXIS2_PLACEMENT_3D('',#6393,#5178,#5179);
#4670=AXIS2_PLACEMENT_3D('',#6395,#5181,#5182);
#4671=AXIS2_PLACEMENT_3D('',#6397,#5183,#5184);
#4672=AXIS2_PLACEMENT_3D('',#6399,#5186,#5187);
#4673=AXIS2_PLACEMENT_3D('',#6401,#5189,#5190);
#4674=AXIS2_PLACEMENT_3D('',#6403,#5192,#5193);
#4675=AXIS2_PLACEMENT_3D('',#6404,#5194,#5195);
#4676=AXIS2_PLACEMENT_3D('',#6406,#5196,#5197);
#4677=AXIS2_PLACEMENT_3D('',#6409,#5199,#5200);
#4678=AXIS2_PLACEMENT_3D('',#6410,#5201,#5202);
#4679=AXIS2_PLACEMENT_3D('',#6411,#5203,#5204);
#4680=AXIS2_PLACEMENT_3D('',#6412,#5205,#5206);
#4681=AXIS2_PLACEMENT_3D('',#6415,#5208,#5209);
#4682=AXIS2_PLACEMENT_3D('',#6416,#5210,#5211);
#4683=AXIS2_PLACEMENT_3D('',#6417,#5212,#5213);
#4684=AXIS2_PLACEMENT_3D('',#6418,#5214,#5215);
#4685=AXIS2_PLACEMENT_3D('',#6419,#5216,#5217);
#4686=AXIS2_PLACEMENT_3D('',#6428,#5222,#5223);
#4687=AXIS2_PLACEMENT_3D('',#6434,#5227,#5228);
#4688=AXIS2_PLACEMENT_3D('',#6437,#5231,#5232);
#4689=AXIS2_PLACEMENT_3D('',#6438,#5233,#5234);
#4690=AXIS2_PLACEMENT_3D('',#6447,#5239,#5240);
#4691=AXIS2_PLACEMENT_3D('',#6453,#5244,#5245);
#4692=AXIS2_PLACEMENT_3D('',#6459,#5249,#5250);
#4693=AXIS2_PLACEMENT_3D('',#6462,#5253,#5254);
#4694=AXIS2_PLACEMENT_3D('',#6463,#5255,#5256);
#4695=AXIS2_PLACEMENT_3D('',#6472,#5261,#5262);
#4696=AXIS2_PLACEMENT_3D('',#6478,#5266,#5267);
#4697=AXIS2_PLACEMENT_3D('',#6484,#5271,#5272);
#4698=AXIS2_PLACEMENT_3D('',#6487,#5275,#5276);
#4699=AXIS2_PLACEMENT_3D('',#6488,#5277,#5278);
#4700=AXIS2_PLACEMENT_3D('',#6497,#5283,#5284);
#4701=AXIS2_PLACEMENT_3D('',#6503,#5288,#5289);
#4702=AXIS2_PLACEMENT_3D('',#6509,#5293,#5294);
#4703=AXIS2_PLACEMENT_3D('',#6512,#5297,#5298);
#4704=AXIS2_PLACEMENT_3D('',#6513,#5299,#5300);
#4705=AXIS2_PLACEMENT_3D('',#6522,#5305,#5306);
#4706=AXIS2_PLACEMENT_3D('',#6528,#5310,#5311);
#4707=AXIS2_PLACEMENT_3D('',#6534,#5315,#5316);
#4708=AXIS2_PLACEMENT_3D('',#6537,#5319,#5320);
#4709=AXIS2_PLACEMENT_3D('',#6538,#5321,#5322);
#4710=AXIS2_PLACEMENT_3D('',#6547,#5327,#5328);
#4711=AXIS2_PLACEMENT_3D('',#6553,#5332,#5333);
#4712=AXIS2_PLACEMENT_3D('',#6559,#5337,#5338);
#4713=AXIS2_PLACEMENT_3D('',#6562,#5341,#5342);
#4714=AXIS2_PLACEMENT_3D('',#6563,#5343,#5344);
#4715=AXIS2_PLACEMENT_3D('',#6572,#5349,#5350);
#4716=AXIS2_PLACEMENT_3D('',#6578,#5354,#5355);
#4717=AXIS2_PLACEMENT_3D('',#6584,#5359,#5360);
#4718=AXIS2_PLACEMENT_3D('',#6590,#5364,#5365);
#4719=AXIS2_PLACEMENT_3D('',#6593,#5368,#5369);
#4720=AXIS2_PLACEMENT_3D('',#6594,#5370,#5371);
#4721=AXIS2_PLACEMENT_3D('',#6603,#5376,#5377);
#4722=AXIS2_PLACEMENT_3D('',#6609,#5381,#5382);
#4723=AXIS2_PLACEMENT_3D('',#6615,#5386,#5387);
#4724=AXIS2_PLACEMENT_3D('',#6621,#5391,#5392);
#4725=AXIS2_PLACEMENT_3D('',#6624,#5395,#5396);
#4726=AXIS2_PLACEMENT_3D('',#6625,#5397,#5398);
#4727=AXIS2_PLACEMENT_3D('',#6634,#5403,#5404);
#4728=AXIS2_PLACEMENT_3D('',#6640,#5408,#5409);
#4729=AXIS2_PLACEMENT_3D('',#6646,#5413,#5414);
#4730=AXIS2_PLACEMENT_3D('',#6649,#5417,#5418);
#4731=AXIS2_PLACEMENT_3D('',#6650,#5419,#5420);
#4732=AXIS2_PLACEMENT_3D('',#6659,#5425,#5426);
#4733=AXIS2_PLACEMENT_3D('',#6665,#5430,#5431);
#4734=AXIS2_PLACEMENT_3D('',#6671,#5435,#5436);
#4735=AXIS2_PLACEMENT_3D('',#6674,#5439,#5440);
#4736=AXIS2_PLACEMENT_3D('',#6675,#5441,#5442);
#4737=AXIS2_PLACEMENT_3D('',#6684,#5447,#5448);
#4738=AXIS2_PLACEMENT_3D('',#6690,#5452,#5453);
#4739=AXIS2_PLACEMENT_3D('',#6693,#5456,#5457);
#4740=AXIS2_PLACEMENT_3D('',#6694,#5458,#5459);
#4741=AXIS2_PLACEMENT_3D('',#6703,#5464,#5465);
#4742=AXIS2_PLACEMENT_3D('',#6709,#5469,#5470);
#4743=AXIS2_PLACEMENT_3D('',#6712,#5473,#5474);
#4744=AXIS2_PLACEMENT_3D('',#6713,#5475,#5476);
#4745=AXIS2_PLACEMENT_3D('',#6722,#5481,#5482);
#4746=AXIS2_PLACEMENT_3D('',#6728,#5486,#5487);
#4747=AXIS2_PLACEMENT_3D('',#6734,#5491,#5492);
#4748=AXIS2_PLACEMENT_3D('',#6737,#5495,#5496);
#4749=AXIS2_PLACEMENT_3D('',#6738,#5497,#5498);
#4750=AXIS2_PLACEMENT_3D('',#6747,#5503,#5504);
#4751=AXIS2_PLACEMENT_3D('',#6753,#5508,#5509);
#4752=AXIS2_PLACEMENT_3D('',#6759,#5513,#5514);
#4753=AXIS2_PLACEMENT_3D('',#6762,#5517,#5518);
#4754=AXIS2_PLACEMENT_3D('',#6763,#5519,#5520);
#4755=AXIS2_PLACEMENT_3D('',#6772,#5525,#5526);
#4756=AXIS2_PLACEMENT_3D('',#6778,#5530,#5531);
#4757=AXIS2_PLACEMENT_3D('',#6784,#5535,#5536);
#4758=AXIS2_PLACEMENT_3D('',#6787,#5539,#5540);
#4759=AXIS2_PLACEMENT_3D('',#6788,#5541,#5542);
#4760=AXIS2_PLACEMENT_3D('',#6797,#5547,#5548);
#4761=AXIS2_PLACEMENT_3D('',#6803,#5552,#5553);
#4762=AXIS2_PLACEMENT_3D('',#6809,#5557,#5558);
#4763=AXIS2_PLACEMENT_3D('',#6812,#5561,#5562);
#4764=AXIS2_PLACEMENT_3D('',#6813,#5563,#5564);
#4765=AXIS2_PLACEMENT_3D('',#6822,#5569,#5570);
#4766=AXIS2_PLACEMENT_3D('',#6828,#5574,#5575);
#4767=AXIS2_PLACEMENT_3D('',#6834,#5579,#5580);
#4768=AXIS2_PLACEMENT_3D('',#6837,#5583,#5584);
#4769=AXIS2_PLACEMENT_3D('',#6838,#5585,#5586);
#4770=AXIS2_PLACEMENT_3D('',#6847,#5591,#5592);
#4771=AXIS2_PLACEMENT_3D('',#6853,#5596,#5597);
#4772=AXIS2_PLACEMENT_3D('',#6859,#5601,#5602);
#4773=AXIS2_PLACEMENT_3D('',#6865,#5606,#5607);
#4774=AXIS2_PLACEMENT_3D('',#6868,#5610,#5611);
#4775=AXIS2_PLACEMENT_3D('',#6869,#5612,#5613);
#4776=AXIS2_PLACEMENT_3D('',#6878,#5618,#5619);
#4777=AXIS2_PLACEMENT_3D('',#6884,#5623,#5624);
#4778=AXIS2_PLACEMENT_3D('',#6890,#5628,#5629);
#4779=AXIS2_PLACEMENT_3D('',#6896,#5633,#5634);
#4780=AXIS2_PLACEMENT_3D('',#6899,#5637,#5638);
#4781=AXIS2_PLACEMENT_3D('',#6900,#5639,#5640);
#4782=AXIS2_PLACEMENT_3D('',#6909,#5645,#5646);
#4783=AXIS2_PLACEMENT_3D('',#6915,#5650,#5651);
#4784=AXIS2_PLACEMENT_3D('',#6921,#5655,#5656);
#4785=AXIS2_PLACEMENT_3D('',#6924,#5659,#5660);
#4786=AXIS2_PLACEMENT_3D('',#6925,#5661,#5662);
#4787=AXIS2_PLACEMENT_3D('',#6934,#5667,#5668);
#4788=AXIS2_PLACEMENT_3D('',#6940,#5672,#5673);
#4789=AXIS2_PLACEMENT_3D('',#6946,#5677,#5678);
#4790=AXIS2_PLACEMENT_3D('',#6949,#5681,#5682);
#4791=AXIS2_PLACEMENT_3D('',#6950,#5683,#5684);
#4792=AXIS2_PLACEMENT_3D('',#6959,#5689,#5690);
#4793=AXIS2_PLACEMENT_3D('',#6965,#5694,#5695);
#4794=AXIS2_PLACEMENT_3D('',#6968,#5698,#5699);
#4795=AXIS2_PLACEMENT_3D('',#6969,#5700,#5701);
#4796=AXIS2_PLACEMENT_3D('',#6972,#5702,#5703);
#4797=AXIS2_PLACEMENT_3D('',#6976,#5705,#5706);
#4798=AXIS2_PLACEMENT_3D('',#6978,#5708,#5709);
#4799=AXIS2_PLACEMENT_3D('',#6984,#5713,#5714);
#4800=AXIS2_PLACEMENT_3D('',#6988,#5716,#5717);
#4801=AXIS2_PLACEMENT_3D('',#6998,#5722,#5723);
#4802=AXIS2_PLACEMENT_3D('',#7006,#5727,#5728);
#4803=AXIS2_PLACEMENT_3D('',#7016,#5733,#5734);
#4804=AXIS2_PLACEMENT_3D('',#7020,#5736,#5737);
#4805=AXIS2_PLACEMENT_3D('',#7022,#5738,#5739);
#4806=AXIS2_PLACEMENT_3D('',#7025,#5741,#5742);
#4807=AXIS2_PLACEMENT_3D('',#7026,#5743,#5744);
#4808=AXIS2_PLACEMENT_3D('',#7029,#5745,#5746);
#4809=AXIS2_PLACEMENT_3D('',#7033,#5748,#5749);
#4810=AXIS2_PLACEMENT_3D('',#7035,#5751,#5752);
#4811=AXIS2_PLACEMENT_3D('',#7041,#5756,#5757);
#4812=AXIS2_PLACEMENT_3D('',#7051,#5762,#5763);
#4813=AXIS2_PLACEMENT_3D('',#7055,#5765,#5766);
#4814=AXIS2_PLACEMENT_3D('',#7057,#5767,#5768);
#4815=AXIS2_PLACEMENT_3D('',#7060,#5770,#5771);
#4816=AXIS2_PLACEMENT_3D('',#7062,#5772,#5773);
#4817=AXIS2_PLACEMENT_3D('',#7063,#5774,#5775);
#4818=AXIS2_PLACEMENT_3D('',#7070,#5780,#5781);
#4819=AXIS2_PLACEMENT_3D('',#7073,#5782,#5783);
#4820=AXIS2_PLACEMENT_3D('',#7076,#5786,#5787);
#4821=AXIS2_PLACEMENT_3D('',#7079,#5789,#5790);
#4822=AXIS2_PLACEMENT_3D('',#7080,#5791,#5792);
#4823=AXIS2_PLACEMENT_3D('',#7084,#5794,#5795);
#4824=AXIS2_PLACEMENT_3D('',#7086,#5797,#5798);
#4825=AXIS2_PLACEMENT_3D('',#7089,#5800,#5801);
#4826=AXIS2_PLACEMENT_3D('',#7090,#5802,#5803);
#4827=AXIS2_PLACEMENT_3D('',#7092,#5804,#5805);
#4828=AXIS2_PLACEMENT_3D('',#7094,#5807,#5808);
#4829=AXIS2_PLACEMENT_3D('',#7096,#5810,#5811);
#4830=AXIS2_PLACEMENT_3D('',#7099,#5813,#5814);
#4831=AXIS2_PLACEMENT_3D('',#7100,#5815,#5816);
#4832=AXIS2_PLACEMENT_3D('',#7109,#5821,#5822);
#4833=AXIS2_PLACEMENT_3D('',#7114,#5826,#5827);
#4834=AXIS2_PLACEMENT_3D('',#7118,#5829,#5830);
#4835=AXIS2_PLACEMENT_3D('',#7126,#5834,#5835);
#4836=AXIS2_PLACEMENT_3D('',#7149,#5844,#5845);
#4837=AXIS2_PLACEMENT_3D('',#7156,#5849,#5850);
#4838=AXIS2_PLACEMENT_3D('',#7157,#5851,#5852);
#4839=AXIS2_PLACEMENT_3D('',#7166,#5857,#5858);
#4840=AXIS2_PLACEMENT_3D('',#7174,#5863,#5864);
#4841=AXIS2_PLACEMENT_3D('',#7178,#5866,#5867);
#4842=AXIS2_PLACEMENT_3D('',#7186,#5871,#5872);
#4843=AXIS2_PLACEMENT_3D('',#7209,#5881,#5882);
#4844=AXIS2_PLACEMENT_3D('',#7216,#5886,#5887);
#4845=AXIS2_PLACEMENT_3D('',#7217,#5888,#5889);
#4846=AXIS2_PLACEMENT_3D('',#7223,#5893,#5894);
#4847=AXIS2_PLACEMENT_3D('',#7227,#5896,#5897);
#4848=AXIS2_PLACEMENT_3D('',#7228,#5898,#5899);
#4849=AXIS2_PLACEMENT_3D('',#7229,#5900,#5901);
#4850=AXIS2_PLACEMENT_3D('',#7235,#5905,#5906);
#4851=AXIS2_PLACEMENT_3D('',#7238,#5908,#5909);
#4852=AXIS2_PLACEMENT_3D('',#7239,#5910,#5911);
#4853=AXIS2_PLACEMENT_3D('',#7240,#5912,#5913);
#4854=AXIS2_PLACEMENT_3D('',#7244,#5916,#5917);
#4855=AXIS2_PLACEMENT_3D('',#7246,#5919,#5920);
#4856=AXIS2_PLACEMENT_3D('',#7248,#5922,#5923);
#4857=AXIS2_PLACEMENT_3D('',#7254,#5927,#5928);
#4858=AXIS2_PLACEMENT_3D('',#7256,#5929,#5930);
#4859=AXIS2_PLACEMENT_3D('',#7259,#5932,#5933);
#4860=AXIS2_PLACEMENT_3D('',#7260,#5934,#5935);
#4861=AXIS2_PLACEMENT_3D('',#7266,#5939,#5940);
#4862=AXIS2_PLACEMENT_3D('',#7267,#5941,#5942);
#4863=AXIS2_PLACEMENT_3D('',#7270,#5944,#5945);
#4864=AXIS2_PLACEMENT_3D('',#7271,#5946,#5947);
#4865=AXIS2_PLACEMENT_3D('',#7275,#5950,#5951);
#4866=AXIS2_PLACEMENT_3D('',#7284,#5953,#5954);
#4867=AXIS2_PLACEMENT_3D('',#7288,#5957,#5958);
#4868=AXIS2_PLACEMENT_3D('',#7295,#5959,#5960);
#4869=AXIS2_PLACEMENT_3D('',#7301,#5964,#5965);
#4870=AXIS2_PLACEMENT_3D('',#7307,#5969,#5970);
#4871=AXIS2_PLACEMENT_3D('',#7311,#5972,#5973);
#4872=AXIS2_PLACEMENT_3D('',#7312,#5974,#5975);
#4873=AXIS2_PLACEMENT_3D('',#7313,#5976,#5977);
#4874=AXIS2_PLACEMENT_3D('',#7319,#5981,#5982);
#4875=AXIS2_PLACEMENT_3D('',#7322,#5984,#5985);
#4876=AXIS2_PLACEMENT_3D('',#7323,#5986,#5987);
#4877=AXIS2_PLACEMENT_3D('',#7324,#5988,#5989);
#4878=AXIS2_PLACEMENT_3D('',#7326,#5991,#5992);
#4879=AXIS2_PLACEMENT_3D('',#7364,#5997,#5998);
#4880=AXIS2_PLACEMENT_3D('',#7440,#6002,#6003);
#4881=AXIS2_PLACEMENT_3D('',#7446,#6008,#6009);
#4882=AXIS2_PLACEMENT_3D('',#7448,#6011,#6012);
#4883=AXIS2_PLACEMENT_3D('',#7452,#6015,#6016);
#4884=AXIS2_PLACEMENT_3D('',#7454,#6017,#6018);
#4885=AXIS2_PLACEMENT_3D('',#7456,#6020,#6021);
#4886=AXIS2_PLACEMENT_3D('',#7458,#6023,#6024);
#4887=AXIS2_PLACEMENT_3D('',#7460,#6026,#6027);
#4888=AXIS2_PLACEMENT_3D('',#7464,#6030,#6031);
#4889=AXIS2_PLACEMENT_3D('',#7466,#6033,#6034);
#4890=AXIS2_PLACEMENT_3D('',#7468,#6035,#6036);
#4891=AXIS2_PLACEMENT_3D('',#7471,#6038,#6039);
#4892=AXIS2_PLACEMENT_3D('',#7472,#6040,#6041);
#4893=AXIS2_PLACEMENT_3D('',#7473,#6042,#6043);
#4894=AXIS2_PLACEMENT_3D('',#7475,#6044,#6045);
#4895=AXIS2_PLACEMENT_3D('',#7477,#6047,#6048);
#4896=AXIS2_PLACEMENT_3D('',#7478,#6049,#6050);
#4897=AXIS2_PLACEMENT_3D('',#7480,#6052,#6053);
#4898=AXIS2_PLACEMENT_3D('',#7482,#6055,#6056);
#4899=AXIS2_PLACEMENT_3D('',#7484,#6058,#6059);
#4900=AXIS2_PLACEMENT_3D('',#7490,#6063,#6064);
#4901=AXIS2_PLACEMENT_3D('',#7493,#6067,#6068);
#4902=AXIS2_PLACEMENT_3D('',#7497,#6071,#6072);
#4903=AXIS2_PLACEMENT_3D('',#7499,#6073,#6074);
#4904=AXIS2_PLACEMENT_3D('',#7501,#6076,#6077);
#4905=AXIS2_PLACEMENT_3D('',#7503,#6079,#6080);
#4906=AXIS2_PLACEMENT_3D('',#7507,#6083,#6084);
#4907=AXIS2_PLACEMENT_3D('',#7508,#6085,#6086);
#4908=AXIS2_PLACEMENT_3D('',#7510,#6088,#6089);
#4909=AXIS2_PLACEMENT_3D('',#7512,#6091,#6092);
#4910=AXIS2_PLACEMENT_3D('',#7514,#6094,#6095);
#4911=AXIS2_PLACEMENT_3D('',#7516,#6096,#6097);
#4912=AXIS2_PLACEMENT_3D('',#7524,#6102,#6103);
#4913=AXIS2_PLACEMENT_3D('',#7526,#6105,#6106);
#4914=AXIS2_PLACEMENT_3D('',#7528,#6108,#6109);
#4915=AXIS2_PLACEMENT_3D('',#7531,#6112,#6113);
#4916=AXIS2_PLACEMENT_3D('',#7533,#6115,#6116);
#4917=AXIS2_PLACEMENT_3D('',#7536,#6119,#6120);
#4918=AXIS2_PLACEMENT_3D('',#7537,#6121,#6122);
#4919=AXIS2_PLACEMENT_3D('',#7539,#6124,#6125);
#4920=AXIS2_PLACEMENT_3D('',#7540,#6126,#6127);
#4921=AXIS2_PLACEMENT_3D('',#7542,#6129,#6130);
#4922=AXIS2_PLACEMENT_3D('',#7543,#6131,#6132);
#4923=AXIS2_PLACEMENT_3D('',#7544,#6133,#6134);
#4924=AXIS2_PLACEMENT_3D('',#7546,#6136,#6137);
#4925=AXIS2_PLACEMENT_3D('',#7547,#6138,#6139);
#4926=AXIS2_PLACEMENT_3D('',#7548,#6140,#6141);
#4927=DIRECTION('axis',(0.,0.,1.));
#4928=DIRECTION('refdir',(1.,0.,0.));
#4929=DIRECTION('axis',(0.,0.,1.));
#4930=DIRECTION('refdir',(1.,0.,0.));
#4931=DIRECTION('center_axis',(-0.707106781186548,0.,0.707106781186548));
#4932=DIRECTION('ref_axis',(0.707106781186548,0.,0.707106781186548));
#4933=DIRECTION('',(0.707106781186548,0.,0.707106781186548));
#4934=DIRECTION('',(0.,1.,0.));
#4935=DIRECTION('',(-0.707106781186548,0.,-0.707106781186548));
#4936=DIRECTION('',(0.,-1.,0.));
#4937=DIRECTION('center_axis',(0.,0.,-1.));
#4938=DIRECTION('ref_axis',(-0.707106781186546,-0.707106781186549,5.13206932359532E-16));
#4939=DIRECTION('center_axis',(1.81446051011685E-15,0.,1.));
#4940=DIRECTION('ref_axis',(-0.707106781186546,-0.707106781186549,0.));
#4941=DIRECTION('',(0.,0.707106781186548,0.707106781186547));
#4942=DIRECTION('center_axis',(-1.81446051011685E-15,0.,-1.));
#4943=DIRECTION('ref_axis',(-0.707106781186546,-0.707106781186549,1.28301733089883E-15));
#4944=DIRECTION('center_axis',(1.28301733089882E-15,-0.707106781186553,
0.707106781186542));
#4945=DIRECTION('ref_axis',(1.,0.,-1.81446051011685E-15));
#4946=DIRECTION('',(1.,0.,-1.81446051011685E-15));
#4947=DIRECTION('',(0.,0.707106781186549,0.707106781186546));
#4948=DIRECTION('',(-1.,0.,1.81446051011685E-15));
#4949=DIRECTION('center_axis',(0.,1.,0.));
#4950=DIRECTION('ref_axis',(0.382683432365051,0.,0.923879532511303));
#4951=DIRECTION('',(0.499999999999952,0.707106781186553,0.50000000000004));
#4952=DIRECTION('center_axis',(0.,-1.,0.));
#4953=DIRECTION('ref_axis',(0.382683432365051,0.,0.923879532511303));
#4954=DIRECTION('center_axis',(0.,1.,0.));
#4955=DIRECTION('ref_axis',(0.382683432365051,0.,0.923879532511303));
#4956=DIRECTION('center_axis',(0.499999999999953,-0.707106781186551,0.500000000000042));
#4957=DIRECTION('ref_axis',(0.707106781186611,0.,-0.707106781186484));
#4958=DIRECTION('',(0.707106781186611,0.,-0.707106781186484));
#4959=DIRECTION('',(0.499999999999959,0.707106781186544,0.500000000000047));
#4960=DIRECTION('',(-0.707106781186611,0.,0.707106781186484));
#4961=DIRECTION('center_axis',(0.499999999999952,0.707106781186552,0.500000000000042));
#4962=DIRECTION('ref_axis',(0.707106781186611,0.,-0.707106781186484));
#4963=DIRECTION('',(0.499999999999959,-0.707106781186543,0.500000000000047));
#4964=DIRECTION('',(0.707106781186611,0.,-0.707106781186484));
#4965=DIRECTION('',(-0.499999999999959,0.707106781186543,-0.500000000000047));
#4966=DIRECTION('',(-0.707106781186611,0.,0.707106781186484));
#4967=DIRECTION('center_axis',(0.,-1.,0.));
#4968=DIRECTION('ref_axis',(0.382683432365051,0.,0.923879532511303));
#4969=DIRECTION('',(0.,-0.707106781186561,0.707106781186534));
#4970=DIRECTION('center_axis',(0.,1.,0.));
#4971=DIRECTION('ref_axis',(0.382683432365051,0.,0.923879532511303));
#4972=DIRECTION('center_axis',(0.,-1.,0.));
#4973=DIRECTION('ref_axis',(0.382683432365051,0.,0.923879532511303));
#4974=DIRECTION('center_axis',(1.28301733089881E-15,0.707106781186559,0.707106781186536));
#4975=DIRECTION('ref_axis',(1.,0.,-1.81446051011685E-15));
#4976=DIRECTION('',(0.,-0.707106781186536,0.707106781186559));
#4977=DIRECTION('',(1.,0.,-1.81446051011685E-15));
#4978=DIRECTION('',(-1.,0.,1.81446051011685E-15));
#4979=DIRECTION('center_axis',(0.,0.,-1.));
#4980=DIRECTION('ref_axis',(-0.707106781186546,0.707106781186549,5.13206932359532E-16));
#4981=DIRECTION('center_axis',(1.81446051011685E-15,0.,1.));
#4982=DIRECTION('ref_axis',(-0.707106781186546,0.707106781186549,0.));
#4983=DIRECTION('center_axis',(-1.81446051011685E-15,0.,-1.));
#4984=DIRECTION('ref_axis',(-0.707106781186546,0.707106781186549,1.28301733089883E-15));
#4985=DIRECTION('center_axis',(-3.10909397759189E-15,-0.707106781186546,
-0.707106781186549));
#4986=DIRECTION('ref_axis',(-1.,0.,4.39692286980296E-15));
#4987=DIRECTION('',(6.28036983473511E-15,-0.707106781186549,0.707106781186546));
#4988=DIRECTION('',(-1.,0.,4.39692286980296E-15));
#4989=DIRECTION('',(-6.28036983473511E-15,0.707106781186549,-0.707106781186546));
#4990=DIRECTION('',(1.,0.,-4.39692286980296E-15));
#4991=DIRECTION('center_axis',(0.,0.,1.));
#4992=DIRECTION('ref_axis',(-0.707106781186546,-0.707106781186549,1.24363759103675E-15));
#4993=DIRECTION('center_axis',(-4.39692286980296E-15,0.,-1.));
#4994=DIRECTION('ref_axis',(-0.707106781186546,-0.707106781186549,0.));
#4995=DIRECTION('',(0.707106781186874,0.,-0.707106781186221));
#4996=DIRECTION('center_axis',(4.39692286980296E-15,0.,1.));
#4997=DIRECTION('ref_axis',(-0.707106781186546,-0.707106781186549,3.10909397759188E-15));
#4998=DIRECTION('center_axis',(-0.707106781186548,0.,-0.707106781186548));
#4999=DIRECTION('ref_axis',(-0.707106781186548,0.,0.707106781186548));
#5000=DIRECTION('',(0.707106781186548,0.,-0.707106781186548));
#5001=DIRECTION('',(0.,-1.,0.));
#5002=DIRECTION('',(0.,1.,0.));
#5003=DIRECTION('center_axis',(0.,0.,1.));
#5004=DIRECTION('ref_axis',(-0.707106781186546,0.707106781186549,1.24363759103675E-15));
#5005=DIRECTION('center_axis',(-4.39692286980296E-15,0.,-1.));
#5006=DIRECTION('ref_axis',(-0.707106781186546,0.707106781186549,0.));
#5007=DIRECTION('',(0.,-0.707106781186884,-0.707106781186212));
#5008=DIRECTION('center_axis',(4.39692286980296E-15,0.,1.));
#5009=DIRECTION('ref_axis',(-0.707106781186546,0.707106781186549,3.10909397759188E-15));
#5010=DIRECTION('center_axis',(-3.10909397759189E-15,0.707106781186546,
-0.707106781186549));
#5011=DIRECTION('ref_axis',(-1.,0.,4.39692286980296E-15));
#5012=DIRECTION('',(-6.28036983473511E-15,-0.707106781186549,-0.707106781186546));
#5013=DIRECTION('',(-1.,0.,4.39692286980296E-15));
#5014=DIRECTION('',(1.,0.,-4.39692286980296E-15));
#5015=DIRECTION('center_axis',(0.,1.,0.));
#5016=DIRECTION('ref_axis',(0.92387953251132,0.,-0.38268343236501));
#5017=DIRECTION('center_axis',(0.,-1.,0.));
#5018=DIRECTION('ref_axis',(0.92387953251132,0.,-0.38268343236501));
#5019=DIRECTION('center_axis',(0.,-1.,0.));
#5020=DIRECTION('ref_axis',(0.923879532511305,0.,-0.382683432365047));
#5021=DIRECTION('center_axis',(0.,1.,0.));
#5022=DIRECTION('ref_axis',(0.923879532511305,0.,-0.382683432365047));
#5023=DIRECTION('center_axis',(9.23262390540284E-17,0.,-1.));
#5024=DIRECTION('ref_axis',(-0.707106781186546,-0.707106781186549,0.));
#5025=DIRECTION('',(9.23262390540284E-17,0.,-1.));
#5026=DIRECTION('',(-9.23262390540284E-17,0.,1.));
#5027=DIRECTION('center_axis',(-1.,0.,-9.23262390540284E-17));
#5028=DIRECTION('ref_axis',(-9.23262390540284E-17,0.,1.));
#5029=DIRECTION('',(-9.23262390540284E-17,0.,1.));
#5030=DIRECTION('center_axis',(0.,1.,0.));
#5031=DIRECTION('ref_axis',(0.,0.,1.));
#5032=DIRECTION('',(9.23262390540284E-17,0.,-1.));
#5033=DIRECTION('center_axis',(9.23262390540284E-17,0.,-1.));
#5034=DIRECTION('ref_axis',(-0.707106781186546,0.707106781186549,0.));
#5035=DIRECTION('center_axis',(1.81446051011685E-15,0.,1.));
#5036=DIRECTION('ref_axis',(1.,0.,-1.81446051011685E-15));
#5037=DIRECTION('',(0.,-1.,0.));
#5038=DIRECTION('',(-1.,0.,1.81446051011685E-15));
#5039=DIRECTION('',(0.,-1.,0.));
#5040=DIRECTION('',(1.,0.,-1.81446051011685E-15));
#5041=DIRECTION('',(0.,-1.,0.));
#5042=DIRECTION('center_axis',(0.,-1.,0.));
#5043=DIRECTION('ref_axis',(0.382683432365051,0.,0.923879532511303));
#5044=DIRECTION('',(0.,1.,0.));
#5045=DIRECTION('center_axis',(0.,1.,0.));
#5046=DIRECTION('ref_axis',(0.382683432365051,0.,0.923879532511303));
#5047=DIRECTION('center_axis',(-0.707106781186484,0.,-0.707106781186611));
#5048=DIRECTION('ref_axis',(0.707106781186611,0.,-0.707106781186484));
#5049=DIRECTION('',(0.,-1.,0.));
#5050=DIRECTION('',(0.707106781186611,0.,-0.707106781186484));
#5051=DIRECTION('center_axis',(0.,-1.,0.));
#5052=DIRECTION('ref_axis',(0.923879532511318,0.,-0.382683432365014));
#5053=DIRECTION('',(0.,1.,0.));
#5054=DIRECTION('center_axis',(0.,1.,0.));
#5055=DIRECTION('ref_axis',(0.923879532511318,0.,-0.382683432365014));
#5056=DIRECTION('center_axis',(0.,1.,0.));
#5057=DIRECTION('ref_axis',(-0.707106781186288,0.,0.707106781186807));
#5058=DIRECTION('center_axis',(0.,-1.,0.));
#5059=DIRECTION('ref_axis',(-0.707106781186288,0.,0.707106781186807));
#5060=DIRECTION('',(0.,-1.,0.));
#5061=DIRECTION('center_axis',(0.,1.,0.));
#5062=DIRECTION('ref_axis',(-0.707106781186288,0.,0.707106781186807));
#5063=DIRECTION('',(0.,1.,0.));
#5064=DIRECTION('center_axis',(0.,1.,0.));
#5065=DIRECTION('ref_axis',(1.,0.,0.));
#5066=DIRECTION('',(1.,0.,-7.37653495145481E-13));
#5067=DIRECTION('center_axis',(0.,1.,0.));
#5068=DIRECTION('ref_axis',(0.,0.,1.));
#5069=DIRECTION('',(-7.31441051517729E-15,0.,-1.));
#5070=DIRECTION('center_axis',(0.,-1.,0.));
#5071=DIRECTION('ref_axis',(0.923879532511287,0.,-0.382683432365088));
#5072=DIRECTION('',(0.707106781186548,0.,0.707106781186547));
#5073=DIRECTION('',(-1.,0.,4.39692286980296E-15));
#5074=DIRECTION('center_axis',(0.,-1.,0.));
#5075=DIRECTION('ref_axis',(0.923879532511302,0.,-0.382683432365053));
#5076=DIRECTION('',(-0.707106781186611,0.,0.707106781186484));
#5077=DIRECTION('center_axis',(0.,-1.,0.));
#5078=DIRECTION('ref_axis',(0.382683432365051,0.,0.923879532511303));
#5079=DIRECTION('center_axis',(0.,1.,0.));
#5080=DIRECTION('ref_axis',(0.707106781186549,0.,-0.707106781186546));
#5081=DIRECTION('',(-3.55271367878111E-15,0.,1.));
#5082=DIRECTION('center_axis',(0.,-1.,0.));
#5083=DIRECTION('ref_axis',(1.,0.,0.));
#5084=DIRECTION('center_axis',(7.37653495145481E-13,0.,1.));
#5085=DIRECTION('ref_axis',(1.,0.,-7.37653495145481E-13));
#5086=DIRECTION('',(-1.,0.,7.37653495145481E-13));
#5087=DIRECTION('',(0.,-1.,0.));
#5088=DIRECTION('',(1.,0.,-7.37653495145481E-13));
#5089=DIRECTION('',(0.,-1.,0.));
#5090=DIRECTION('',(1.,0.,-7.37653495145481E-13));
#5091=DIRECTION('',(0.,-1.,0.));
#5092=DIRECTION('',(1.,0.,-7.37653495145481E-13));
#5093=DIRECTION('',(0.,-1.,0.));
#5094=DIRECTION('',(1.,0.,-7.37653495145481E-13));
#5095=DIRECTION('',(0.,1.,0.));
#5096=DIRECTION('center_axis',(0.,1.,0.));
#5097=DIRECTION('ref_axis',(0.,0.,1.));
#5098=DIRECTION('center_axis',(0.,1.,0.));
#5099=DIRECTION('ref_axis',(0.382683432365051,0.,0.923879532511303));
#5100=DIRECTION('',(0.,1.,0.));
#5101=DIRECTION('center_axis',(0.,1.,0.));
#5102=DIRECTION('ref_axis',(0.923879532511287,0.,-0.382683432365088));
#5103=DIRECTION('',(0.,-1.,0.));
#5104=DIRECTION('center_axis',(0.,1.,0.));
#5105=DIRECTION('ref_axis',(0.923879532511287,0.,-0.382683432365088));
#5106=DIRECTION('',(0.,1.,0.));
#5107=DIRECTION('center_axis',(0.707106781186547,0.,-0.707106781186548));
#5108=DIRECTION('ref_axis',(-0.707106781186548,0.,-0.707106781186547));
#5109=DIRECTION('',(-0.707106781186548,0.,-0.707106781186547));
#5110=DIRECTION('',(0.,1.,0.));
#5111=DIRECTION('center_axis',(0.,-1.,0.));
#5112=DIRECTION('ref_axis',(0.,0.,-1.));
#5113=DIRECTION('',(-7.31441051517729E-15,0.,-1.));
#5114=DIRECTION('center_axis',(0.,1.,0.));
#5115=DIRECTION('ref_axis',(0.,0.,1.));
#5116=DIRECTION('center_axis',(0.,-1.,0.));
#5117=DIRECTION('ref_axis',(0.,0.,1.));
#5118=DIRECTION('',(7.31441051517729E-15,0.,1.));
#5119=DIRECTION('',(-1.,0.,4.39692286980296E-15));
#5120=DIRECTION('center_axis',(0.,1.,0.));
#5121=DIRECTION('ref_axis',(0.923879532511302,0.,-0.382683432365053));
#5122=DIRECTION('',(0.,-1.,0.));
#5123=DIRECTION('',(0.,1.,0.));
#5124=DIRECTION('center_axis',(-4.39692286980296E-15,0.,-1.));
#5125=DIRECTION('ref_axis',(-1.,0.,4.39692286980296E-15));
#5126=DIRECTION('',(0.,-1.,0.));
#5127=DIRECTION('',(-1.,0.,4.39692286980296E-15));
#5128=DIRECTION('',(0.,-1.,0.));
#5129=DIRECTION('',(-1.,0.,4.39692286980296E-15));
#5130=DIRECTION('',(0.,-1.,0.));
#5131=DIRECTION('',(-1.,0.,4.39692286980296E-15));
#5132=DIRECTION('',(0.,-1.,0.));
#5133=DIRECTION('',(1.,0.,-4.39692286980296E-15));
#5134=DIRECTION('center_axis',(0.,1.,0.));
#5135=DIRECTION('ref_axis',(0.707106781186549,0.,-0.707106781186546));
#5136=DIRECTION('center_axis',(0.,-1.,0.));
#5137=DIRECTION('ref_axis',(0.707106781186549,0.,-0.707106781186546));
#5138=DIRECTION('',(0.,1.,0.));
#5139=DIRECTION('center_axis',(-1.,0.,-3.55271367878111E-15));
#5140=DIRECTION('ref_axis',(-3.55271367878111E-15,0.,1.));
#5141=DIRECTION('',(3.55271367878111E-15,0.,-1.));
#5142=DIRECTION('center_axis',(0.,1.,0.));
#5143=DIRECTION('ref_axis',(0.,0.,1.));
#5144=DIRECTION('center_axis',(0.,-1.,0.));
#5145=DIRECTION('ref_axis',(0.,0.,1.));
#5146=DIRECTION('',(0.,1.,0.));
#5147=DIRECTION('center_axis',(-1.,0.,7.31441051517729E-15));
#5148=DIRECTION('ref_axis',(7.31441051517729E-15,0.,1.));
#5149=DIRECTION('',(7.31441051517729E-15,0.,1.));
#5150=DIRECTION('center_axis',(0.,-1.,0.));
#5151=DIRECTION('ref_axis',(0.,0.,-1.));
#5152=DIRECTION('center_axis',(0.,-1.,0.));
#5153=DIRECTION('ref_axis',(0.,0.,1.));
#5154=DIRECTION('',(7.31441051517729E-15,0.,1.));
#5155=DIRECTION('center_axis',(0.,1.,0.));
#5156=DIRECTION('ref_axis',(0.,0.,1.));
#5157=DIRECTION('center_axis',(0.,-1.,0.));
#5158=DIRECTION('ref_axis',(0.,0.,1.));
#5159=DIRECTION('',(0.,1.,0.));
#5160=DIRECTION('center_axis',(-1.,0.,7.31441051517729E-15));
#5161=DIRECTION('ref_axis',(7.31441051517729E-15,0.,1.));
#5162=DIRECTION('',(7.31441051517729E-15,0.,1.));
#5163=DIRECTION('center_axis',(0.,-1.,0.));
#5164=DIRECTION('ref_axis',(0.,0.,-1.));
#5165=DIRECTION('center_axis',(0.,-1.,0.));
#5166=DIRECTION('ref_axis',(0.,0.,1.));
#5167=DIRECTION('',(7.31441051517729E-15,0.,1.));
#5168=DIRECTION('center_axis',(0.,1.,0.));
#5169=DIRECTION('ref_axis',(0.,0.,1.));
#5170=DIRECTION('center_axis',(0.,-1.,0.));
#5171=DIRECTION('ref_axis',(0.,0.,1.));
#5172=DIRECTION('',(0.,1.,0.));
#5173=DIRECTION('center_axis',(-1.,0.,7.31441051517729E-15));
#5174=DIRECTION('ref_axis',(7.31441051517729E-15,0.,1.));
#5175=DIRECTION('',(7.31441051517729E-15,0.,1.));
#5176=DIRECTION('center_axis',(0.,-1.,0.));
#5177=DIRECTION('ref_axis',(0.,0.,-1.));
#5178=DIRECTION('center_axis',(0.,-1.,0.));
#5179=DIRECTION('ref_axis',(0.,0.,1.));
#5180=DIRECTION('',(7.31441051517729E-15,0.,1.));
#5181=DIRECTION('center_axis',(0.,1.,0.));
#5182=DIRECTION('ref_axis',(0.,0.,1.));
#5183=DIRECTION('center_axis',(0.,-1.,0.));
#5184=DIRECTION('ref_axis',(0.,0.,1.));
#5185=DIRECTION('',(0.,1.,0.));
#5186=DIRECTION('center_axis',(-1.,0.,7.31441051517729E-15));
#5187=DIRECTION('ref_axis',(7.31441051517729E-15,0.,1.));
#5188=DIRECTION('',(7.31441051517729E-15,0.,1.));
#5189=DIRECTION('center_axis',(0.,1.,0.));
#5190=DIRECTION('ref_axis',(0.,0.,1.));
#5191=DIRECTION('',(0.,1.,0.));
#5192=DIRECTION('center_axis',(1.,0.,-7.31441051517729E-15));
#5193=DIRECTION('ref_axis',(-7.31441051517729E-15,0.,-1.));
#5194=DIRECTION('center_axis',(0.,-1.,0.));
#5195=DIRECTION('ref_axis',(1.,0.,0.));
#5196=DIRECTION('center_axis',(0.,1.,0.));
#5197=DIRECTION('ref_axis',(1.,0.,0.));
#5198=DIRECTION('',(-0.707106781186548,-0.707106781186547,8.65956056235494E-17));
#5199=DIRECTION('center_axis',(0.,1.,0.));
#5200=DIRECTION('ref_axis',(1.,0.,0.));
#5201=DIRECTION('center_axis',(0.,1.,0.));
#5202=DIRECTION('ref_axis',(0.,0.,1.));
#5203=DIRECTION('center_axis',(0.707106781186484,0.,0.707106781186611));
#5204=DIRECTION('ref_axis',(0.707106781186611,0.,-0.707106781186484));
#5205=DIRECTION('center_axis',(0.,1.,0.));
#5206=DIRECTION('ref_axis',(1.,0.,0.));
#5207=DIRECTION('',(0.707106781186548,-0.707106781186547,-8.65956056235494E-17));
#5208=DIRECTION('center_axis',(0.,-1.,0.));
#5209=DIRECTION('ref_axis',(1.,0.,0.));
#5210=DIRECTION('center_axis',(0.,1.,0.));
#5211=DIRECTION('ref_axis',(0.,0.,1.));
#5212=DIRECTION('center_axis',(0.,1.,0.));
#5213=DIRECTION('ref_axis',(1.,0.,0.));
#5214=DIRECTION('axis',(0.,0.,1.));
#5215=DIRECTION('refdir',(1.,0.,0.));
#5216=DIRECTION('center_axis',(-7.19053374003476E-14,0.707106781186546,
-0.707106781186549));
#5217=DIRECTION('ref_axis',(-1.,0.,1.01689503358585E-13));
#5218=DIRECTION('',(-1.,0.,1.01689503358585E-13));
#5219=DIRECTION('',(-0.577350269188894,0.577350269189967,0.577350269190017));
#5220=DIRECTION('',(-1.,0.,1.01689503358585E-13));
#5221=DIRECTION('',(0.862856209461022,0.357406744336632,0.357406744336542));
#5222=DIRECTION('center_axis',(0.707106781186552,0.707106781186543,-1.30902487314143E-12));
#5223=DIRECTION('ref_axis',(-1.85124072908032E-12,0.,-1.));
#5224=DIRECTION('',(-1.85124072908032E-12,0.,-1.));
#5225=DIRECTION('',(-0.35740674433749,0.3574067443359,-0.862856209460933));
#5226=DIRECTION('',(-1.85124072908032E-12,0.,-1.));
#5227=DIRECTION('center_axis',(-0.499999999999999,0.707106781186547,0.500000000000002));
#5228=DIRECTION('ref_axis',(0.70710678118655,0.,0.707106781186545));
#5229=DIRECTION('',(0.70710678118655,0.,0.707106781186545));
#5230=DIRECTION('',(0.70710678118655,0.,0.707106781186545));
#5231=DIRECTION('center_axis',(0.,1.,0.));
#5232=DIRECTION('ref_axis',(0.,0.,1.));
#5233=DIRECTION('center_axis',(-7.19053374003483E-14,0.70710678118654,-0.707106781186555));
#5234=DIRECTION('ref_axis',(-1.,0.,1.01689503358585E-13));
#5235=DIRECTION('',(-1.,0.,1.01689503358585E-13));
#5236=DIRECTION('',(-0.281084637714783,0.678598344545844,0.678598344545866));
#5237=DIRECTION('',(-1.,0.,1.01689503358585E-13));
#5238=DIRECTION('',(0.862856209461023,0.35740674433663,0.35740674433654));
#5239=DIRECTION('center_axis',(0.500000000000002,0.707106781186542,-0.500000000000006));
#5240=DIRECTION('ref_axis',(-0.70710678118655,0.,-0.707106781186545));
#5241=DIRECTION('',(-0.70710678118655,0.,-0.707106781186545));
#5242=DIRECTION('',(-0.678598344545461,0.678598344545993,0.2810846377154));
#5243=DIRECTION('',(-0.70710678118655,0.,-0.707106781186545));
#5244=DIRECTION('center_axis',(0.707106781186549,0.707106781186546,-1.30902487314143E-12));
#5245=DIRECTION('ref_axis',(-1.85124072908032E-12,0.,-1.));
#5246=DIRECTION('',(-1.85124072908032E-12,0.,-1.));
#5247=DIRECTION('',(-0.357406744337492,0.3574067443359,-0.862856209460931));
#5248=DIRECTION('',(-1.85124072908032E-12,0.,-1.));
#5249=DIRECTION('center_axis',(-0.499999999999999,0.707106781186546,0.500000000000003));
#5250=DIRECTION('ref_axis',(0.70710678118655,0.,0.707106781186545));
#5251=DIRECTION('',(0.70710678118655,0.,0.707106781186545));
#5252=DIRECTION('',(0.70710678118655,0.,0.707106781186545));
#5253=DIRECTION('center_axis',(0.,1.,0.));
#5254=DIRECTION('ref_axis',(0.,0.,1.));
#5255=DIRECTION('center_axis',(-7.19053374003476E-14,0.707106781186546,
-0.707106781186549));
#5256=DIRECTION('ref_axis',(-1.,0.,1.01689503358585E-13));
#5257=DIRECTION('',(-1.,0.,1.01689503358585E-13));
#5258=DIRECTION('',(-0.281084637714789,0.678598344545843,0.678598344545864));
#5259=DIRECTION('',(-1.,0.,1.01689503358585E-13));
#5260=DIRECTION('',(0.862856209461022,0.357406744336632,0.357406744336542));
#5261=DIRECTION('center_axis',(0.499999999999997,0.707106781186549,-0.500000000000001));
#5262=DIRECTION('ref_axis',(-0.70710678118655,0.,-0.707106781186545));
#5263=DIRECTION('',(-0.70710678118655,0.,-0.707106781186545));
#5264=DIRECTION('',(-0.67859834454547,0.678598344545985,0.281084637715396));
#5265=DIRECTION('',(-0.70710678118655,0.,-0.707106781186545));
#5266=DIRECTION('center_axis',(0.707106781186549,0.707106781186546,-1.30902487314143E-12));
#5267=DIRECTION('ref_axis',(-1.85124072908032E-12,0.,-1.));
#5268=DIRECTION('',(-1.85124072908032E-12,0.,-1.));
#5269=DIRECTION('',(-0.357406744337499,0.357406744335897,-0.86285620946093));
#5270=DIRECTION('',(-1.85124072908032E-12,0.,-1.));
#5271=DIRECTION('center_axis',(-0.500000000000002,0.707106781186542,0.500000000000006));
#5272=DIRECTION('ref_axis',(0.70710678118655,0.,0.707106781186545));
#5273=DIRECTION('',(0.70710678118655,0.,0.707106781186545));
#5274=DIRECTION('',(0.70710678118655,0.,0.707106781186545));
#5275=DIRECTION('center_axis',(0.,1.,0.));
#5276=DIRECTION('ref_axis',(0.,0.,1.));
#5277=DIRECTION('center_axis',(-7.19053374003476E-14,0.707106781186546,
-0.707106781186549));
#5278=DIRECTION('ref_axis',(-1.,0.,1.01689503358585E-13));
#5279=DIRECTION('',(-1.,0.,1.01689503358585E-13));
#5280=DIRECTION('',(-0.281084637714775,0.678598344545845,0.678598344545867));
#5281=DIRECTION('',(-1.,0.,1.01689503358585E-13));
#5282=DIRECTION('',(0.86285620946102,0.357406744336628,0.35740674433655));
#5283=DIRECTION('center_axis',(0.500000000000001,0.707106781186544,-0.500000000000005));
#5284=DIRECTION('ref_axis',(-0.70710678118655,0.,-0.707106781186545));
#5285=DIRECTION('',(-0.70710678118655,0.,-0.707106781186545));
#5286=DIRECTION('',(-0.678598344545473,0.678598344545988,0.281084637715382));
#5287=DIRECTION('',(-0.70710678118655,0.,-0.707106781186545));
#5288=DIRECTION('center_axis',(0.707106781186552,0.707106781186543,-1.30902487314143E-12));
#5289=DIRECTION('ref_axis',(-1.85124072908032E-12,0.,-1.));
#5290=DIRECTION('',(-1.85124072908032E-12,0.,-1.));
#5291=DIRECTION('',(-0.357406744337492,0.3574067443359,-0.862856209460931));
#5292=DIRECTION('',(-1.85124072908032E-12,0.,-1.));
#5293=DIRECTION('center_axis',(-0.500000000000002,0.707106781186542,0.500000000000006));
#5294=DIRECTION('ref_axis',(0.70710678118655,0.,0.707106781186545));
#5295=DIRECTION('',(0.70710678118655,0.,0.707106781186545));
#5296=DIRECTION('',(0.70710678118655,0.,0.707106781186545));
#5297=DIRECTION('center_axis',(0.,1.,0.));
#5298=DIRECTION('ref_axis',(0.,0.,1.));
#5299=DIRECTION('center_axis',(-0.707106781186546,0.707106781186549,3.52582166160431E-14));
#5300=DIRECTION('ref_axis',(4.98626481234967E-14,0.,1.));
#5301=DIRECTION('',(4.98626481234967E-14,0.,1.));
#5302=DIRECTION('',(0.357406744336618,0.357406744336575,0.862856209461014));
#5303=DIRECTION('',(4.98626481234967E-14,0.,1.));
#5304=DIRECTION('',(0.678598344545826,0.678598344545852,-0.281084637714859));
#5305=DIRECTION('center_axis',(0.500000000000001,0.707106781186544,-0.500000000000005));
#5306=DIRECTION('ref_axis',(-0.70710678118655,0.,-0.707106781186545));
#5307=DIRECTION('',(-0.70710678118655,0.,-0.707106781186545));
#5308=DIRECTION('',(-0.67859834454546,0.678598344545992,0.281084637715405));
#5309=DIRECTION('',(-0.70710678118655,0.,-0.707106781186545));
#5310=DIRECTION('center_axis',(0.707106781186549,0.707106781186546,-1.30902487314143E-12));
#5311=DIRECTION('ref_axis',(-1.85124072908032E-12,0.,-1.));
#5312=DIRECTION('',(-1.85124072908032E-12,0.,-1.));
#5313=DIRECTION('',(-0.357406744337493,0.357406744335898,-0.862856209460932));
#5314=DIRECTION('',(-1.85124072908032E-12,0.,-1.));
#5315=DIRECTION('center_axis',(-0.499999999999996,0.70710678118655,0.5));
#5316=DIRECTION('ref_axis',(0.70710678118655,0.,0.707106781186545));
#5317=DIRECTION('',(0.70710678118655,0.,0.707106781186545));
#5318=DIRECTION('',(0.70710678118655,0.,0.707106781186545));
#5319=DIRECTION('center_axis',(0.,1.,0.));
#5320=DIRECTION('ref_axis',(0.,0.,1.));
#5321=DIRECTION('center_axis',(-0.707106781186549,0.707106781186546,3.52582166160432E-14));
#5322=DIRECTION('ref_axis',(4.98626481234967E-14,0.,1.));
#5323=DIRECTION('',(4.98626481234967E-14,0.,1.));
#5324=DIRECTION('',(0.357406744336615,0.357406744336572,0.862856209461017));
#5325=DIRECTION('',(4.98626481234967E-14,0.,1.));
#5326=DIRECTION('',(0.678598344545837,0.678598344545851,-0.281084637714835));
#5327=DIRECTION('center_axis',(0.499999999999995,0.707106781186552,-0.499999999999998));
#5328=DIRECTION('ref_axis',(-0.70710678118655,0.,-0.707106781186545));
#5329=DIRECTION('',(-0.70710678118655,0.,-0.707106781186545));
#5330=DIRECTION('',(-0.678598344545464,0.678598344545984,0.281084637715414));
#5331=DIRECTION('',(-0.70710678118655,0.,-0.707106781186545));
#5332=DIRECTION('center_axis',(0.707106781186552,0.707106781186543,-1.30902487314143E-12));
#5333=DIRECTION('ref_axis',(-1.85124072908032E-12,0.,-1.));
#5334=DIRECTION('',(-1.85124072908032E-12,0.,-1.));
#5335=DIRECTION('',(-0.357406744337497,0.357406744335898,-0.86285620946093));
#5336=DIRECTION('',(-1.85124072908032E-12,0.,-1.));
#5337=DIRECTION('center_axis',(-0.5,0.707106781186544,0.500000000000004));
#5338=DIRECTION('ref_axis',(0.70710678118655,0.,0.707106781186545));
#5339=DIRECTION('',(0.70710678118655,0.,0.707106781186545));
#5340=DIRECTION('',(0.70710678118655,0.,0.707106781186545));
#5341=DIRECTION('center_axis',(0.,1.,0.));
#5342=DIRECTION('ref_axis',(0.,0.,1.));
#5343=DIRECTION('center_axis',(-0.707106781186552,0.707106781186543,3.52582166160434E-14));
#5344=DIRECTION('ref_axis',(4.98626481234967E-14,0.,1.));
#5345=DIRECTION('',(4.98626481234967E-14,0.,1.));
#5346=DIRECTION('',(0.357406744336611,0.357406744336574,0.862856209461017));
#5347=DIRECTION('',(4.98626481234967E-14,0.,1.));
#5348=DIRECTION('',(0.67859834454583,0.678598344545857,-0.281084637714837));
#5349=DIRECTION('center_axis',(0.499999999999993,0.707106781186555,-0.499999999999997));
#5350=DIRECTION('ref_axis',(-0.70710678118655,0.,-0.707106781186545));
#5351=DIRECTION('',(-0.70710678118655,0.,-0.707106781186545));
#5352=DIRECTION('',(-0.678598344545471,0.67859834454598,0.281084637715406));
#5353=DIRECTION('',(-0.70710678118655,0.,-0.707106781186545));
#5354=DIRECTION('center_axis',(0.707106781186549,0.707106781186546,-1.30902487314143E-12));
#5355=DIRECTION('ref_axis',(-1.85124072908032E-12,0.,-1.));
#5356=DIRECTION('',(-1.85124072908032E-12,0.,-1.));
#5357=DIRECTION('',(-0.678598344546212,0.678598344545702,-0.281084637714291));
#5358=DIRECTION('',(-1.85124072908032E-12,0.,-1.));
#5359=DIRECTION('center_axis',(0.499999999999954,0.707106781186549,0.500000000000044));
#5360=DIRECTION('ref_axis',(0.707106781186612,0.,-0.707106781186483));
#5361=DIRECTION('',(0.707106781186612,0.,-0.707106781186483));
#5362=DIRECTION('',(0.707106781186612,0.,-0.707106781186483));
#5363=DIRECTION('',(2.56395024851151E-14,0.577350269189646,-0.816496580927712));
#5364=DIRECTION('center_axis',(-0.500000000000001,0.707106781186544,0.500000000000005));
#5365=DIRECTION('ref_axis',(0.70710678118655,0.,0.707106781186545));
#5366=DIRECTION('',(0.70710678118655,0.,0.707106781186545));
#5367=DIRECTION('',(0.70710678118655,0.,0.707106781186545));
#5368=DIRECTION('center_axis',(0.,1.,0.));
#5369=DIRECTION('ref_axis',(0.,0.,1.));
#5370=DIRECTION('center_axis',(-0.707106781186552,0.707106781186543,3.52582166160434E-14));
#5371=DIRECTION('ref_axis',(4.98626481234967E-14,0.,1.));
#5372=DIRECTION('',(4.98626481234967E-14,0.,1.));
#5373=DIRECTION('',(0.357406744336613,0.357406744336579,0.862856209461015));
#5374=DIRECTION('',(4.98626481234967E-14,0.,1.));
#5375=DIRECTION('',(0.678598344545832,0.678598344545853,-0.281084637714841));
#5376=DIRECTION('center_axis',(0.499999999999999,0.707106781186546,-0.500000000000003));
#5377=DIRECTION('ref_axis',(-0.70710678118655,0.,-0.707106781186545));
#5378=DIRECTION('',(-0.70710678118655,0.,-0.707106781186545));
#5379=DIRECTION('',(-0.816496580927738,0.577350269189608,-3.07674029821361E-14));
#5380=DIRECTION('',(-0.70710678118655,0.,-0.707106781186545));
#5381=DIRECTION('center_axis',(0.499999999999952,0.707106781186551,0.500000000000043));
#5382=DIRECTION('ref_axis',(0.707106781186612,0.,-0.707106781186484));
#5383=DIRECTION('',(0.707106781186612,0.,-0.707106781186483));
#5384=DIRECTION('',(-0.28108463771481,0.678598344545856,-0.678598344545842));
#5385=DIRECTION('',(0.707106781186612,0.,-0.707106781186483));
#5386=DIRECTION('center_axis',(3.13200072540101E-15,0.70710678118654,0.707106781186555));
#5387=DIRECTION('ref_axis',(1.,0.,-4.42931790322443E-15));
#5388=DIRECTION('',(1.,0.,-4.42931790322443E-15));
#5389=DIRECTION('',(1.,0.,-4.42931790322443E-15));
#5390=DIRECTION('',(0.281084637714832,0.678598344545852,-0.678598344545837));
#5391=DIRECTION('center_axis',(-0.5,0.707106781186545,0.500000000000004));
#5392=DIRECTION('ref_axis',(0.70710678118655,0.,0.707106781186545));
#5393=DIRECTION('',(0.70710678118655,0.,0.707106781186545));
#5394=DIRECTION('',(0.70710678118655,0.,0.707106781186545));
#5395=DIRECTION('center_axis',(0.,1.,0.));
#5396=DIRECTION('ref_axis',(0.,0.,1.));
#5397=DIRECTION('center_axis',(-0.707106781186549,0.707106781186546,3.52582166160432E-14));
#5398=DIRECTION('ref_axis',(4.98626481234967E-14,0.,1.));
#5399=DIRECTION('',(4.98626481234967E-14,0.,1.));
#5400=DIRECTION('',(0.357406744336617,0.357406744336577,0.862856209461014));
#5401=DIRECTION('',(4.98626481234967E-14,0.,1.));
#5402=DIRECTION('',(0.678598344545834,0.678598344545854,-0.281084637714836));
#5403=DIRECTION('center_axis',(0.499999999999999,0.707106781186546,-0.500000000000003));
#5404=DIRECTION('ref_axis',(-0.70710678118655,0.,-0.707106781186545));
#5405=DIRECTION('',(-0.70710678118655,0.,-0.707106781186545));
#5406=DIRECTION('',(-0.862856209461018,0.357406744336592,-0.357406744336591));
#5407=DIRECTION('',(-0.70710678118655,0.,-0.707106781186545));
#5408=DIRECTION('center_axis',(3.13200072540098E-15,0.707106781186546,0.707106781186549));
#5409=DIRECTION('ref_axis',(1.,0.,-4.42931790322443E-15));
#5410=DIRECTION('',(1.,0.,-4.42931790322443E-15));
#5411=DIRECTION('',(0.28108463771481,0.67859834454585,-0.678598344545848));
#5412=DIRECTION('',(1.,0.,-4.42931790322443E-15));
#5413=DIRECTION('center_axis',(-0.5,0.707106781186545,0.500000000000004));
#5414=DIRECTION('ref_axis',(0.70710678118655,0.,0.707106781186545));
#5415=DIRECTION('',(0.70710678118655,0.,0.707106781186545));
#5416=DIRECTION('',(0.70710678118655,0.,0.707106781186545));
#5417=DIRECTION('center_axis',(0.,1.,0.));
#5418=DIRECTION('ref_axis',(0.,0.,1.));
#5419=DIRECTION('center_axis',(-0.707106781186549,0.707106781186546,3.52582166160432E-14));
#5420=DIRECTION('ref_axis',(4.98626481234967E-14,0.,1.));
#5421=DIRECTION('',(4.98626481234967E-14,0.,1.));
#5422=DIRECTION('',(0.357406744336612,0.357406744336578,0.862856209461016));
#5423=DIRECTION('',(4.98626481234967E-14,0.,1.));
#5424=DIRECTION('',(0.678598344545847,0.678598344545849,-0.281084637714816));
#5425=DIRECTION('center_axis',(0.499999999999999,0.707106781186546,-0.500000000000003));
#5426=DIRECTION('ref_axis',(-0.70710678118655,0.,-0.707106781186545));
#5427=DIRECTION('',(-0.70710678118655,0.,-0.707106781186545));
#5428=DIRECTION('',(-0.862856209461018,0.357406744336596,-0.357406744336588));
#5429=DIRECTION('',(-0.70710678118655,0.,-0.707106781186545));
#5430=DIRECTION('center_axis',(3.13200072540098E-15,0.707106781186546,0.707106781186549));
#5431=DIRECTION('ref_axis',(1.,0.,-4.42931790322443E-15));
#5432=DIRECTION('',(1.,0.,-4.42931790322443E-15));
#5433=DIRECTION('',(0.281084637714799,0.678598344545853,-0.67859834454585));
#5434=DIRECTION('',(1.,0.,-4.42931790322443E-15));
#5435=DIRECTION('center_axis',(-0.5,0.707106781186545,0.500000000000004));
#5436=DIRECTION('ref_axis',(0.70710678118655,0.,0.707106781186545));
#5437=DIRECTION('',(0.70710678118655,0.,0.707106781186545));
#5438=DIRECTION('',(0.70710678118655,0.,0.707106781186545));
#5439=DIRECTION('center_axis',(0.,1.,0.));
#5440=DIRECTION('ref_axis',(0.,0.,1.));
#5441=DIRECTION('center_axis',(0.499999999999999,0.707106781186547,-0.500000000000002));
#5442=DIRECTION('ref_axis',(-0.70710678118655,0.,-0.707106781186545));
#5443=DIRECTION('',(-0.70710678118655,0.,-0.707106781186545));
#5444=DIRECTION('',(-0.862856209461018,0.357406744336592,-0.357406744336591));
#5445=DIRECTION('',(-0.70710678118655,0.,-0.707106781186545));
#5446=DIRECTION('',(0.35740674433662,0.357406744336577,0.862856209461013));
#5447=DIRECTION('center_axis',(3.13200072540098E-15,0.707106781186546,0.707106781186549));
#5448=DIRECTION('ref_axis',(1.,0.,-4.42931790322443E-15));
#5449=DIRECTION('',(1.,0.,-4.42931790322443E-15));
#5450=DIRECTION('',(0.577350269189605,0.577350269189632,-0.57735026918964));
#5451=DIRECTION('',(1.,0.,-4.42931790322443E-15));
#5452=DIRECTION('center_axis',(-0.707106781186546,0.707106781186549,3.52582166160431E-14));
#5453=DIRECTION('ref_axis',(4.98626481234967E-14,0.,1.));
#5454=DIRECTION('',(4.98626481234967E-14,0.,1.));
#5455=DIRECTION('',(4.98626481234967E-14,0.,1.));
#5456=DIRECTION('center_axis',(0.,1.,0.));
#5457=DIRECTION('ref_axis',(0.,0.,1.));
#5458=DIRECTION('center_axis',(-0.499999999999999,-0.707106781186547,0.500000000000002));
#5459=DIRECTION('ref_axis',(0.70710678118655,0.,0.707106781186545));
#5460=DIRECTION('',(-0.70710678118655,0.,-0.707106781186545));
#5461=DIRECTION('',(-0.35740674433749,-0.3574067443359,-0.862856209460933));
#5462=DIRECTION('',(-0.70710678118655,0.,-0.707106781186545));
#5463=DIRECTION('',(0.862856209461022,-0.357406744336632,0.357406744336542));
#5464=DIRECTION('center_axis',(0.707106781186552,-0.707106781186543,-1.30902487314143E-12));
#5465=DIRECTION('ref_axis',(-1.85124072908032E-12,0.,-1.));
#5466=DIRECTION('',(1.85124072908032E-12,0.,1.));
#5467=DIRECTION('',(1.85124072908032E-12,0.,1.));
#5468=DIRECTION('',(-0.577350269188894,-0.577350269189967,0.577350269190017));
#5469=DIRECTION('center_axis',(-7.19053374003476E-14,-0.707106781186546,
-0.707106781186549));
#5470=DIRECTION('ref_axis',(-1.,0.,1.01689503358585E-13));
#5471=DIRECTION('',(1.,0.,-1.01689503358585E-13));
#5472=DIRECTION('',(1.,0.,-1.01689503358585E-13));
#5473=DIRECTION('center_axis',(0.,1.,0.));
#5474=DIRECTION('ref_axis',(0.,0.,1.));
#5475=DIRECTION('center_axis',(-0.499999999999999,-0.707106781186546,0.500000000000003));
#5476=DIRECTION('ref_axis',(0.70710678118655,0.,0.707106781186545));
#5477=DIRECTION('',(-0.70710678118655,0.,-0.707106781186545));
#5478=DIRECTION('',(-0.357406744337492,-0.3574067443359,-0.862856209460931));
#5479=DIRECTION('',(-0.70710678118655,0.,-0.707106781186545));
#5480=DIRECTION('',(0.862856209461024,-0.35740674433663,0.35740674433654));
#5481=DIRECTION('center_axis',(0.707106781186549,-0.707106781186546,-1.30902487314143E-12));
#5482=DIRECTION('ref_axis',(-1.85124072908032E-12,0.,-1.));
#5483=DIRECTION('',(1.85124072908032E-12,0.,1.));
#5484=DIRECTION('',(1.85124072908032E-12,0.,1.));
#5485=DIRECTION('',(-0.67859834454546,-0.678598344545992,0.281084637715405));
#5486=DIRECTION('center_axis',(0.5,-0.707106781186545,-0.500000000000004));
#5487=DIRECTION('ref_axis',(-0.70710678118655,0.,-0.707106781186545));
#5488=DIRECTION('',(0.70710678118655,0.,0.707106781186545));
#5489=DIRECTION('',(0.70710678118655,0.,0.707106781186545));
#5490=DIRECTION('',(-0.281084637714789,-0.678598344545843,0.678598344545864));
#5491=DIRECTION('center_axis',(-7.19053374003483E-14,-0.70710678118654,
-0.707106781186555));
#5492=DIRECTION('ref_axis',(-1.,0.,1.01689503358585E-13));
#5493=DIRECTION('',(1.,0.,-1.01689503358585E-13));
#5494=DIRECTION('',(1.,0.,-1.01689503358585E-13));
#5495=DIRECTION('center_axis',(0.,1.,0.));
#5496=DIRECTION('ref_axis',(0.,0.,1.));
#5497=DIRECTION('center_axis',(-0.500000000000002,-0.707106781186542,0.500000000000006));
#5498=DIRECTION('ref_axis',(0.70710678118655,0.,0.707106781186545));
#5499=DIRECTION('',(-0.70710678118655,0.,-0.707106781186545));
#5500=DIRECTION('',(-0.3574067443375,-0.357406744335898,-0.862856209460929));
#5501=DIRECTION('',(-0.70710678118655,0.,-0.707106781186545));
#5502=DIRECTION('',(0.862856209461022,-0.357406744336632,0.357406744336542));
#5503=DIRECTION('center_axis',(0.707106781186549,-0.707106781186546,-1.30902487314143E-12));
#5504=DIRECTION('ref_axis',(-1.85124072908032E-12,0.,-1.));
#5505=DIRECTION('',(1.85124072908032E-12,0.,1.));
#5506=DIRECTION('',(1.85124072908032E-12,0.,1.));
#5507=DIRECTION('',(-0.67859834454547,-0.678598344545985,0.281084637715396));
#5508=DIRECTION('center_axis',(0.499999999999997,-0.707106781186549,-0.500000000000001));
#5509=DIRECTION('ref_axis',(-0.70710678118655,0.,-0.707106781186545));
#5510=DIRECTION('',(0.70710678118655,0.,0.707106781186545));
#5511=DIRECTION('',(0.70710678118655,0.,0.707106781186545));
#5512=DIRECTION('',(-0.281084637714783,-0.678598344545844,0.678598344545866));
#5513=DIRECTION('center_axis',(-7.19053374003476E-14,-0.707106781186546,
-0.707106781186549));
#5514=DIRECTION('ref_axis',(-1.,0.,1.01689503358585E-13));
#5515=DIRECTION('',(1.,0.,-1.01689503358585E-13));
#5516=DIRECTION('',(1.,0.,-1.01689503358585E-13));
#5517=DIRECTION('center_axis',(0.,1.,0.));
#5518=DIRECTION('ref_axis',(0.,0.,1.));
#5519=DIRECTION('center_axis',(-0.5,-0.707106781186545,0.500000000000004));
#5520=DIRECTION('ref_axis',(0.70710678118655,0.,0.707106781186545));
#5521=DIRECTION('',(-0.70710678118655,0.,-0.707106781186545));
#5522=DIRECTION('',(-0.357406744337495,-0.3574067443359,-0.862856209460931));
#5523=DIRECTION('',(-0.70710678118655,0.,-0.707106781186545));
#5524=DIRECTION('',(0.86285620946102,-0.357406744336628,0.357406744336551));
#5525=DIRECTION('center_axis',(0.707106781186552,-0.707106781186543,-1.30902487314143E-12));
#5526=DIRECTION('ref_axis',(-1.85124072908032E-12,0.,-1.));
#5527=DIRECTION('',(1.85124072908032E-12,0.,1.));
#5528=DIRECTION('',(1.85124072908032E-12,0.,1.));
#5529=DIRECTION('',(-0.678598344545474,-0.678598344545988,0.28108463771538));
#5530=DIRECTION('center_axis',(0.500000000000001,-0.707106781186544,-0.500000000000005));
#5531=DIRECTION('ref_axis',(-0.70710678118655,0.,-0.707106781186545));
#5532=DIRECTION('',(0.70710678118655,0.,0.707106781186545));
#5533=DIRECTION('',(0.70710678118655,0.,0.707106781186545));
#5534=DIRECTION('',(-0.281084637714767,-0.678598344545841,0.678598344545875));
#5535=DIRECTION('center_axis',(-7.19053374003476E-14,-0.707106781186546,
-0.707106781186549));
#5536=DIRECTION('ref_axis',(-1.,0.,1.01689503358585E-13));
#5537=DIRECTION('',(1.,0.,-1.01689503358585E-13));
#5538=DIRECTION('',(1.,0.,-1.01689503358585E-13));
#5539=DIRECTION('center_axis',(0.,1.,0.));
#5540=DIRECTION('ref_axis',(0.,0.,1.));
#5541=DIRECTION('center_axis',(-0.499999999999996,-0.70710678118655,0.5));
#5542=DIRECTION('ref_axis',(0.70710678118655,0.,0.707106781186545));
#5543=DIRECTION('',(-0.70710678118655,0.,-0.707106781186545));
#5544=DIRECTION('',(-0.357406744337496,-0.357406744335897,-0.862856209460931));
#5545=DIRECTION('',(-0.70710678118655,0.,-0.707106781186545));
#5546=DIRECTION('',(0.678598344545826,-0.678598344545852,-0.281084637714859));
#5547=DIRECTION('center_axis',(0.707106781186549,-0.707106781186546,-1.30902487314143E-12));
#5548=DIRECTION('ref_axis',(-1.85124072908032E-12,0.,-1.));
#5549=DIRECTION('',(1.85124072908032E-12,0.,1.));
#5550=DIRECTION('',(1.85124072908032E-12,0.,1.));
#5551=DIRECTION('',(-0.678598344545456,-0.678598344545995,0.281084637715406));
#5552=DIRECTION('center_axis',(0.500000000000001,-0.707106781186544,-0.500000000000005));
#5553=DIRECTION('ref_axis',(-0.70710678118655,0.,-0.707106781186545));
#5554=DIRECTION('',(0.70710678118655,0.,0.707106781186545));
#5555=DIRECTION('',(0.70710678118655,0.,0.707106781186545));
#5556=DIRECTION('',(0.357406744336618,-0.357406744336575,0.862856209461014));
#5557=DIRECTION('center_axis',(-0.707106781186546,-0.707106781186549,3.52582166160431E-14));
#5558=DIRECTION('ref_axis',(4.98626481234967E-14,0.,1.));
#5559=DIRECTION('',(-4.98626481234967E-14,0.,-1.));
#5560=DIRECTION('',(-4.98626481234967E-14,0.,-1.));
#5561=DIRECTION('center_axis',(0.,1.,0.));
#5562=DIRECTION('ref_axis',(0.,0.,1.));
#5563=DIRECTION('center_axis',(-0.5,-0.707106781186544,0.500000000000004));
#5564=DIRECTION('ref_axis',(0.70710678118655,0.,0.707106781186545));
#5565=DIRECTION('',(-0.70710678118655,0.,-0.707106781186545));
#5566=DIRECTION('',(-0.357406744337498,-0.357406744335899,-0.86285620946093));
#5567=DIRECTION('',(-0.70710678118655,0.,-0.707106781186545));
#5568=DIRECTION('',(0.678598344545838,-0.678598344545852,-0.281084637714829));
#5569=DIRECTION('center_axis',(0.707106781186552,-0.707106781186543,-1.30902487314143E-12));
#5570=DIRECTION('ref_axis',(-1.85124072908032E-12,0.,-1.));
#5571=DIRECTION('',(1.85124072908032E-12,0.,1.));
#5572=DIRECTION('',(1.85124072908032E-12,0.,1.));
#5573=DIRECTION('',(-0.678598344545464,-0.678598344545984,0.281084637715414));
#5574=DIRECTION('center_axis',(0.499999999999995,-0.707106781186552,-0.499999999999998));
#5575=DIRECTION('ref_axis',(-0.70710678118655,0.,-0.707106781186545));
#5576=DIRECTION('',(0.70710678118655,0.,0.707106781186545));
#5577=DIRECTION('',(0.70710678118655,0.,0.707106781186545));
#5578=DIRECTION('',(0.357406744336615,-0.357406744336572,0.862856209461017));
#5579=DIRECTION('center_axis',(-0.707106781186549,-0.707106781186546,3.52582166160432E-14));
#5580=DIRECTION('ref_axis',(4.98626481234967E-14,0.,1.));
#5581=DIRECTION('',(-4.98626481234967E-14,0.,-1.));
#5582=DIRECTION('',(-4.98626481234967E-14,0.,-1.));
#5583=DIRECTION('center_axis',(0.,1.,0.));
#5584=DIRECTION('ref_axis',(0.,0.,1.));
#5585=DIRECTION('center_axis',(-0.500000000000001,-0.707106781186544,0.500000000000005));
#5586=DIRECTION('ref_axis',(0.70710678118655,0.,0.707106781186545));
#5587=DIRECTION('',(-0.70710678118655,0.,-0.707106781186545));
#5588=DIRECTION('',(3.58953034791611E-14,-0.577350269189646,-0.816496580927712));
#5589=DIRECTION('',(-0.70710678118655,0.,-0.707106781186545));
#5590=DIRECTION('',(0.67859834454583,-0.678598344545857,-0.281084637714837));
#5591=DIRECTION('center_axis',(0.499999999999958,-0.707106781186542,0.500000000000049));
#5592=DIRECTION('ref_axis',(0.707106781186612,0.,-0.707106781186484));
#5593=DIRECTION('',(-0.707106781186612,0.,0.707106781186483));
#5594=DIRECTION('',(-0.67859834454622,-0.678598344545704,-0.281084637714267));
#5595=DIRECTION('',(-0.707106781186612,0.,0.707106781186483));
#5596=DIRECTION('center_axis',(0.707106781186549,-0.707106781186546,-1.30902487314143E-12));
#5597=DIRECTION('ref_axis',(-1.85124072908032E-12,0.,-1.));
#5598=DIRECTION('',(1.85124072908032E-12,0.,1.));
#5599=DIRECTION('',(1.85124072908032E-12,0.,1.));
#5600=DIRECTION('',(-0.678598344545471,-0.67859834454598,0.281084637715406));
#5601=DIRECTION('center_axis',(0.499999999999993,-0.707106781186555,-0.499999999999997));
#5602=DIRECTION('ref_axis',(-0.70710678118655,0.,-0.707106781186545));
#5603=DIRECTION('',(0.70710678118655,0.,0.707106781186545));
#5604=DIRECTION('',(0.70710678118655,0.,0.707106781186545));
#5605=DIRECTION('',(0.357406744336612,-0.357406744336572,0.862856209461018));
#5606=DIRECTION('center_axis',(-0.707106781186552,-0.707106781186543,3.52582166160434E-14));
#5607=DIRECTION('ref_axis',(4.98626481234967E-14,0.,1.));
#5608=DIRECTION('',(-4.98626481234967E-14,0.,-1.));
#5609=DIRECTION('',(-4.98626481234967E-14,0.,-1.));
#5610=DIRECTION('center_axis',(0.,1.,0.));
#5611=DIRECTION('ref_axis',(0.,0.,1.));
#5612=DIRECTION('center_axis',(-0.5,-0.707106781186545,0.500000000000004));
#5613=DIRECTION('ref_axis',(0.70710678118655,0.,0.707106781186545));
#5614=DIRECTION('',(-0.70710678118655,0.,-0.707106781186545));
#5615=DIRECTION('',(0.281084637714832,-0.678598344545852,-0.678598344545837));
#5616=DIRECTION('',(-0.70710678118655,0.,-0.707106781186545));
#5617=DIRECTION('',(0.678598344545834,-0.678598344545854,-0.281084637714836));
#5618=DIRECTION('center_axis',(3.13200072540101E-15,-0.70710678118654,0.707106781186555));
#5619=DIRECTION('ref_axis',(1.,0.,-4.42931790322443E-15));
#5620=DIRECTION('',(-1.,0.,4.42931790322443E-15));
#5621=DIRECTION('',(-0.281084637714799,-0.678598344545859,-0.678598344545844));
#5622=DIRECTION('',(-1.,0.,4.42931790322443E-15));
#5623=DIRECTION('center_axis',(0.499999999999954,-0.707106781186548,0.500000000000045));
#5624=DIRECTION('ref_axis',(0.707106781186612,0.,-0.707106781186484));
#5625=DIRECTION('',(-0.707106781186612,0.,0.707106781186483));
#5626=DIRECTION('',(-0.707106781186612,0.,0.707106781186483));
#5627=DIRECTION('',(-0.816496580927736,-0.577350269189612,-3.07674029821363E-14));
#5628=DIRECTION('center_axis',(0.5,-0.707106781186545,-0.500000000000004));
#5629=DIRECTION('ref_axis',(-0.70710678118655,0.,-0.707106781186545));
#5630=DIRECTION('',(0.70710678118655,0.,0.707106781186545));
#5631=DIRECTION('',(0.70710678118655,0.,0.707106781186545));
#5632=DIRECTION('',(0.357406744336615,-0.357406744336582,0.862856209461012));
#5633=DIRECTION('center_axis',(-0.707106781186552,-0.707106781186543,3.52582166160434E-14));
#5634=DIRECTION('ref_axis',(4.98626481234967E-14,0.,1.));
#5635=DIRECTION('',(-4.98626481234967E-14,0.,-1.));
#5636=DIRECTION('',(-4.98626481234967E-14,0.,-1.));
#5637=DIRECTION('center_axis',(0.,1.,0.));
#5638=DIRECTION('ref_axis',(0.,0.,1.));
#5639=DIRECTION('center_axis',(-0.5,-0.707106781186545,0.500000000000004));
#5640=DIRECTION('ref_axis',(0.70710678118655,0.,0.707106781186545));
#5641=DIRECTION('',(-0.70710678118655,0.,-0.707106781186545));
#5642=DIRECTION('',(0.28108463771481,-0.67859834454585,-0.678598344545848));
#5643=DIRECTION('',(-0.70710678118655,0.,-0.707106781186545));
#5644=DIRECTION('',(0.678598344545834,-0.678598344545854,-0.281084637714836));
#5645=DIRECTION('center_axis',(3.13200072540098E-15,-0.707106781186546,
0.707106781186549));
#5646=DIRECTION('ref_axis',(1.,0.,-4.42931790322443E-15));
#5647=DIRECTION('',(-1.,0.,4.42931790322443E-15));
#5648=DIRECTION('',(-1.,0.,4.42931790322443E-15));
#5649=DIRECTION('',(-0.862856209461018,-0.357406744336593,-0.357406744336591));
#5650=DIRECTION('center_axis',(0.499999999999999,-0.707106781186546,-0.500000000000003));
#5651=DIRECTION('ref_axis',(-0.70710678118655,0.,-0.707106781186545));
#5652=DIRECTION('',(0.70710678118655,0.,0.707106781186545));
#5653=DIRECTION('',(0.70710678118655,0.,0.707106781186545));
#5654=DIRECTION('',(0.357406744336617,-0.357406744336577,0.862856209461014));
#5655=DIRECTION('center_axis',(-0.707106781186549,-0.707106781186546,3.52582166160432E-14));
#5656=DIRECTION('ref_axis',(4.98626481234967E-14,0.,1.));
#5657=DIRECTION('',(-4.98626481234967E-14,0.,-1.));
#5658=DIRECTION('',(-4.98626481234967E-14,0.,-1.));
#5659=DIRECTION('center_axis',(0.,1.,0.));
#5660=DIRECTION('ref_axis',(0.,0.,1.));
#5661=DIRECTION('center_axis',(-0.5,-0.707106781186545,0.500000000000004));
#5662=DIRECTION('ref_axis',(0.70710678118655,0.,0.707106781186545));
#5663=DIRECTION('',(-0.70710678118655,0.,-0.707106781186545));
#5664=DIRECTION('',(0.281084637714799,-0.678598344545853,-0.67859834454585));
#5665=DIRECTION('',(-0.70710678118655,0.,-0.707106781186545));
#5666=DIRECTION('',(0.678598344545847,-0.678598344545849,-0.281084637714816));
#5667=DIRECTION('center_axis',(3.13200072540098E-15,-0.707106781186546,
0.707106781186549));
#5668=DIRECTION('ref_axis',(1.,0.,-4.42931790322443E-15));
#5669=DIRECTION('',(-1.,0.,4.42931790322443E-15));
#5670=DIRECTION('',(-1.,0.,4.42931790322443E-15));
#5671=DIRECTION('',(-0.862856209461018,-0.357406744336595,-0.357406744336588));
#5672=DIRECTION('center_axis',(0.499999999999999,-0.707106781186546,-0.500000000000003));
#5673=DIRECTION('ref_axis',(-0.70710678118655,0.,-0.707106781186545));
#5674=DIRECTION('',(0.70710678118655,0.,0.707106781186545));
#5675=DIRECTION('',(0.70710678118655,0.,0.707106781186545));
#5676=DIRECTION('',(0.357406744336612,-0.357406744336578,0.862856209461016));
#5677=DIRECTION('center_axis',(-0.707106781186549,-0.707106781186546,3.52582166160432E-14));
#5678=DIRECTION('ref_axis',(4.98626481234967E-14,0.,1.));
#5679=DIRECTION('',(-4.98626481234967E-14,0.,-1.));
#5680=DIRECTION('',(-4.98626481234967E-14,0.,-1.));
#5681=DIRECTION('center_axis',(0.,1.,0.));
#5682=DIRECTION('ref_axis',(0.,0.,1.));
#5683=DIRECTION('center_axis',(-0.707106781186546,-0.707106781186549,3.52582166160431E-14));
#5684=DIRECTION('ref_axis',(4.98626481234967E-14,0.,1.));
#5685=DIRECTION('',(-4.98626481234967E-14,0.,-1.));
#5686=DIRECTION('',(0.577350269189608,-0.577350269189636,-0.577350269189634));
#5687=DIRECTION('',(-4.98626481234967E-14,0.,-1.));
#5688=DIRECTION('',(0.35740674433662,-0.357406744336577,0.862856209461013));
#5689=DIRECTION('center_axis',(3.13200072540101E-15,-0.70710678118654,0.707106781186555));
#5690=DIRECTION('ref_axis',(1.,0.,-4.42931790322443E-15));
#5691=DIRECTION('',(-1.,0.,4.42931790322443E-15));
#5692=DIRECTION('',(-1.,0.,4.42931790322443E-15));
#5693=DIRECTION('',(-0.862856209461018,-0.357406744336595,-0.357406744336587));
#5694=DIRECTION('center_axis',(0.499999999999999,-0.707106781186547,-0.500000000000002));
#5695=DIRECTION('ref_axis',(-0.70710678118655,0.,-0.707106781186545));
#5696=DIRECTION('',(0.70710678118655,0.,0.707106781186545));
#5697=DIRECTION('',(0.70710678118655,0.,0.707106781186545));
#5698=DIRECTION('center_axis',(0.,1.,0.));
#5699=DIRECTION('ref_axis',(0.,0.,1.));
#5700=DIRECTION('center_axis',(0.,-1.,0.));
#5701=DIRECTION('ref_axis',(1.,0.,-1.63289615703109E-13));
#5702=DIRECTION('center_axis',(0.,-1.,0.));
#5703=DIRECTION('ref_axis',(1.,0.,-1.63289615703109E-13));
#5704=DIRECTION('',(0.,-1.,0.));
#5705=DIRECTION('center_axis',(0.,-1.,0.));
#5706=DIRECTION('ref_axis',(1.,0.,-1.63289615703109E-13));
#5707=DIRECTION('',(0.,1.,0.));
#5708=DIRECTION('center_axis',(-0.707106781186676,0.,-0.707106781186419));
#5709=DIRECTION('ref_axis',(-0.707106781186419,0.,0.707106781186676));
#5710=DIRECTION('',(-0.707106781186419,0.,0.707106781186676));
#5711=DIRECTION('',(0.,1.,0.));
#5712=DIRECTION('',(0.707106781186419,0.,-0.707106781186676));
#5713=DIRECTION('center_axis',(0.,1.,0.));
#5714=DIRECTION('ref_axis',(0.,0.,1.));
#5715=DIRECTION('',(-0.707106781186649,0.,-0.707106781186446));
#5716=DIRECTION('center_axis',(0.,-1.,0.));
#5717=DIRECTION('ref_axis',(0.923879532511449,0.,0.382683432364698));
#5718=DIRECTION('',(-1.,0.,7.37653495145481E-13));
#5719=DIRECTION('',(0.,0.,1.));
#5720=DIRECTION('',(1.,0.,0.));
#5721=DIRECTION('',(0.,0.,-1.));
#5722=DIRECTION('center_axis',(0.,-1.,0.));
#5723=DIRECTION('ref_axis',(-1.,0.,0.));
#5724=DIRECTION('',(0.707106781186551,0.,-0.707106781186544));
#5725=DIRECTION('',(-1.,0.,0.));
#5726=DIRECTION('',(0.707106781186551,0.,0.707106781186544));
#5727=DIRECTION('center_axis',(0.,-1.,0.));
#5728=DIRECTION('ref_axis',(1.,0.,0.));
#5729=DIRECTION('',(0.,0.,1.));
#5730=DIRECTION('',(-1.,0.,0.));
#5731=DIRECTION('',(8.03357380618743E-13,0.,-1.));
#5732=DIRECTION('',(-0.707106781186548,0.,-0.707106781186547));
#5733=DIRECTION('center_axis',(0.,-1.,0.));
#5734=DIRECTION('ref_axis',(-0.923879532511279,0.,-0.382683432365108));
#5735=DIRECTION('',(1.,0.,-4.39692286980296E-15));
#5736=DIRECTION('center_axis',(0.,1.,0.));
#5737=DIRECTION('ref_axis',(1.,0.,0.));
#5738=DIRECTION('center_axis',(0.,-1.,0.));
#5739=DIRECTION('ref_axis',(-0.193962763782144,0.,0.981008892042265));
#5740=DIRECTION('',(0.707106781186548,0.,0.707106781186547));
#5741=DIRECTION('center_axis',(0.,-1.,0.));
#5742=DIRECTION('ref_axis',(-1.,0.,8.79251776862833E-14));
#5743=DIRECTION('center_axis',(0.,-1.,0.));
#5744=DIRECTION('ref_axis',(1.,0.,-1.63289615703109E-13));
#5745=DIRECTION('center_axis',(0.,1.,0.));
#5746=DIRECTION('ref_axis',(1.,0.,-1.63289615703109E-13));
#5747=DIRECTION('',(0.,1.,0.));
#5748=DIRECTION('center_axis',(0.,1.,0.));
#5749=DIRECTION('ref_axis',(1.,0.,-1.63289615703109E-13));
#5750=DIRECTION('',(0.,-1.,0.));
#5751=DIRECTION('center_axis',(-0.707106781186676,0.,-0.707106781186419));
#5752=DIRECTION('ref_axis',(-0.707106781186419,0.,0.707106781186676));
#5753=DIRECTION('',(-0.707106781186419,0.,0.707106781186676));
#5754=DIRECTION('',(0.,1.,0.));
#5755=DIRECTION('',(0.707106781186419,0.,-0.707106781186676));
#5756=DIRECTION('center_axis',(0.,-1.,0.));
#5757=DIRECTION('ref_axis',(0.,0.,-1.));
#5758=DIRECTION('',(-0.707106781186649,0.,-0.707106781186446));
#5759=DIRECTION('',(-1.,0.,1.81446051011685E-15));
#5760=DIRECTION('',(-0.707106781186611,0.,0.707106781186484));
#5761=DIRECTION('',(-1.,0.,4.39692286980296E-15));
#5762=DIRECTION('center_axis',(0.,1.,0.));
#5763=DIRECTION('ref_axis',(-0.923879532511279,0.,-0.382683432365108));
#5764=DIRECTION('',(-0.707106781186548,0.,-0.707106781186547));
#5765=DIRECTION('center_axis',(0.,1.,0.));
#5766=DIRECTION('ref_axis',(1.,0.,0.));
#5767=DIRECTION('center_axis',(0.,-1.,0.));
#5768=DIRECTION('ref_axis',(-0.0699376294790035,0.,0.99755136608741));
#5769=DIRECTION('',(0.707106781186548,0.,0.707106781186547));
#5770=DIRECTION('center_axis',(0.,-1.,0.));
#5771=DIRECTION('ref_axis',(-1.,0.,8.79251776862836E-14));
#5772=DIRECTION('center_axis',(0.,1.,0.));
#5773=DIRECTION('ref_axis',(1.,0.,0.));
#5774=DIRECTION('center_axis',(0.707106781186446,0.,-0.707106781186649));
#5775=DIRECTION('ref_axis',(-0.707106781186649,0.,-0.707106781186446));
#5776=DIRECTION('',(0.707106781186649,0.,0.707106781186446));
#5777=DIRECTION('',(0.,1.,0.));
#5778=DIRECTION('',(0.707106781186649,0.,0.707106781186446));
#5779=DIRECTION('',(0.,1.,0.));
#5780=DIRECTION('center_axis',(0.,-1.,0.));
#5781=DIRECTION('ref_axis',(-0.193962763782144,0.,0.981008892042265));
#5782=DIRECTION('center_axis',(0.,1.,0.));
#5783=DIRECTION('ref_axis',(-0.193962763782144,0.,0.981008892042265));
#5784=DIRECTION('',(0.,1.,0.));
#5785=DIRECTION('',(0.,-1.,0.));
#5786=DIRECTION('center_axis',(0.,-1.,0.));
#5787=DIRECTION('ref_axis',(1.,0.,0.));
#5788=DIRECTION('',(0.,1.,0.));
#5789=DIRECTION('center_axis',(0.,-1.,0.));
#5790=DIRECTION('ref_axis',(1.,0.,0.));
#5791=DIRECTION('center_axis',(0.,1.,0.));
#5792=DIRECTION('ref_axis',(-0.0699376294790035,0.,0.99755136608741));
#5793=DIRECTION('',(0.,-1.,0.));
#5794=DIRECTION('center_axis',(0.,1.,0.));
#5795=DIRECTION('ref_axis',(-0.0699376294790035,0.,0.99755136608741));
#5796=DIRECTION('',(0.,1.,0.));
#5797=DIRECTION('center_axis',(0.,1.,0.));
#5798=DIRECTION('ref_axis',(1.,0.,0.));
#5799=DIRECTION('',(0.,-1.,0.));
#5800=DIRECTION('center_axis',(0.,-1.,0.));
#5801=DIRECTION('ref_axis',(1.,0.,0.));
#5802=DIRECTION('center_axis',(0.,-1.,0.));
#5803=DIRECTION('ref_axis',(-1.,0.,8.79251776862833E-14));
#5804=DIRECTION('center_axis',(0.,1.,0.));
#5805=DIRECTION('ref_axis',(-1.,0.,8.79251776862833E-14));
#5806=DIRECTION('',(0.,-1.,0.));
#5807=DIRECTION('center_axis',(-0.707106781186547,0.,0.707106781186548));
#5808=DIRECTION('ref_axis',(-0.707106781186548,0.,-0.707106781186547));
#5809=DIRECTION('',(-0.707106781186548,0.,-0.707106781186547));
#5810=DIRECTION('center_axis',(0.,1.,0.));
#5811=DIRECTION('ref_axis',(-1.,0.,8.79251776862836E-14));
#5812=DIRECTION('',(0.,-1.,0.));
#5813=DIRECTION('center_axis',(0.,1.,0.));
#5814=DIRECTION('ref_axis',(-1.,0.,8.79251776862836E-14));
#5815=DIRECTION('center_axis',(0.,-0.707106781186546,0.707106781186549));
#5816=DIRECTION('ref_axis',(1.,0.,0.));
#5817=DIRECTION('',(0.577350269189629,0.577350269189625,0.577350269189623));
#5818=DIRECTION('',(-1.,0.,0.));
#5819=DIRECTION('',(0.577350269189629,-0.577350269189625,-0.577350269189623));
#5820=DIRECTION('',(1.,0.,0.));
#5821=DIRECTION('center_axis',(0.707106781186544,0.,-0.707106781186551));
#5822=DIRECTION('ref_axis',(-0.707106781186551,0.,-0.707106781186544));
#5823=DIRECTION('',(0.707106781186551,0.,0.707106781186544));
#5824=DIRECTION('',(0.,1.,0.));
#5825=DIRECTION('',(0.,1.,0.));
#5826=DIRECTION('center_axis',(0.,1.,0.));
#5827=DIRECTION('ref_axis',(0.,0.,1.));
#5828=DIRECTION('',(0.707106781186551,0.,-0.707106781186544));
#5829=DIRECTION('center_axis',(0.,-1.,0.));
#5830=DIRECTION('ref_axis',(-1.,0.,0.));
#5831=DIRECTION('',(0.,0.,-1.));
#5832=DIRECTION('',(-1.,0.,0.));
#5833=DIRECTION('',(0.,0.,-1.));
#5834=DIRECTION('center_axis',(0.,-1.,0.));
#5835=DIRECTION('ref_axis',(-1.,0.,0.));
#5836=DIRECTION('',(0.707106781186551,0.,-0.707106781186544));
#5837=DIRECTION('',(1.,0.,0.));
#5838=DIRECTION('',(-9.23262390540284E-17,0.,1.));
#5839=DIRECTION('',(-0.707106781186611,0.,0.707106781186484));
#5840=DIRECTION('',(-1.,0.,4.39692286980296E-15));
#5841=DIRECTION('',(-4.98100059696483E-14,0.,-1.));
#5842=DIRECTION('',(1.,0.,0.));
#5843=DIRECTION('',(-0.707106781186551,0.,-0.707106781186544));
#5844=DIRECTION('center_axis',(0.,1.,0.));
#5845=DIRECTION('ref_axis',(1.,0.,0.));
#5846=DIRECTION('',(0.,0.,-1.));
#5847=DIRECTION('',(-1.,0.,0.));
#5848=DIRECTION('',(0.,0.,1.));
#5849=DIRECTION('center_axis',(0.,-1.,0.));
#5850=DIRECTION('ref_axis',(1.,0.,0.));
#5851=DIRECTION('center_axis',(0.,0.707106781186546,0.707106781186549));
#5852=DIRECTION('ref_axis',(1.,0.,0.));
#5853=DIRECTION('',(-0.577350269189629,0.577350269189625,-0.577350269189623));
#5854=DIRECTION('',(-1.,0.,0.));
#5855=DIRECTION('',(-0.577350269189629,-0.577350269189625,0.577350269189623));
#5856=DIRECTION('',(1.,0.,0.));
#5857=DIRECTION('center_axis',(0.707106781186544,0.,0.707106781186551));
#5858=DIRECTION('ref_axis',(0.707106781186551,0.,-0.707106781186544));
#5859=DIRECTION('',(-0.707106781186551,0.,0.707106781186544));
#5860=DIRECTION('',(0.,-1.,0.));
#5861=DIRECTION('',(-0.707106781186551,0.,0.707106781186544));
#5862=DIRECTION('',(0.,-1.,0.));
#5863=DIRECTION('center_axis',(0.,1.,0.));
#5864=DIRECTION('ref_axis',(0.,0.,1.));
#5865=DIRECTION('',(-0.707106781186551,0.,-0.707106781186544));
#5866=DIRECTION('center_axis',(0.,1.,0.));
#5867=DIRECTION('ref_axis',(1.,0.,0.));
#5868=DIRECTION('',(0.,0.,-1.));
#5869=DIRECTION('',(1.,0.,0.));
#5870=DIRECTION('',(0.,0.,1.));
#5871=DIRECTION('center_axis',(0.,-1.,0.));
#5872=DIRECTION('ref_axis',(1.,0.,0.));
#5873=DIRECTION('',(0.707106781186551,0.,0.707106781186544));
#5874=DIRECTION('',(-1.,0.,0.));
#5875=DIRECTION('',(4.98100059696483E-14,0.,1.));
#5876=DIRECTION('',(1.,0.,-4.39692286980296E-15));
#5877=DIRECTION('',(0.707106781186611,0.,-0.707106781186484));
#5878=DIRECTION('',(9.23262390540284E-17,0.,-1.));
#5879=DIRECTION('',(-1.,0.,0.));
#5880=DIRECTION('',(-0.707106781186551,0.,0.707106781186544));
#5881=DIRECTION('center_axis',(0.,1.,0.));
#5882=DIRECTION('ref_axis',(-1.,0.,0.));
#5883=DIRECTION('',(0.,0.,1.));
#5884=DIRECTION('',(1.,0.,0.));
#5885=DIRECTION('',(0.,0.,1.));
#5886=DIRECTION('center_axis',(0.,1.,0.));
#5887=DIRECTION('ref_axis',(-1.,0.,0.));
#5888=DIRECTION('center_axis',(0.,0.707106781186546,0.707106781186549));
#5889=DIRECTION('ref_axis',(1.,0.,0.));
#5890=DIRECTION('',(0.577350269189629,-0.577350269189626,0.577350269189623));
#5891=DIRECTION('',(1.,0.,0.));
#5892=DIRECTION('',(0.,0.707106781186549,-0.707106781186546));
#5893=DIRECTION('center_axis',(0.,0.,-1.));
#5894=DIRECTION('ref_axis',(0.707106781186548,0.707106781186547,-2.13532574380991E-14));
#5895=DIRECTION('',(0.707106781186472,0.,-0.707106781186623));
#5896=DIRECTION('center_axis',(0.,0.,1.));
#5897=DIRECTION('ref_axis',(0.707106781186548,0.707106781186547,-3.55887623968322E-14));
#5898=DIRECTION('center_axis',(0.,0.,-1.));
#5899=DIRECTION('ref_axis',(0.707106781186548,0.707106781186547,0.));
#5900=DIRECTION('center_axis',(0.707106781178502,0.,0.707106781194593));
#5901=DIRECTION('ref_axis',(0.707106781194593,0.,-0.707106781178502));
#5902=DIRECTION('',(0.707106781194593,0.,-0.707106781178502));
#5903=DIRECTION('',(0.,1.,0.));
#5904=DIRECTION('',(0.,-1.,0.));
#5905=DIRECTION('center_axis',(0.,0.,-1.));
#5906=DIRECTION('ref_axis',(0.707106781186548,-0.707106781186547,-2.13532574380991E-14));
#5907=DIRECTION('',(0.,-0.707106781186472,-0.707106781186623));
#5908=DIRECTION('center_axis',(0.,0.,1.));
#5909=DIRECTION('ref_axis',(0.707106781186548,-0.707106781186547,-3.55887623968322E-14));
#5910=DIRECTION('center_axis',(0.,0.,-1.));
#5911=DIRECTION('ref_axis',(0.707106781186548,-0.707106781186547,0.));
#5912=DIRECTION('center_axis',(0.,-0.707106781186546,0.707106781186549));
#5913=DIRECTION('ref_axis',(1.,0.,0.));
#5914=DIRECTION('',(-0.577350269189629,-0.577350269189626,-0.577350269189623));
#5915=DIRECTION('',(-1.,0.,0.));
#5916=DIRECTION('center_axis',(0.,0.,-1.));
#5917=DIRECTION('ref_axis',(1.,0.,0.));
#5918=DIRECTION('',(0.,-1.,0.));
#5919=DIRECTION('center_axis',(0.707106781186544,0.,-0.707106781186551));
#5920=DIRECTION('ref_axis',(0.707106781186551,0.,0.707106781186544));
#5921=DIRECTION('',(0.,-1.,0.));
#5922=DIRECTION('center_axis',(0.,0.707106781186546,0.707106781186549));
#5923=DIRECTION('ref_axis',(1.,0.,0.));
#5924=DIRECTION('',(0.577350269189629,0.577350269189625,-0.577350269189623));
#5925=DIRECTION('',(0.,-0.707106781186542,0.707106781186553));
#5926=DIRECTION('',(1.,0.,0.));
#5927=DIRECTION('center_axis',(0.,0.,-1.));
#5928=DIRECTION('ref_axis',(-0.707106781186546,0.707106781186549,0.));
#5929=DIRECTION('center_axis',(0.,0.,1.));
#5930=DIRECTION('ref_axis',(-0.707106781186546,0.707106781186549,0.));
#5931=DIRECTION('',(0.707106781186538,0.,0.707106781186557));
#5932=DIRECTION('center_axis',(0.,0.,-1.));
#5933=DIRECTION('ref_axis',(-0.707106781186546,0.707106781186549,0.));
#5934=DIRECTION('center_axis',(-0.707106781194615,0.,0.70710678117848));
#5935=DIRECTION('ref_axis',(0.70710678117848,0.,0.707106781194615));
#5936=DIRECTION('',(0.707106781178477,0.,0.707106781194618));
#5937=DIRECTION('',(0.,1.,0.));
#5938=DIRECTION('',(0.,-1.,0.));
#5939=DIRECTION('center_axis',(0.,0.,-1.));
#5940=DIRECTION('ref_axis',(-0.707106781186546,-0.707106781186549,0.));
#5941=DIRECTION('center_axis',(0.,0.,1.));
#5942=DIRECTION('ref_axis',(-0.707106781186546,-0.707106781186549,0.));
#5943=DIRECTION('',(0.,0.707106781186542,0.707106781186553));
#5944=DIRECTION('center_axis',(0.,0.,-1.));
#5945=DIRECTION('ref_axis',(-0.707106781186546,-0.707106781186549,0.));
#5946=DIRECTION('center_axis',(0.,-0.707106781186546,0.707106781186549));
#5947=DIRECTION('ref_axis',(1.,0.,0.));
#5948=DIRECTION('',(-0.577350269189629,0.577350269189626,0.577350269189623));
#5949=DIRECTION('',(-1.,0.,0.));
#5950=DIRECTION('center_axis',(-9.23262390540284E-17,0.,1.));
#5951=DIRECTION('ref_axis',(-0.707106781186546,-0.707106781186549,0.));
#5952=DIRECTION('',(9.23262390540284E-17,0.,-1.));
#5953=DIRECTION('center_axis',(-1.,0.,-9.23262390540284E-17));
#5954=DIRECTION('ref_axis',(-9.23262390540284E-17,0.,1.));
#5955=DIRECTION('',(-9.23262390540284E-17,0.,1.));
#5956=DIRECTION('',(0.,1.,0.));
#5957=DIRECTION('center_axis',(-9.23262390540284E-17,0.,1.));
#5958=DIRECTION('ref_axis',(-0.707106781186546,0.707106781186549,0.));
#5959=DIRECTION('center_axis',(-0.499999999999954,0.707106781186549,-0.500000000000044));
#5960=DIRECTION('ref_axis',(-0.707106781186611,0.,0.707106781186484));
#5961=DIRECTION('',(-0.707106781186611,0.,0.707106781186484));
#5962=DIRECTION('',(0.499999999999954,0.707106781186546,0.500000000000048));
#5963=DIRECTION('',(-0.281084637714801,-0.678598344545858,-0.678598344545844));
#5964=DIRECTION('center_axis',(-3.10909397759189E-15,-0.707106781186546,
-0.707106781186549));
#5965=DIRECTION('ref_axis',(-1.,0.,4.39692286980296E-15));
#5966=DIRECTION('',(1.,0.,-4.39692286980296E-15));
#5967=DIRECTION('',(0.,-0.707106781186542,0.707106781186553));
#5968=DIRECTION('',(-0.281084637714801,0.678598344545858,-0.678598344545844));
#5969=DIRECTION('center_axis',(0.,0.,1.));
#5970=DIRECTION('ref_axis',(0.707106781186548,-0.707106781186547,-2.25968950291361E-14));
#5971=DIRECTION('',(0.707106781186497,0.,0.707106781186598));
#5972=DIRECTION('center_axis',(-4.39692286980296E-15,0.,-1.));
#5973=DIRECTION('ref_axis',(0.707106781186548,-0.707106781186547,-3.55887623968322E-14));
#5974=DIRECTION('center_axis',(4.39692286980296E-15,0.,1.));
#5975=DIRECTION('ref_axis',(0.707106781186548,-0.707106781186547,-3.10909397759189E-15));
#5976=DIRECTION('center_axis',(0.707106781186532,0.,-0.707106781186563));
#5977=DIRECTION('ref_axis',(-0.707106781186563,0.,-0.707106781186532));
#5978=DIRECTION('',(0.,1.,0.));
#5979=DIRECTION('',(0.70710678118656,0.,0.707106781186535));
#5980=DIRECTION('',(0.,-1.,0.));
#5981=DIRECTION('center_axis',(0.,0.,1.));
#5982=DIRECTION('ref_axis',(0.707106781186548,0.707106781186547,-2.25968950291361E-14));
#5983=DIRECTION('',(0.,0.707106781186493,0.707106781186602));
#5984=DIRECTION('center_axis',(-4.39692286980296E-15,0.,-1.));
#5985=DIRECTION('ref_axis',(0.707106781186548,0.707106781186547,-3.55887623968322E-14));
#5986=DIRECTION('center_axis',(4.39692286980296E-15,0.,1.));
#5987=DIRECTION('ref_axis',(0.707106781186548,0.707106781186547,-3.10909397759189E-15));
#5988=DIRECTION('center_axis',(-3.10909397759189E-15,0.707106781186546,
-0.707106781186549));
#5989=DIRECTION('ref_axis',(-1.,0.,4.39692286980296E-15));
#5990=DIRECTION('',(-1.,0.,4.39692286980296E-15));
#5991=DIRECTION('center_axis',(-0.499999999999954,-0.70710678118655,-0.500000000000044));
#5992=DIRECTION('ref_axis',(-0.707106781186611,0.,0.707106781186484));
#5993=DIRECTION('',(-0.499999999999954,0.707106781186546,-0.500000000000049));
#5994=DIRECTION('',(0.707106781186611,0.,-0.707106781186484));
#5995=DIRECTION('',(0.392473756001932,-0.725569174531733,0.565255450056941));
#5996=DIRECTION('',(0.382683432365141,0.,-0.923879532511266));
#5997=DIRECTION('center_axis',(-0.923879532511272,0.,-0.382683432365125));
#5998=DIRECTION('ref_axis',(-0.382683432365125,0.,0.923879532511272));
#5999=DIRECTION('',(0.382683432365125,0.,-0.923879532511272));
#6000=DIRECTION('',(0.,-1.,0.));
#6001=DIRECTION('',(-0.392473756001932,-0.725569174531733,-0.565255450056941));
#6002=DIRECTION('center_axis',(-4.39692286980296E-15,0.,-1.));
#6003=DIRECTION('ref_axis',(-1.,0.,4.39692286980296E-15));
#6004=DIRECTION('',(0.,-1.,0.));
#6005=DIRECTION('',(1.,0.,-4.39692286980296E-15));
#6006=DIRECTION('',(0.,-1.,0.));
#6007=DIRECTION('',(0.,-1.,0.));
#6008=DIRECTION('center_axis',(0.,1.,0.));
#6009=DIRECTION('ref_axis',(-0.923879532511279,0.,-0.382683432365108));
#6010=DIRECTION('',(0.,1.,0.));
#6011=DIRECTION('center_axis',(-0.707106781186547,0.,0.707106781186548));
#6012=DIRECTION('ref_axis',(0.707106781186548,0.,0.707106781186547));
#6013=DIRECTION('',(0.,1.,0.));
#6014=DIRECTION('',(0.707106781186548,0.,0.707106781186547));
#6015=DIRECTION('center_axis',(0.,1.,0.));
#6016=DIRECTION('ref_axis',(0.923879532511449,0.,0.382683432364698));
#6017=DIRECTION('center_axis',(0.,1.,0.));
#6018=DIRECTION('ref_axis',(0.923879532511449,0.,0.382683432364698));
#6019=DIRECTION('',(0.,-1.,0.));
#6020=DIRECTION('center_axis',(-4.98100059696483E-14,0.,-1.));
#6021=DIRECTION('ref_axis',(0.707106781186548,-0.707106781186547,-3.55887623968322E-14));
#6022=DIRECTION('',(4.98100059696483E-14,0.,1.));
#6023=DIRECTION('center_axis',(-4.98100059696483E-14,0.,-1.));
#6024=DIRECTION('ref_axis',(0.707106781186548,0.707106781186547,-3.55887623968322E-14));
#6025=DIRECTION('',(-4.98100059696483E-14,0.,-1.));
#6026=DIRECTION('center_axis',(-0.707106781186484,0.,-0.707106781186611));
#6027=DIRECTION('ref_axis',(-0.707106781186611,0.,0.707106781186484));
#6028=DIRECTION('',(0.,-1.,0.));
#6029=DIRECTION('',(0.707106781186611,0.,-0.707106781186484));
#6030=DIRECTION('center_axis',(0.,0.,1.));
#6031=DIRECTION('ref_axis',(-1.,0.,0.));
#6032=DIRECTION('',(0.,-1.,0.));
#6033=DIRECTION('center_axis',(0.,-1.,0.));
#6034=DIRECTION('ref_axis',(1.,0.,0.));
#6035=DIRECTION('center_axis',(0.,-1.,0.));
#6036=DIRECTION('ref_axis',(1.,0.,0.));
#6037=DIRECTION('',(0.707106781186548,0.707106781186547,8.65956056235494E-17));
#6038=DIRECTION('center_axis',(0.,-1.,0.));
#6039=DIRECTION('ref_axis',(1.,0.,0.));
#6040=DIRECTION('center_axis',(0.,-1.,0.));
#6041=DIRECTION('ref_axis',(0.,0.,-1.));
#6042=DIRECTION('center_axis',(0.,1.,0.));
#6043=DIRECTION('ref_axis',(1.,0.,0.));
#6044=DIRECTION('center_axis',(0.,1.,0.));
#6045=DIRECTION('ref_axis',(1.,0.,0.));
#6046=DIRECTION('',(-0.707106781186548,0.707106781186547,-8.65956056235494E-17));
#6047=DIRECTION('center_axis',(0.,-1.,0.));
#6048=DIRECTION('ref_axis',(0.,0.,-1.));
#6049=DIRECTION('center_axis',(0.,1.,0.));
#6050=DIRECTION('ref_axis',(0.,0.,1.));
#6051=DIRECTION('',(1.,0.,-1.81446051011685E-15));
#6052=DIRECTION('center_axis',(-0.707106781186547,0.,0.707106781186548));
#6053=DIRECTION('ref_axis',(0.707106781186548,0.,0.707106781186547));
#6054=DIRECTION('',(-0.707106781186548,0.,-0.707106781186547));
#6055=DIRECTION('center_axis',(0.,1.,0.));
#6056=DIRECTION('ref_axis',(1.,0.,0.));
#6057=DIRECTION('',(0.,-1.,0.));
#6058=DIRECTION('center_axis',(0.,0.,1.));
#6059=DIRECTION('ref_axis',(1.,0.,0.));
#6060=DIRECTION('',(0.,1.,0.));
#6061=DIRECTION('',(0.,-1.,0.));
#6062=DIRECTION('',(-1.,0.,0.));
#6063=DIRECTION('center_axis',(0.,0.,1.));
#6064=DIRECTION('ref_axis',(1.,0.,0.));
#6065=DIRECTION('',(0.,1.,0.));
#6066=DIRECTION('',(0.,-1.,0.));
#6067=DIRECTION('center_axis',(1.,0.,0.));
#6068=DIRECTION('ref_axis',(0.,0.,-1.));
#6069=DIRECTION('',(0.,0.,-1.));
#6070=DIRECTION('',(0.,-1.,0.));
#6071=DIRECTION('center_axis',(0.,-1.,0.));
#6072=DIRECTION('ref_axis',(1.,0.,0.));
#6073=DIRECTION('center_axis',(0.,1.,0.));
#6074=DIRECTION('ref_axis',(1.,0.,0.));
#6075=DIRECTION('',(0.,1.,0.));
#6076=DIRECTION('center_axis',(0.,-1.,0.));
#6077=DIRECTION('ref_axis',(1.,0.,0.));
#6078=DIRECTION('',(0.,-1.,0.));
#6079=DIRECTION('center_axis',(0.707106781186544,0.,-0.707106781186551));
#6080=DIRECTION('ref_axis',(-0.707106781186551,0.,-0.707106781186544));
#6081=DIRECTION('',(0.,1.,0.));
#6082=DIRECTION('',(-0.707106781186551,0.,-0.707106781186544));
#6083=DIRECTION('center_axis',(1.,0.,0.));
#6084=DIRECTION('ref_axis',(0.,0.,-1.));
#6085=DIRECTION('center_axis',(-1.,0.,-8.03357380618743E-13));
#6086=DIRECTION('ref_axis',(-8.03357380618743E-13,0.,1.));
#6087=DIRECTION('',(-8.03357380618743E-13,0.,1.));
#6088=DIRECTION('center_axis',(0.,0.,1.));
#6089=DIRECTION('ref_axis',(1.,0.,0.));
#6090=DIRECTION('',(-1.,0.,0.));
#6091=DIRECTION('center_axis',(0.,0.,1.));
#6092=DIRECTION('ref_axis',(1.,0.,0.));
#6093=DIRECTION('',(0.,-1.,0.));
#6094=DIRECTION('center_axis',(0.,1.,0.));
#6095=DIRECTION('ref_axis',(0.,0.,1.));
#6096=DIRECTION('center_axis',(0.,1.,0.));
#6097=DIRECTION('ref_axis',(-1.,0.,0.));
#6098=DIRECTION('',(0.,0.,1.));
#6099=DIRECTION('',(1.,0.,0.));
#6100=DIRECTION('',(0.,0.,-1.));
#6101=DIRECTION('',(1.,0.,-7.37653495145481E-13));
#6102=DIRECTION('center_axis',(0.707106781186544,0.,0.707106781186551));
#6103=DIRECTION('ref_axis',(-0.707106781186551,0.,0.707106781186544));
#6104=DIRECTION('',(0.,-1.,0.));
#6105=DIRECTION('center_axis',(0.,-1.,0.));
#6106=DIRECTION('ref_axis',(-1.,0.,0.));
#6107=DIRECTION('',(0.,-1.,0.));
#6108=DIRECTION('center_axis',(0.,0.,-1.));
#6109=DIRECTION('ref_axis',(-1.,0.,0.));
#6110=DIRECTION('',(0.,-1.,0.));
#6111=DIRECTION('',(0.,1.,0.));
#6112=DIRECTION('center_axis',(1.,0.,0.));
#6113=DIRECTION('ref_axis',(0.,0.,-1.));
#6114=DIRECTION('',(0.,-1.,0.));
#6115=DIRECTION('center_axis',(1.,0.,0.));
#6116=DIRECTION('ref_axis',(0.,0.,-1.));
#6117=DIRECTION('',(0.,1.,0.));
#6118=DIRECTION('',(0.,-1.,0.));
#6119=DIRECTION('center_axis',(0.,1.,0.));
#6120=DIRECTION('ref_axis',(-1.,0.,0.));
#6121=DIRECTION('center_axis',(0.,1.,0.));
#6122=DIRECTION('ref_axis',(-1.,0.,0.));
#6123=DIRECTION('',(0.,-1.,0.));
#6124=DIRECTION('center_axis',(0.707106781186544,0.,0.707106781186551));
#6125=DIRECTION('ref_axis',(0.707106781186551,0.,-0.707106781186544));
#6126=DIRECTION('center_axis',(0.,0.,-1.));
#6127=DIRECTION('ref_axis',(-1.,0.,0.));
#6128=DIRECTION('',(0.,-1.,0.));
#6129=DIRECTION('center_axis',(1.,0.,-4.98100059696483E-14));
#6130=DIRECTION('ref_axis',(-4.98100059696483E-14,0.,-1.));
#6131=DIRECTION('center_axis',(-1.81446051011685E-15,0.,-1.));
#6132=DIRECTION('ref_axis',(-1.,0.,1.81446051011685E-15));
#6133=DIRECTION('center_axis',(7.37653495145481E-13,0.,1.));
#6134=DIRECTION('ref_axis',(1.,0.,-7.37653495145481E-13));
#6135=DIRECTION('',(0.,1.,0.));
#6136=DIRECTION('center_axis',(1.,0.,0.));
#6137=DIRECTION('ref_axis',(0.,0.,-1.));
#6138=DIRECTION('',(0.,0.,0.999999999999989));
#6139=DIRECTION('',(0.999999999999996,0.,0.));
#6140=DIRECTION('',(0.,0.,1.));
#6141=DIRECTION('',(1.,0.,0.));
#6142=CARTESIAN_POINT('',(0.,0.,0.));
#6143=CARTESIAN_POINT('',(0.,0.,0.));
#6144=CARTESIAN_POINT('Origin',(-29.0399999999886,0.,-48.3500000000305));
#6145=CARTESIAN_POINT('',(-29.2899999999886,-2.75,-48.6000000000305));
#6146=CARTESIAN_POINT('',(-28.7899999999886,-2.75,-48.1000000000305));
#6147=CARTESIAN_POINT('',(-29.2899999999886,-2.75,-48.6000000000305));
#6148=CARTESIAN_POINT('',(-28.7899999999886,2.75,-48.1000000000305));
#6149=CARTESIAN_POINT('',(-28.7899999999886,0.,-48.1000000000305));
#6150=CARTESIAN_POINT('',(-29.2899999999886,2.75,-48.6000000000305));
#6151=CARTESIAN_POINT('',(-28.7899999999886,2.75,-48.1000000000305));
#6152=CARTESIAN_POINT('',(-29.2899999999886,0.,-48.6000000000305));
#6153=CARTESIAN_POINT('Origin',(-27.7899999999886,-2.75,-48.3500000000305));
#6154=CARTESIAN_POINT('',(-27.7899999999886,-4.25,-48.6000000000305));
#6155=CARTESIAN_POINT('Origin',(-27.7899999999886,-2.75,-48.6000000000305));
#6156=CARTESIAN_POINT('',(-27.7899999999886,-3.75,-48.1000000000305));
#6157=CARTESIAN_POINT('',(-27.7899999999886,-4.25,-48.6000000000305));
#6158=CARTESIAN_POINT('Origin',(-27.7899999999886,-2.75,-48.1000000000305));
#6159=CARTESIAN_POINT('Origin',(-27.2899999999782,-4.,-48.3500000000305));
#6160=CARTESIAN_POINT('',(-26.7042135623208,-4.25,-48.6000000000305));
#6161=CARTESIAN_POINT('',(-27.2899999999782,-4.25,-48.6000000000305));
#6162=CARTESIAN_POINT('',(-26.7042135623208,-3.75,-48.1000000000305));
#6163=CARTESIAN_POINT('',(-26.7042135623208,-4.25,-48.6000000000305));
#6164=CARTESIAN_POINT('',(-27.2899999999782,-3.75,-48.1000000000305));
#6165=CARTESIAN_POINT('Origin',(-26.7042135623208,-4.,-49.1000000000305));
#6166=CARTESIAN_POINT('',(-26.3506601717276,-4.25,-48.7464466094372));
#6167=CARTESIAN_POINT('',(-25.9971067811344,-3.75,-48.3928932188439));
#6168=CARTESIAN_POINT('',(-26.3506601717276,-4.25,-48.7464466094372));
#6169=CARTESIAN_POINT('Origin',(-26.7042135623208,-3.75,-49.1000000000305));
#6170=CARTESIAN_POINT('Origin',(-26.7042135623208,-4.25,-49.1000000000305));
#6171=CARTESIAN_POINT('Origin',(-25.5917766952493,-4.,-49.151776695322));
#6172=CARTESIAN_POINT('',(-22.4971067811336,-4.25,-52.6000000000305));
#6173=CARTESIAN_POINT('',(-25.768553390546,-4.25,-49.3285533906187));
#6174=CARTESIAN_POINT('',(-22.1435533905403,-3.75,-52.2464466094372));
#6175=CARTESIAN_POINT('',(-22.4971067811336,-4.25,-52.6000000000305));
#6176=CARTESIAN_POINT('',(-25.4149999999527,-3.75,-48.9750000000254));
#6177=CARTESIAN_POINT('Origin',(-25.5917766952493,4.,-49.151776695322));
#6178=CARTESIAN_POINT('',(-26.3506601717276,4.25,-48.7464466094372));
#6179=CARTESIAN_POINT('',(-25.9971067811344,3.75,-48.3928932188439));
#6180=CARTESIAN_POINT('',(-26.3506601717276,4.25,-48.7464466094372));
#6181=CARTESIAN_POINT('',(-22.1435533905403,3.75,-52.2464466094372));
#6182=CARTESIAN_POINT('',(-25.4149999999527,3.75,-48.9750000000254));
#6183=CARTESIAN_POINT('',(-22.4971067811336,4.25,-52.6000000000305));
#6184=CARTESIAN_POINT('',(-22.1435533905403,3.75,-52.2464466094372));
#6185=CARTESIAN_POINT('',(-25.768553390546,4.25,-49.3285533906187));
#6186=CARTESIAN_POINT('Origin',(-26.7042135623208,4.,-49.1000000000305));
#6187=CARTESIAN_POINT('',(-26.7042135623208,4.25,-48.6000000000304));
#6188=CARTESIAN_POINT('',(-26.7042135623208,3.75,-48.1000000000305));
#6189=CARTESIAN_POINT('',(-26.7042135623208,4.25,-48.6000000000304));
#6190=CARTESIAN_POINT('Origin',(-26.7042135623208,3.75,-49.1000000000305));
#6191=CARTESIAN_POINT('Origin',(-26.7042135623208,4.25,-49.1000000000305));
#6192=CARTESIAN_POINT('Origin',(-27.2899999999782,4.,-48.3500000000305));
#6193=CARTESIAN_POINT('',(-27.7899999999886,4.25,-48.6000000000305));
#6194=CARTESIAN_POINT('',(-27.7899999999886,3.75,-48.1000000000305));
#6195=CARTESIAN_POINT('',(-27.7899999999886,4.25,-48.6000000000305));
#6196=CARTESIAN_POINT('',(-27.2899999999782,3.75,-48.1000000000305));
#6197=CARTESIAN_POINT('',(-27.2899999999782,4.25,-48.6000000000305));
#6198=CARTESIAN_POINT('Origin',(-27.7899999999886,2.75,-48.3500000000305));
#6199=CARTESIAN_POINT('Origin',(-27.7899999999886,2.75,-48.6000000000305));
#6200=CARTESIAN_POINT('Origin',(-27.7899999999886,2.75,-48.1000000000305));
#6201=CARTESIAN_POINT('Origin',(-1.00000000000102,-4.,-52.8500000000306));
#6202=CARTESIAN_POINT('',(-22.4971067811336,-3.75,-53.1000000000305));
#6203=CARTESIAN_POINT('',(-22.4971067811336,-3.75,-53.1000000000305));
#6204=CARTESIAN_POINT('',(-27.7899999999886,-4.25,-52.6000000000305));
#6205=CARTESIAN_POINT('',(-1.00000000000102,-4.25,-52.6000000000306));
#6206=CARTESIAN_POINT('',(-27.7899999999886,-3.75,-53.1000000000305));
#6207=CARTESIAN_POINT('',(-27.7899999999886,-4.25,-52.6000000000305));
#6208=CARTESIAN_POINT('',(-1.00000000000102,-3.75,-53.1000000000306));
#6209=CARTESIAN_POINT('Origin',(-27.7899999999886,-2.75,-52.8500000000307));
#6210=CARTESIAN_POINT('',(-29.2899999999886,-2.75,-52.6000000000309));
#6211=CARTESIAN_POINT('Origin',(-27.7899999999886,-2.75,-52.6000000000309));
#6212=CARTESIAN_POINT('',(-28.7899999999886,-2.75,-53.1000000000305));
#6213=CARTESIAN_POINT('',(-29.2899999999886,-2.75,-52.6000000000309));
#6214=CARTESIAN_POINT('Origin',(-27.7899999999886,-2.75,-53.1000000000305));
#6215=CARTESIAN_POINT('Origin',(-29.0399999999886,0.,-52.8500000000305));
#6216=CARTESIAN_POINT('',(-29.2899999999886,2.75,-52.6000000000305));
#6217=CARTESIAN_POINT('',(-28.7899999999886,2.75,-53.1000000000305));
#6218=CARTESIAN_POINT('',(-29.2899999999886,2.75,-52.6000000000305));
#6219=CARTESIAN_POINT('',(-28.7899999999886,0.,-53.1000000000305));
#6220=CARTESIAN_POINT('',(-29.2899999999886,0.,-52.6000000000305));
#6221=CARTESIAN_POINT('Origin',(-27.7899999999886,2.75,-52.8500000000307));
#6222=CARTESIAN_POINT('',(-27.7899999999886,4.25,-52.6000000000309));
#6223=CARTESIAN_POINT('Origin',(-27.7899999999886,2.75,-52.6000000000309));
#6224=CARTESIAN_POINT('',(-27.7899999999886,3.75,-53.1000000000305));
#6225=CARTESIAN_POINT('',(-27.7899999999886,4.25,-52.6000000000309));
#6226=CARTESIAN_POINT('Origin',(-27.7899999999886,2.75,-53.1000000000305));
#6227=CARTESIAN_POINT('Origin',(-1.00000000000102,4.,-52.8500000000306));
#6228=CARTESIAN_POINT('',(-22.4971067811336,3.75,-53.1000000000305));
#6229=CARTESIAN_POINT('',(-22.4971067811336,4.25,-52.6000000000305));
#6230=CARTESIAN_POINT('',(-1.00000000000102,3.75,-53.1000000000306));
#6231=CARTESIAN_POINT('',(-1.00000000000102,4.25,-52.6000000000306));
#6232=CARTESIAN_POINT('Origin',(-22.4971067811336,-3.75,-52.6000000000305));
#6233=CARTESIAN_POINT('Origin',(-22.4971067811336,-3.75,-52.6000000000305));
#6234=CARTESIAN_POINT('Origin',(-22.4971067811336,3.75,-52.6000000000305));
#6235=CARTESIAN_POINT('Origin',(-22.4971067811336,3.75,-52.6000000000305));
#6236=CARTESIAN_POINT('Origin',(-27.7899999999886,-2.75,-51.8500000000305));
#6237=CARTESIAN_POINT('',(-29.2899999999886,-2.75,-51.8500000000305));
#6238=CARTESIAN_POINT('',(-27.7899999999886,-4.25,-51.8500000000305));
#6239=CARTESIAN_POINT('Origin',(-29.2899999999886,0.,-53.1000000000304));
#6240=CARTESIAN_POINT('',(-29.2899999999886,2.75,-51.8500000000305));
#6241=CARTESIAN_POINT('Origin',(-25.2899999999677,4.25,-50.6000000000305));
#6242=CARTESIAN_POINT('',(-27.7899999999886,4.25,-51.8500000000305));
#6243=CARTESIAN_POINT('Origin',(-27.7899999999886,2.75,-51.8500000000305));
#6244=CARTESIAN_POINT('Origin',(-29.2899999999886,0.,-48.1000000000305));
#6245=CARTESIAN_POINT('',(-26.7042135623208,-2.25,-48.1000000000305));
#6246=CARTESIAN_POINT('',(-26.7042135623208,0.,-48.1000000000305));
#6247=CARTESIAN_POINT('',(-10.7100000000343,-2.25,-48.1000000000305));
#6248=CARTESIAN_POINT('',(-29.2899999999886,-2.25,-48.1000000000305));
#6249=CARTESIAN_POINT('',(-10.7100000000343,2.25,-48.1000000000305));
#6250=CARTESIAN_POINT('',(-10.7100000000343,0.,-48.1000000000305));
#6251=CARTESIAN_POINT('',(-26.7042135623208,2.25,-48.1000000000305));
#6252=CARTESIAN_POINT('',(-29.2899999999886,2.25,-48.1000000000305));
#6253=CARTESIAN_POINT('',(-26.7042135623208,0.,-48.1000000000305));
#6254=CARTESIAN_POINT('Origin',(-26.7042135623208,0.,-49.1000000000305));
#6255=CARTESIAN_POINT('',(-25.9971067811344,-2.25,-48.3928932188439));
#6256=CARTESIAN_POINT('',(-25.9971067811344,0.,-48.3928932188439));
#6257=CARTESIAN_POINT('Origin',(-26.7042135623208,-2.25,-49.1000000000305));
#6258=CARTESIAN_POINT('Origin',(-26.2899999999478,0.,-48.1000000000305));
#6259=CARTESIAN_POINT('',(-22.1435533905403,-2.25,-52.2464466094372));
#6260=CARTESIAN_POINT('',(-22.1435533905403,0.,-52.2464466094372));
#6261=CARTESIAN_POINT('',(-20.217499999966,-2.25,-54.1725000000112));
#6262=CARTESIAN_POINT('Origin',(-22.4971067811336,0.,-52.6000000000305));
#6263=CARTESIAN_POINT('',(-22.4971067811336,-2.25,-53.1000000000305));
#6264=CARTESIAN_POINT('',(-22.4971067811336,0.,-53.1000000000305));
#6265=CARTESIAN_POINT('Origin',(-22.4971067811336,-2.25,-52.6000000000305));
#6266=CARTESIAN_POINT('Origin',(-8.71000000003435,0.,-44.1000000000039));
#6267=CARTESIAN_POINT('',(-8.71000000003361,2.25,-43.1000000000039));
#6268=CARTESIAN_POINT('',(-9.71000000003435,2.25,-44.1000000000039));
#6269=CARTESIAN_POINT('Origin',(-8.71000000003435,2.25,-44.1000000000039));
#6270=CARTESIAN_POINT('',(-9.71000000003435,-2.25,-44.1000000000039));
#6271=CARTESIAN_POINT('',(-9.71000000003435,0.,-44.1000000000039));
#6272=CARTESIAN_POINT('',(-8.71000000003361,-2.25,-43.1000000000039));
#6273=CARTESIAN_POINT('Origin',(-8.71000000003435,-2.25,-44.1000000000039));
#6274=CARTESIAN_POINT('',(-8.71000000003361,0.,-43.1000000000039));
#6275=CARTESIAN_POINT('Origin',(-2.00000000001141,2.25,-48.1000000000169));
#6276=CARTESIAN_POINT('',(23.7899999999658,2.25,-43.1000000000305));
#6277=CARTESIAN_POINT('',(27.2899999999658,2.25,-43.1000000000305));
#6278=CARTESIAN_POINT('',(25.2899999999658,2.25,-44.6000000000305));
#6279=CARTESIAN_POINT('Origin',(23.7899999999658,2.25,-44.6000000000305));
#6280=CARTESIAN_POINT('',(25.2899999999657,2.25,-50.2615223689457));
#6281=CARTESIAN_POINT('',(25.2899999999658,2.25,-44.6000000000305));
#6282=CARTESIAN_POINT('',(24.9971067811523,2.25,-50.9686291501322));
#6283=CARTESIAN_POINT('Origin',(24.2899999999657,2.25,-50.2615223689457));
#6284=CARTESIAN_POINT('',(22.8657359312538,2.25,-53.1000000000307));
#6285=CARTESIAN_POINT('',(19.0053679656189,2.25,-56.9603679656656));
#6286=CARTESIAN_POINT('',(-22.4971067811336,2.25,-53.1000000000305));
#6287=CARTESIAN_POINT('',(-29.2899999999886,2.25,-53.1000000000305));
#6288=CARTESIAN_POINT('',(-22.1435533905403,2.25,-52.2464466094372));
#6289=CARTESIAN_POINT('Origin',(-22.4971067811336,2.25,-52.6000000000305));
#6290=CARTESIAN_POINT('',(-25.9971067811344,2.25,-48.3928932188439));
#6291=CARTESIAN_POINT('',(-20.217499999966,2.25,-54.1725000000112));
#6292=CARTESIAN_POINT('Origin',(-26.7042135623208,2.25,-49.1000000000305));
#6293=CARTESIAN_POINT('',(-9.71000000003434,2.25,-47.1000000000305));
#6294=CARTESIAN_POINT('Origin',(-10.7100000000343,2.25,-47.1000000000305));
#6295=CARTESIAN_POINT('',(-9.71000000003433,2.25,-48.1000000000305));
#6296=CARTESIAN_POINT('',(-20.2899999999469,2.25,-50.6000000000305));
#6297=CARTESIAN_POINT('Origin',(-18.7899999999469,2.25,-50.6000000000305));
#6298=CARTESIAN_POINT('Origin',(-9.71000000003435,0.,-43.1000000000032));
#6299=CARTESIAN_POINT('',(-4.21000000003425,-2.25,-43.1000000000305));
#6300=CARTESIAN_POINT('',(27.2899999999658,-2.25,-43.1000000000305));
#6301=CARTESIAN_POINT('',(-4.21000000003425,-1.35,-43.1000000000305));
#6302=CARTESIAN_POINT('',(-4.21000000003314,-2.25,-43.1000000000072));
#6303=CARTESIAN_POINT('',(2.78999999996575,-1.35,-43.1000000000305));
#6304=CARTESIAN_POINT('',(0.414999999967545,-1.35,-43.1000000000106));
#6305=CARTESIAN_POINT('',(2.78999999996575,-0.45,-43.1000000000305));
#6306=CARTESIAN_POINT('',(2.78999999996686,-1.35,-43.1000000000124));
#6307=CARTESIAN_POINT('',(9.78999999996575,-0.45,-43.1000000000305));
#6308=CARTESIAN_POINT('',(2.16499999996755,-0.45,-43.1000000000119));
#6309=CARTESIAN_POINT('',(9.78999999996575,0.45,-43.1000000000305));
#6310=CARTESIAN_POINT('',(9.78999999996686,-0.45,-43.1000000000176));
#6311=CARTESIAN_POINT('',(16.7899999999658,0.45,-43.1000000000305));
#6312=CARTESIAN_POINT('',(3.91499999996754,0.45,-43.1000000000132));
#6313=CARTESIAN_POINT('',(16.7899999999658,1.35,-43.1000000000305));
#6314=CARTESIAN_POINT('',(16.7899999999669,0.45,-43.1000000000227));
#6315=CARTESIAN_POINT('',(23.7899999999658,1.35,-43.1000000000305));
#6316=CARTESIAN_POINT('',(5.66499999996755,1.35,-43.1000000000145));
#6317=CARTESIAN_POINT('',(23.7899999999658,0.,-43.1000000000305));
#6318=CARTESIAN_POINT('Origin',(-25.2899999999677,-4.25,-50.6000000000305));
#6319=CARTESIAN_POINT('Origin',(-26.7042135623208,0.,-49.1000000000305));
#6320=CARTESIAN_POINT('',(-25.9971067811344,0.,-48.3928932188439));
#6321=CARTESIAN_POINT('Origin',(24.2899999999657,0.,-50.2615223689457));
#6322=CARTESIAN_POINT('',(25.2899999999657,1.35,-50.2615223689457));
#6323=CARTESIAN_POINT('',(25.2899999999657,0.,-50.2615223689457));
#6324=CARTESIAN_POINT('',(24.9971067811523,1.35,-50.9686291501322));
#6325=CARTESIAN_POINT('Origin',(24.2899999999657,1.35,-50.2615223689457));
#6326=CARTESIAN_POINT('',(24.9971067811523,0.,-50.9686291501322));
#6327=CARTESIAN_POINT('Origin',(25.0778679656097,0.,-50.8878679656747));
#6328=CARTESIAN_POINT('',(22.8657359312538,1.35,-53.1000000000307));
#6329=CARTESIAN_POINT('',(24.7653679656107,1.35,-51.2003679656737));
#6330=CARTESIAN_POINT('',(22.8657359312538,0.,-53.1000000000307));
#6331=CARTESIAN_POINT('Origin',(21.0399999999658,1.35,-48.1000000000267));
#6332=CARTESIAN_POINT('',(25.2899999999658,1.35,-44.6000000000305));
#6333=CARTESIAN_POINT('',(25.2899999999657,1.35,-46.3500000000286));
#6334=CARTESIAN_POINT('Origin',(23.7899999999658,1.35,-44.6000000000305));
#6335=CARTESIAN_POINT('',(18.2899999999658,1.35,-44.6000000000305));
#6336=CARTESIAN_POINT('Origin',(16.7899999999658,1.35,-44.6000000000305));
#6337=CARTESIAN_POINT('',(18.2899999999657,1.35,-53.1000000000307));
#6338=CARTESIAN_POINT('',(18.2899999999657,1.35,-50.6000000000287));
#6339=CARTESIAN_POINT('',(22.1649999999657,1.35,-53.1000000000307));
#6340=CARTESIAN_POINT('Origin',(-22.4971067811336,0.,-52.6000000000305));
#6341=CARTESIAN_POINT('',(-22.1435533905403,0.,-52.2464466094372));
#6342=CARTESIAN_POINT('',(-22.4971067811336,0.,-53.1000000000305));
#6343=CARTESIAN_POINT('Origin',(23.2899999999657,0.,-53.1000000000307));
#6344=CARTESIAN_POINT('',(18.2899999999657,0.45,-53.1000000000307));
#6345=CARTESIAN_POINT('',(18.2899999999657,0.225,-53.1000000000307));
#6346=CARTESIAN_POINT('',(11.2899999999657,0.45,-53.1000000000307));
#6347=CARTESIAN_POINT('',(20.4149999999657,0.45,-53.1000000000307));
#6348=CARTESIAN_POINT('',(11.2899999999657,-0.45,-53.1000000000307));
#6349=CARTESIAN_POINT('',(11.2899999999657,-0.225,-53.1000000000306));
#6350=CARTESIAN_POINT('',(4.28999999996569,-0.45,-53.1000000000307));
#6351=CARTESIAN_POINT('',(18.6649999999657,-0.45,-53.1000000000307));
#6352=CARTESIAN_POINT('',(4.28999999996569,-1.35,-53.1000000000307));
#6353=CARTESIAN_POINT('',(4.28999999996569,-0.675,-53.1000000000306));
#6354=CARTESIAN_POINT('',(-2.71000000003431,-1.35,-53.1000000000307));
#6355=CARTESIAN_POINT('',(16.9149999999657,-1.35,-53.1000000000307));
#6356=CARTESIAN_POINT('',(-2.71000000003431,-2.25,-53.1000000000307));
#6357=CARTESIAN_POINT('',(-2.71000000003431,-1.125,-53.1000000000306));
#6358=CARTESIAN_POINT('',(-29.2899999999886,-2.25,-53.1000000000305));
#6359=CARTESIAN_POINT('Origin',(-10.7100000000343,0.,-47.1000000000305));
#6360=CARTESIAN_POINT('',(-9.71000000003434,-2.25,-47.1000000000305));
#6361=CARTESIAN_POINT('Origin',(-10.7100000000343,-2.25,-47.1000000000305));
#6362=CARTESIAN_POINT('',(-9.71000000003434,0.,-47.1000000000305));
#6363=CARTESIAN_POINT('Origin',(-9.71000000003433,0.,-48.1000000000305));
#6364=CARTESIAN_POINT('',(-9.71000000003433,-2.25,-48.1000000000305));
#6365=CARTESIAN_POINT('Origin',(16.7899999999658,0.45,-44.6000000000305));
#6366=CARTESIAN_POINT('',(18.2899999999658,0.45,-44.6000000000305));
#6367=CARTESIAN_POINT('Origin',(16.7899999999658,0.45,-44.6000000000305));
#6368=CARTESIAN_POINT('',(18.2899999999658,0.45,-44.6000000000305));
#6369=CARTESIAN_POINT('Origin',(18.2899999999657,0.45,-53.1000000000307));
#6370=CARTESIAN_POINT('',(18.2899999999657,0.45,-50.6000000000274));
#6371=CARTESIAN_POINT('Origin',(17.5399999999658,0.45,-48.1000000000241));
#6372=CARTESIAN_POINT('',(11.2899999999658,0.45,-44.6000000000305));
#6373=CARTESIAN_POINT('Origin',(9.78999999996575,0.45,-44.6000000000305));
#6374=CARTESIAN_POINT('',(11.2899999999657,0.45,-46.3500000000273));
#6375=CARTESIAN_POINT('Origin',(9.78999999996575,-0.45,-44.6000000000305));
#6376=CARTESIAN_POINT('',(11.2899999999658,-0.45,-44.6000000000305));
#6377=CARTESIAN_POINT('Origin',(9.78999999996575,-0.45,-44.6000000000305));
#6378=CARTESIAN_POINT('',(11.2899999999658,-0.45,-44.6000000000305));
#6379=CARTESIAN_POINT('Origin',(11.2899999999657,-0.45,-53.1000000000307));
#6380=CARTESIAN_POINT('',(11.2899999999657,-0.45,-50.6000000000261));
#6381=CARTESIAN_POINT('Origin',(14.0399999999658,-0.45,-48.1000000000216));
#6382=CARTESIAN_POINT('',(4.28999999996575,-0.45,-44.6000000000305));
#6383=CARTESIAN_POINT('Origin',(2.78999999996575,-0.45,-44.6000000000305));
#6384=CARTESIAN_POINT('',(4.28999999996574,-0.45,-46.350000000026));
#6385=CARTESIAN_POINT('Origin',(2.78999999996575,-1.35,-44.6000000000305));
#6386=CARTESIAN_POINT('',(4.28999999996575,-1.35,-44.6000000000305));
#6387=CARTESIAN_POINT('Origin',(2.78999999996575,-1.35,-44.6000000000305));
#6388=CARTESIAN_POINT('',(4.28999999996575,-1.35,-44.6000000000305));
#6389=CARTESIAN_POINT('Origin',(4.28999999996569,-1.35,-53.1000000000307));
#6390=CARTESIAN_POINT('',(4.28999999996571,-1.35,-50.6000000000248));
#6391=CARTESIAN_POINT('Origin',(10.5399999999658,-1.35,-48.100000000019));
#6392=CARTESIAN_POINT('',(-2.71000000003425,-1.35,-44.6000000000305));
#6393=CARTESIAN_POINT('Origin',(-4.21000000003425,-1.35,-44.6000000000305));
#6394=CARTESIAN_POINT('',(-2.71000000003426,-1.35,-46.3500000000247));
#6395=CARTESIAN_POINT('Origin',(-4.21000000003425,-2.25,-44.6000000000305));
#6396=CARTESIAN_POINT('',(-2.71000000003425,-2.25,-44.6000000000305));
#6397=CARTESIAN_POINT('Origin',(-4.21000000003425,-2.25,-44.6000000000305));
#6398=CARTESIAN_POINT('',(-2.71000000003425,-2.25,-44.6000000000305));
#6399=CARTESIAN_POINT('Origin',(-2.71000000003431,-2.25,-53.1000000000307));
#6400=CARTESIAN_POINT('',(-2.7100000000343,-2.25,-50.6000000000238));
#6401=CARTESIAN_POINT('Origin',(23.7899999999658,0.,-44.6000000000305));
#6402=CARTESIAN_POINT('',(25.2899999999658,0.,-44.6000000000305));
#6403=CARTESIAN_POINT('Origin',(25.2899999999658,0.,-44.6000000000305));
#6404=CARTESIAN_POINT('Origin',(-18.7899999999469,-1.75,-50.6000000000305));
#6405=CARTESIAN_POINT('',(-19.2899999999469,-1.25,-50.6000000000305));
#6406=CARTESIAN_POINT('Origin',(-18.7899999999469,-1.25,-50.6000000000305));
#6407=CARTESIAN_POINT('',(-20.2899999999469,-2.25,-50.6000000000305));
#6408=CARTESIAN_POINT('',(-19.7899999999469,-1.75,-50.6000000000305));
#6409=CARTESIAN_POINT('Origin',(-18.7899999999469,-2.25,-50.6000000000305));
#6410=CARTESIAN_POINT('Origin',(-18.7899999999469,-1.25,-50.6000000000305));
#6411=CARTESIAN_POINT('Origin',(-26.2899999999478,0.,-48.1000000000305));
#6412=CARTESIAN_POINT('Origin',(-18.7899999999469,1.75,-50.6000000000305));
#6413=CARTESIAN_POINT('',(-19.2899999999469,1.25,-50.6000000000305));
#6414=CARTESIAN_POINT('',(-19.7899999999469,1.75,-50.6000000000305));
#6415=CARTESIAN_POINT('Origin',(-18.7899999999469,1.25,-50.6000000000305));
#6416=CARTESIAN_POINT('Origin',(-18.7899999999469,1.25,-50.6000000000305));
#6417=CARTESIAN_POINT('Origin',(-2.00000000001141,-2.25,-48.1000000000169));
#6418=CARTESIAN_POINT('',(0.,0.,0.));
#6419=CARTESIAN_POINT('Origin',(-25.1112860531692,4.,40.3500000000095));
#6420=CARTESIAN_POINT('',(-22.7822509938781,3.75,40.1000000000092));
#6421=CARTESIAN_POINT('',(-25.7899999999932,3.75,40.1000000000096));
#6422=CARTESIAN_POINT('',(-25.1112860531693,3.75,40.1000000000095));
#6423=CARTESIAN_POINT('',(-26.2899999999923,4.25,40.6000000000096));
#6424=CARTESIAN_POINT('',(-25.7899999999932,3.75,40.1000000000096));
#6425=CARTESIAN_POINT('',(-21.5751442126917,4.25,40.6000000000091));
#6426=CARTESIAN_POINT('',(-13.1449999999881,4.25,40.6000000000083));
#6427=CARTESIAN_POINT('',(-22.7822509938781,3.75,40.1000000000092));
#6428=CARTESIAN_POINT('Origin',(-26.0399999999989,4.,37.063858159529));
#6429=CARTESIAN_POINT('',(-25.7899999999988,3.75,37.0922509938886));
#6430=CARTESIAN_POINT('',(-25.7899999999989,3.75,37.0638581595285));
#6431=CARTESIAN_POINT('',(-26.290000000001,4.25,35.8851442126998));
#6432=CARTESIAN_POINT('',(-25.7899999999988,3.75,37.0922509938886));
#6433=CARTESIAN_POINT('',(-26.2900000000389,4.25,15.442572106369));
#6434=CARTESIAN_POINT('Origin',(-22.9306348548156,4.,39.5980627484785));
#6435=CARTESIAN_POINT('',(-27.5813581595208,4.25,34.5937860531801));
#6436=CARTESIAN_POINT('',(-23.1074115501122,3.75,39.7748394437751));
#6437=CARTESIAN_POINT('Origin',(-23.9325721063464,3.75,38.2425721063547));
#6438=CARTESIAN_POINT('Origin',(-15.6827903476603,4.,40.3500000000085));
#6439=CARTESIAN_POINT('',(-8.64011537014855,3.75,40.1000000000078));
#6440=CARTESIAN_POINT('',(-14.2969696196404,3.75,40.1000000000084));
#6441=CARTESIAN_POINT('',(-15.6827903476604,3.75,40.1000000000085));
#6442=CARTESIAN_POINT('',(-14.5040764008269,4.25,40.6000000000084));
#6443=CARTESIAN_POINT('',(-14.2969696196404,3.75,40.1000000000084));
#6444=CARTESIAN_POINT('',(-7.43300858896212,4.25,40.6000000000077));
#6445=CARTESIAN_POINT('',(-7.25203820040544,4.25,40.6000000000077));
#6446=CARTESIAN_POINT('',(-8.64011537014855,3.75,40.1000000000078));
#6447=CARTESIAN_POINT('Origin',(-23.166742404924,4.,31.5837806053181));
#6448=CARTESIAN_POINT('',(-25.7900000000145,3.75,28.6069696196344));
#6449=CARTESIAN_POINT('',(-22.9899657096274,3.75,31.4070039100214));
#6450=CARTESIAN_POINT('',(-26.2900000000141,4.25,28.8140764008213));
#6451=CARTESIAN_POINT('',(-25.7900000000145,3.75,28.6069696196344));
#6452=CARTESIAN_POINT('',(-28.1710191002156,4.25,26.9330573006198));
#6453=CARTESIAN_POINT('Origin',(-26.0400000000185,4.,26.4572564417174));
#6454=CARTESIAN_POINT('',(-25.790000000025,3.75,22.9501153701315));
#6455=CARTESIAN_POINT('',(-25.7900000000185,3.75,26.457256441717));
#6456=CARTESIAN_POINT('',(-26.2900000000272,4.25,21.7430085889427));
#6457=CARTESIAN_POINT('',(-25.790000000025,3.75,22.9501153701315));
#6458=CARTESIAN_POINT('',(-26.290000000052,4.25,8.37150429449048));
#6459=CARTESIAN_POINT('Origin',(-12.3240331370249,4.,36.0625288425382));
#6460=CARTESIAN_POINT('',(-16.9747564417233,4.25,31.0582521472466));
#6461=CARTESIAN_POINT('',(-12.5008098323216,3.75,36.2393055378348));
#6462=CARTESIAN_POINT('Origin',(-16.8615042944947,3.75,31.1715042944756));
#6463=CARTESIAN_POINT('Origin',(-5.07618862986935,4.,40.3500000000074));
#6464=CARTESIAN_POINT('',(5.50202025358101,3.75,40.1000000000064));
#6465=CARTESIAN_POINT('',(-0.15483399591083,3.75,40.1000000000069));
#6466=CARTESIAN_POINT('',(-5.07618862986938,3.75,40.1000000000074));
#6467=CARTESIAN_POINT('',(-0.361940777097356,4.25,40.600000000007));
#6468=CARTESIAN_POINT('',(-0.15483399591083,3.75,40.1000000000069));
#6469=CARTESIAN_POINT('',(6.70912703476743,4.25,40.6000000000062));
#6470=CARTESIAN_POINT('',(-0.180970388540655,4.25,40.6000000000069));
#6471=CARTESIAN_POINT('',(5.50202025358101,3.75,40.1000000000064));
#6472=CARTESIAN_POINT('Origin',(-19.6312084990113,4.,20.9771788874999));
#6473=CARTESIAN_POINT('',(-25.7900000000407,3.75,14.4648339958773));
#6474=CARTESIAN_POINT('',(-19.4544318037146,3.75,20.8004021922033));
#6475=CARTESIAN_POINT('',(-26.2900000000403,4.25,14.6719407770642));
#6476=CARTESIAN_POINT('',(-25.7900000000407,3.75,14.4648339958773));
#6477=CARTESIAN_POINT('',(-24.635485194296,4.25,16.3264555828085));
#6478=CARTESIAN_POINT('Origin',(-26.0400000000381,4.,15.8506547239058));
#6479=CARTESIAN_POINT('',(-25.7900000000512,3.75,8.80797974637444));
#6480=CARTESIAN_POINT('',(-25.7900000000381,3.75,15.8506547239053));
#6481=CARTESIAN_POINT('',(-26.2900000000534,4.25,7.60087296518566));
#6482=CARTESIAN_POINT('',(-25.7900000000512,3.75,8.80797974637444));
#6483=CARTESIAN_POINT('',(-26.2900000000651,4.25,1.30043648261194));
#6484=CARTESIAN_POINT('Origin',(-1.71743141923432,4.,32.5269949365978));
#6485=CARTESIAN_POINT('',(-6.36815472392576,4.25,27.5227182413131));
#6486=CARTESIAN_POINT('',(-1.89420811453095,3.75,32.7037716318945));
#6487=CARTESIAN_POINT('Origin',(-9.79043648264298,3.75,24.1004364825963));
#6488=CARTESIAN_POINT('Origin',(5.53041308792164,4.,40.3500000000064));
#6489=CARTESIAN_POINT('',(19.6441558773106,3.75,40.1000000000049));
#6490=CARTESIAN_POINT('',(13.9873016278187,3.75,40.1000000000055));
#6491=CARTESIAN_POINT('',(5.53041308792161,3.75,40.1000000000064));
#6492=CARTESIAN_POINT('',(13.7801948466322,4.25,40.6000000000055));
#6493=CARTESIAN_POINT('',(13.9873016278187,3.75,40.1000000000055));
#6494=CARTESIAN_POINT('',(20.851262658497,4.25,40.6000000000048));
#6495=CARTESIAN_POINT('',(6.89009742332413,4.25,40.6000000000062));
#6496=CARTESIAN_POINT('',(19.6441558773106,3.75,40.1000000000049));
#6497=CARTESIAN_POINT('Origin',(-16.0956745930985,4.,10.3705771696817));
#6498=CARTESIAN_POINT('',(-25.7900000000669,3.75,0.322698372120198));
#6499=CARTESIAN_POINT('',(-15.9188978978019,3.75,10.1938004743851));
#6500=CARTESIAN_POINT('',(-26.2900000000665,4.25,0.529805153307117));
#6501=CARTESIAN_POINT('',(-25.7900000000669,3.75,0.322698372120198));
#6502=CARTESIAN_POINT('',(-21.0999512883764,4.25,5.71985386499721));
#6503=CARTESIAN_POINT('Origin',(-26.0400000000578,4.,5.24405300609417));
#6504=CARTESIAN_POINT('',(-25.7900000000773,3.75,-5.33415587738264));
#6505=CARTESIAN_POINT('',(-25.7900000000578,3.75,5.24405300609371));
#6506=CARTESIAN_POINT('',(-26.2900000000796,4.25,-6.54126265857141));
#6507=CARTESIAN_POINT('',(-25.7900000000773,3.75,-5.33415587738264));
#6508=CARTESIAN_POINT('',(-26.2900000000781,4.25,-5.7706313292666));
#6509=CARTESIAN_POINT('Origin',(8.88917029855632,4.,28.9914610306575));
#6510=CARTESIAN_POINT('',(4.23844699387175,4.25,23.9871843353797));
#6511=CARTESIAN_POINT('',(8.71239360325968,3.75,29.1682377259541));
#6512=CARTESIAN_POINT('Origin',(-2.71936867079129,3.75,17.029368670717));
#6513=CARTESIAN_POINT('Origin',(26.0400000000105,4.,24.0549025766574));
#6514=CARTESIAN_POINT('',(25.7900000000108,3.75,32.1037084989743));
#6515=CARTESIAN_POINT('',(25.7900000000111,3.75,37.7605627484669));
#6516=CARTESIAN_POINT('',(25.7900000000105,3.75,24.0549025766574));
#6517=CARTESIAN_POINT('',(26.2900000000112,4.25,38.9676695296535));
#6518=CARTESIAN_POINT('',(25.7900000000111,3.75,37.7605627484669));
#6519=CARTESIAN_POINT('',(26.2900000000108,4.25,31.8966017177877));
#6520=CARTESIAN_POINT('',(26.2900000000101,4.25,16.9838347648209));
#6521=CARTESIAN_POINT('',(25.7900000000108,3.75,32.1037084989743));
#6522=CARTESIAN_POINT('Origin',(-13.8521067812565,4.,-1.52799064220716));
#6523=CARTESIAN_POINT('',(-25.790000000093,3.75,-13.8194372516369));
#6524=CARTESIAN_POINT('',(-13.6753300859599,3.75,-1.7047673375038));
#6525=CARTESIAN_POINT('',(-26.2900000000927,4.25,-13.6123304704499));
#6526=CARTESIAN_POINT('',(-25.790000000093,3.75,-13.8194372516369));
#6527=CARTESIAN_POINT('',(-17.5644173824567,4.25,-4.88674785281407));
#6528=CARTESIAN_POINT('Origin',(-26.0400000000781,4.,-5.77063132930912));
#6529=CARTESIAN_POINT('',(-25.7900000001035,3.75,-19.4762915011397));
#6530=CARTESIAN_POINT('',(-25.7900000000781,3.75,-5.77063132930958));
#6531=CARTESIAN_POINT('',(-26.2900000001058,4.25,-20.6833982823285));
#6532=CARTESIAN_POINT('',(-25.7900000001035,3.75,-19.4762915011397));
#6533=CARTESIAN_POINT('',(-26.2900000000912,4.25,-12.8416991411451));
#6534=CARTESIAN_POINT('Origin',(13.8521067811683,4.,19.8122618895386));
#6535=CARTESIAN_POINT('',(10.4933495705614,4.25,16.0999512883384));
#6536=CARTESIAN_POINT('',(13.6753300858717,3.75,19.9890385848352));
#6537=CARTESIAN_POINT('Origin',(-4.72821781727362E-11,3.75,9.14213562366251));
#6538=CARTESIAN_POINT('Origin',(26.0400000000097,4.,9.91276695291941));
#6539=CARTESIAN_POINT('',(25.7900000000101,3.75,17.9615728752427));
#6540=CARTESIAN_POINT('',(25.7900000000104,3.75,23.6184271247353));
#6541=CARTESIAN_POINT('',(25.7900000000097,3.75,9.91276695291942));
#6542=CARTESIAN_POINT('',(26.2900000000105,4.25,24.8255339059219));
#6543=CARTESIAN_POINT('',(25.7900000000104,3.75,23.6184271247353));
#6544=CARTESIAN_POINT('',(26.2900000000101,4.25,17.7544660940561));
#6545=CARTESIAN_POINT('',(26.2900000000097,4.25,9.91276695295508));
#6546=CARTESIAN_POINT('',(25.7900000000101,3.75,17.9615728752427));
#6547=CARTESIAN_POINT('Origin',(-13.8521067812763,4.,-15.6701262659579));
#6548=CARTESIAN_POINT('',(-25.7900000001192,3.75,-27.961572875394));
#6549=CARTESIAN_POINT('',(-13.6753300859797,3.75,-15.8469029612545));
#6550=CARTESIAN_POINT('',(-26.2900000001188,4.25,-27.754466094207));
#6551=CARTESIAN_POINT('',(-25.7900000001192,3.75,-27.961572875394));
#6552=CARTESIAN_POINT('',(-14.0288834765371,4.25,-15.4933495706254));
#6553=CARTESIAN_POINT('Origin',(-26.0400000001043,4.,-19.9127669530598));
#6554=CARTESIAN_POINT('',(-25.7900000001297,3.75,-33.6184271248968));
#6555=CARTESIAN_POINT('',(-25.7900000001043,3.75,-19.9127669530603));
#6556=CARTESIAN_POINT('',(-26.2900000001319,4.25,-34.8255339060856));
#6557=CARTESIAN_POINT('',(-25.7900000001297,3.75,-33.6184271248968));
#6558=CARTESIAN_POINT('',(-26.2900000001043,4.25,-19.9127669530237));
#6559=CARTESIAN_POINT('Origin',(13.8521067811613,4.,5.67012626580059));
#6560=CARTESIAN_POINT('',(14.0288834764938,4.25,5.49334957053983));
#6561=CARTESIAN_POINT('',(13.6753300858646,3.75,5.84690296109723));
#6562=CARTESIAN_POINT('Origin',(-6.07203176627991E-11,3.75,-5.00000000008182));
#6563=CARTESIAN_POINT('Origin',(26.0400000000091,4.,-3.62593523273518));
#6564=CARTESIAN_POINT('',(25.7900000000094,3.75,3.81943725151106));
#6565=CARTESIAN_POINT('',(25.7900000000097,3.75,9.47629150100369));
#6566=CARTESIAN_POINT('',(25.7900000000091,3.75,-3.62593523273517));
#6567=CARTESIAN_POINT('',(26.2900000000098,4.25,10.6833982821903));
#6568=CARTESIAN_POINT('',(25.7900000000097,3.75,9.47629150100369));
#6569=CARTESIAN_POINT('',(26.2900000000094,4.25,3.6123304703245));
#6570=CARTESIAN_POINT('',(26.2900000000094,4.25,2.84169914108926));
#6571=CARTESIAN_POINT('',(25.7900000000094,3.75,3.81943725151106));
#6572=CARTESIAN_POINT('Origin',(-13.5503900622533,4.,-29.5105451706658));
#6573=CARTESIAN_POINT('',(-25.7900000001454,3.75,-42.1037084991511));
#6574=CARTESIAN_POINT('',(-13.3736133669567,3.75,-29.6873218659624));
#6575=CARTESIAN_POINT('',(-26.290000000145,4.25,-41.8966017179641));
#6576=CARTESIAN_POINT('',(-25.7900000001454,3.75,-42.1037084991511));
#6577=CARTESIAN_POINT('',(-10.4933495706175,4.25,-26.0999512884367));
#6578=CARTESIAN_POINT('Origin',(-26.0400000001249,4.,-31.0377353863982));
#6579=CARTESIAN_POINT('',(-25.7900000001488,3.75,-43.9330952439986));
#6580=CARTESIAN_POINT('',(-25.7900000001249,3.75,-31.0377353863987));
#6581=CARTESIAN_POINT('',(-26.2900000001492,4.25,-44.1402020251848));
#6582=CARTESIAN_POINT('',(-25.7900000001488,3.75,-43.9330952439986));
#6583=CARTESIAN_POINT('',(-26.290000000113,4.25,-24.5701010125733));
#6584=CARTESIAN_POINT('Origin',(-24.8850897480505,4.,-45.1915588866899));
#6585=CARTESIAN_POINT('',(-23.8762662478245,4.25,-46.553935777509));
#6586=CARTESIAN_POINT('',(-28.2956836302391,4.25,-42.1345183950952));
#6587=CARTESIAN_POINT('',(-23.8762662478245,3.75,-45.8468289963225));
#6588=CARTESIAN_POINT('',(-24.7083130527539,3.75,-45.0147821913933));
#6589=CARTESIAN_POINT('',(-23.8762662478245,3.75,-45.8468289963225));
#6590=CARTESIAN_POINT('Origin',(14.153823500197,4.,-8.17029263889457));
#6591=CARTESIAN_POINT('',(17.5644173824261,4.25,-5.11325214725872));
#6592=CARTESIAN_POINT('',(13.9770468049004,3.75,-7.99351594359794));
#6593=CARTESIAN_POINT('Origin',(-6.96998014859673E-11,3.75,-17.9352687476594));
#6594=CARTESIAN_POINT('Origin',(26.0400000000085,4.,-15.2440530061642));
#6595=CARTESIAN_POINT('',(25.7900000000087,3.75,-10.3226983722205));
#6596=CARTESIAN_POINT('',(25.790000000009,3.75,-4.6658441227279));
#6597=CARTESIAN_POINT('',(25.7900000000085,3.75,-15.2440530061642));
#6598=CARTESIAN_POINT('',(26.2900000000091,4.25,-3.4587373415413));
#6599=CARTESIAN_POINT('',(25.790000000009,3.75,-4.6658441227279));
#6600=CARTESIAN_POINT('',(26.2900000000087,4.25,-10.5298051534071));
#6601=CARTESIAN_POINT('',(26.290000000009,4.25,-4.22936867077653));
#6602=CARTESIAN_POINT('',(25.7900000000087,3.75,-10.3226983722205));
#6603=CARTESIAN_POINT('Origin',(-8.5700888506933,4.,-38.6723795828367));
#6604=CARTESIAN_POINT('',(-19.6336255607048,3.75,-50.0894696834414));
#6605=CARTESIAN_POINT('',(-8.39331215539666,3.75,-38.8491562781333));
#6606=CARTESIAN_POINT('',(-20.3407323418914,4.25,-50.0894696834414));
#6607=CARTESIAN_POINT('',(-19.6336255607048,3.75,-50.0894696834414));
#6608=CARTESIAN_POINT('',(-3.98318183555793,4.25,-33.7319191771081));
#6609=CARTESIAN_POINT('Origin',(-19.8448741987255,4.,-50.231774436014));
#6610=CARTESIAN_POINT('',(-19.6230952441157,3.75,-50.1000000000305));
#6611=CARTESIAN_POINT('',(-19.6680975034289,3.75,-50.0549977407174));
#6612=CARTESIAN_POINT('',(-19.8302020253023,4.25,-50.6000000000305));
#6613=CARTESIAN_POINT('',(-19.6230952441157,3.75,-50.1000000000305));
#6614=CARTESIAN_POINT('',(-26.272651518978,4.25,-44.157550506356));
#6615=CARTESIAN_POINT('Origin',(-5.40278050877815,4.,-50.3500000000306));
#6616=CARTESIAN_POINT('',(-13.780194846615,4.25,-50.6000000000305));
#6617=CARTESIAN_POINT('',(-6.89009742330191,4.25,-50.6000000000306));
#6618=CARTESIAN_POINT('',(-13.9873016278016,3.75,-50.1000000000305));
#6619=CARTESIAN_POINT('',(-5.40278050877815,3.75,-50.1000000000306));
#6620=CARTESIAN_POINT('',(-13.9873016278016,3.75,-50.1000000000305));
#6621=CARTESIAN_POINT('Origin',(16.1594908826299,4.,-20.3067608801926));
#6622=CARTESIAN_POINT('',(21.0999512883585,4.25,-15.7198538650573));
#6623=CARTESIAN_POINT('',(15.9827141873332,3.75,-20.129984184896));
#6624=CARTESIAN_POINT('Origin',(2.97463382905883,3.75,-27.0293686707859));
#6625=CARTESIAN_POINT('Origin',(26.040000000008,4.,-25.8506547239627));
#6626=CARTESIAN_POINT('',(25.790000000008,3.75,-24.4648339959522));
#6627=CARTESIAN_POINT('',(25.7900000000083,3.75,-18.8079797464595));
#6628=CARTESIAN_POINT('',(25.790000000008,3.75,-25.8506547239627));
#6629=CARTESIAN_POINT('',(26.2900000000084,4.25,-17.6008729652729));
#6630=CARTESIAN_POINT('',(25.7900000000083,3.75,-18.8079797464595));
#6631=CARTESIAN_POINT('',(26.290000000008,4.25,-24.6719407771387));
#6632=CARTESIAN_POINT('',(26.2900000000087,4.25,-11.3004364826423));
#6633=CARTESIAN_POINT('',(25.790000000008,3.75,-24.4648339959522));
#6634=CARTESIAN_POINT('Origin',(1.71743141923656,4.,-42.5269949366378));
#6635=CARTESIAN_POINT('',(-5.502020253563,3.75,-50.1000000000306));
#6636=CARTESIAN_POINT('',(1.8942081145332,3.75,-42.7037716319344));
#6637=CARTESIAN_POINT('',(-6.70912703474955,4.25,-50.6000000000306));
#6638=CARTESIAN_POINT('',(-5.502020253563,3.75,-50.1000000000306));
#6639=CARTESIAN_POINT('',(6.36815472394573,4.25,-37.5227182413354));
#6640=CARTESIAN_POINT('Origin',(5.07618862987264,4.,-50.3500000000306));
#6641=CARTESIAN_POINT('',(0.154833995929389,3.75,-50.1000000000306));
#6642=CARTESIAN_POINT('',(5.07618862987264,3.75,-50.1000000000306));
#6643=CARTESIAN_POINT('',(0.361940777115928,4.25,-50.6000000000306));
#6644=CARTESIAN_POINT('',(0.154833995929389,3.75,-50.1000000000306));
#6645=CARTESIAN_POINT('',(0.180970388563566,4.25,-50.6000000000306));
#6646=CARTESIAN_POINT('Origin',(19.6312084989884,4.,-30.977178887565));
#6647=CARTESIAN_POINT('',(24.6354851942909,4.25,-26.3264555828558));
#6648=CARTESIAN_POINT('',(19.4544318036918,3.75,-30.8004021922683));
#6649=CARTESIAN_POINT('Origin',(9.79043648262941,3.75,-34.1004364826517));
#6650=CARTESIAN_POINT('Origin',(26.0400000000074,4.,-36.4572564417613));
#6651=CARTESIAN_POINT('',(25.7900000000073,3.75,-38.6069696196838));
#6652=CARTESIAN_POINT('',(25.7900000000076,3.75,-32.9501153701911));
#6653=CARTESIAN_POINT('',(25.7900000000074,3.75,-36.4572564417613));
#6654=CARTESIAN_POINT('',(26.2900000000077,4.25,-31.7430085890045));
#6655=CARTESIAN_POINT('',(25.7900000000076,3.75,-32.9501153701911));
#6656=CARTESIAN_POINT('',(26.2900000000073,4.25,-38.8140764008703));
#6657=CARTESIAN_POINT('',(26.2900000000083,4.25,-18.3715042945081));
#6658=CARTESIAN_POINT('',(25.7900000000073,3.75,-38.6069696196838));
#6659=CARTESIAN_POINT('Origin',(12.3240331370346,4.,-46.0625288425707));
#6660=CARTESIAN_POINT('',(8.64011537016793,3.75,-50.1000000000306));
#6661=CARTESIAN_POINT('',(12.5008098323312,3.75,-46.2393055378674));
#6662=CARTESIAN_POINT('',(7.43300858898139,4.25,-50.6000000000306));
#6663=CARTESIAN_POINT('',(8.64011537016793,3.75,-50.1000000000306));
#6664=CARTESIAN_POINT('',(16.9747564417439,4.25,-41.0582521472682));
#6665=CARTESIAN_POINT('Origin',(15.6827903476707,4.,-50.3500000000307));
#6666=CARTESIAN_POINT('',(14.2969696196603,3.75,-50.1000000000307));
#6667=CARTESIAN_POINT('',(15.6827903476707,3.75,-50.1000000000307));
#6668=CARTESIAN_POINT('',(14.5040764008469,4.25,-50.6000000000307));
#6669=CARTESIAN_POINT('',(14.2969696196603,3.75,-50.1000000000307));
#6670=CARTESIAN_POINT('',(7.25203820042903,4.25,-50.6000000000306));
#6671=CARTESIAN_POINT('Origin',(23.1667424049207,4.,-41.5837806053637));
#6672=CARTESIAN_POINT('',(28.1710191002233,4.25,-36.9330573006544));
#6673=CARTESIAN_POINT('',(22.989965709624,3.75,-41.407003910067));
#6674=CARTESIAN_POINT('Origin',(16.8615042944945,3.75,-41.1715042945176));
#6675=CARTESIAN_POINT('Origin',(22.9306348548326,4.,-49.5980627485037));
#6676=CARTESIAN_POINT('',(25.7900000000069,3.75,-47.0922509939227));
#6677=CARTESIAN_POINT('',(22.7822509938989,3.75,-50.1000000000307));
#6678=CARTESIAN_POINT('',(23.1074115501293,3.75,-49.7748394438003));
#6679=CARTESIAN_POINT('',(21.5751442127123,4.25,-50.6000000000307));
#6680=CARTESIAN_POINT('',(22.7822509938989,3.75,-50.1000000000307));
#6681=CARTESIAN_POINT('',(26.290000000007,4.25,-45.8851442127361));
#6682=CARTESIAN_POINT('',(27.5813581595421,4.25,-44.593786053201));
#6683=CARTESIAN_POINT('',(25.7900000000069,3.75,-47.0922509939227));
#6684=CARTESIAN_POINT('Origin',(25.1112860531832,4.,-50.3500000000307));
#6685=CARTESIAN_POINT('',(25.7900000000068,3.75,-50.1000000000307));
#6686=CARTESIAN_POINT('',(25.1112860531832,3.75,-50.1000000000307));
#6687=CARTESIAN_POINT('',(26.2900000000067,4.25,-50.6000000000307));
#6688=CARTESIAN_POINT('',(25.7900000000068,3.75,-50.1000000000307));
#6689=CARTESIAN_POINT('',(13.145000000009,4.25,-50.6000000000307));
#6690=CARTESIAN_POINT('Origin',(26.0400000000069,4.,-47.0638581595598));
#6691=CARTESIAN_POINT('',(26.290000000008,4.25,-25.4425721063739));
#6692=CARTESIAN_POINT('',(25.7900000000069,3.75,-47.0638581595598));
#6693=CARTESIAN_POINT('Origin',(23.9325721063597,3.75,-48.2425721063834));
#6694=CARTESIAN_POINT('Origin',(-22.9306348548156,-4.,39.5980627484785));
#6695=CARTESIAN_POINT('',(-22.7822509938781,-3.75,40.1000000000092));
#6696=CARTESIAN_POINT('',(-25.7899999999988,-3.75,37.0922509938886));
#6697=CARTESIAN_POINT('',(-23.1074115501122,-3.75,39.7748394437751));
#6698=CARTESIAN_POINT('',(-26.290000000001,-4.25,35.8851442126998));
#6699=CARTESIAN_POINT('',(-25.7899999999988,-3.75,37.0922509938886));
#6700=CARTESIAN_POINT('',(-21.5751442126917,-4.25,40.6000000000091));
#6701=CARTESIAN_POINT('',(-27.5813581595208,-4.25,34.5937860531801));
#6702=CARTESIAN_POINT('',(-22.7822509938781,-3.75,40.1000000000092));
#6703=CARTESIAN_POINT('Origin',(-26.0399999999989,-4.,37.063858159529));
#6704=CARTESIAN_POINT('',(-26.2899999999923,-4.25,40.6000000000096));
#6705=CARTESIAN_POINT('',(-26.2900000000389,-4.25,15.442572106369));
#6706=CARTESIAN_POINT('',(-25.7899999999932,-3.75,40.1000000000096));
#6707=CARTESIAN_POINT('',(-25.7899999999989,-3.75,37.0638581595285));
#6708=CARTESIAN_POINT('',(-25.7899999999932,-3.75,40.1000000000096));
#6709=CARTESIAN_POINT('Origin',(-25.1112860531692,-4.,40.3500000000095));
#6710=CARTESIAN_POINT('',(-13.1449999999881,-4.25,40.6000000000083));
#6711=CARTESIAN_POINT('',(-25.1112860531693,-3.75,40.1000000000095));
#6712=CARTESIAN_POINT('Origin',(-23.9325721063464,-3.75,38.2425721063547));
#6713=CARTESIAN_POINT('Origin',(-12.3240331370249,-4.,36.0625288425382));
#6714=CARTESIAN_POINT('',(-8.64011537014855,-3.75,40.1000000000078));
#6715=CARTESIAN_POINT('',(-25.790000000025,-3.75,22.9501153701315));
#6716=CARTESIAN_POINT('',(-12.5008098323216,-3.75,36.2393055378348));
#6717=CARTESIAN_POINT('',(-26.2900000000272,-4.25,21.7430085889427));
#6718=CARTESIAN_POINT('',(-25.790000000025,-3.75,22.9501153701315));
#6719=CARTESIAN_POINT('',(-7.43300858896212,-4.25,40.6000000000077));
#6720=CARTESIAN_POINT('',(-16.9747564417233,-4.25,31.0582521472466));
#6721=CARTESIAN_POINT('',(-8.64011537014855,-3.75,40.1000000000078));
#6722=CARTESIAN_POINT('Origin',(-26.0400000000185,-4.,26.4572564417174));
#6723=CARTESIAN_POINT('',(-26.2900000000141,-4.25,28.8140764008213));
#6724=CARTESIAN_POINT('',(-26.290000000052,-4.25,8.37150429449048));
#6725=CARTESIAN_POINT('',(-25.7900000000145,-3.75,28.6069696196344));
#6726=CARTESIAN_POINT('',(-25.7900000000185,-3.75,26.457256441717));
#6727=CARTESIAN_POINT('',(-25.7900000000145,-3.75,28.6069696196344));
#6728=CARTESIAN_POINT('Origin',(-23.166742404924,-4.,31.5837806053181));
#6729=CARTESIAN_POINT('',(-14.5040764008269,-4.25,40.6000000000084));
#6730=CARTESIAN_POINT('',(-28.1710191002156,-4.25,26.9330573006198));
#6731=CARTESIAN_POINT('',(-14.2969696196404,-3.75,40.1000000000084));
#6732=CARTESIAN_POINT('',(-22.9899657096274,-3.75,31.4070039100214));
#6733=CARTESIAN_POINT('',(-14.2969696196404,-3.75,40.1000000000084));
#6734=CARTESIAN_POINT('Origin',(-15.6827903476603,-4.,40.3500000000085));
#6735=CARTESIAN_POINT('',(-7.25203820040544,-4.25,40.6000000000077));
#6736=CARTESIAN_POINT('',(-15.6827903476604,-3.75,40.1000000000085));
#6737=CARTESIAN_POINT('Origin',(-16.8615042944947,-3.75,31.1715042944756));
#6738=CARTESIAN_POINT('Origin',(-1.71743141923432,-4.,32.5269949365978));
#6739=CARTESIAN_POINT('',(5.50202025358101,-3.75,40.1000000000064));
#6740=CARTESIAN_POINT('',(-25.7900000000512,-3.75,8.80797974637444));
#6741=CARTESIAN_POINT('',(-1.89420811453095,-3.75,32.7037716318945));
#6742=CARTESIAN_POINT('',(-26.2900000000534,-4.25,7.60087296518566));
#6743=CARTESIAN_POINT('',(-25.7900000000512,-3.75,8.80797974637444));
#6744=CARTESIAN_POINT('',(6.70912703476743,-4.25,40.6000000000062));
#6745=CARTESIAN_POINT('',(-6.36815472392576,-4.25,27.5227182413131));
#6746=CARTESIAN_POINT('',(5.50202025358101,-3.75,40.1000000000064));
#6747=CARTESIAN_POINT('Origin',(-26.0400000000381,-4.,15.8506547239058));
#6748=CARTESIAN_POINT('',(-26.2900000000403,-4.25,14.6719407770642));
#6749=CARTESIAN_POINT('',(-26.2900000000651,-4.25,1.30043648261194));
#6750=CARTESIAN_POINT('',(-25.7900000000407,-3.75,14.4648339958773));
#6751=CARTESIAN_POINT('',(-25.7900000000381,-3.75,15.8506547239053));
#6752=CARTESIAN_POINT('',(-25.7900000000407,-3.75,14.4648339958773));
#6753=CARTESIAN_POINT('Origin',(-19.6312084990113,-4.,20.9771788874999));
#6754=CARTESIAN_POINT('',(-0.361940777097356,-4.25,40.600000000007));
#6755=CARTESIAN_POINT('',(-24.635485194296,-4.25,16.3264555828085));
#6756=CARTESIAN_POINT('',(-0.154833995910835,-3.75,40.1000000000069));
#6757=CARTESIAN_POINT('',(-19.4544318037146,-3.75,20.8004021922033));
#6758=CARTESIAN_POINT('',(-0.154833995910835,-3.75,40.1000000000069));
#6759=CARTESIAN_POINT('Origin',(-5.07618862986935,-4.,40.3500000000074));
#6760=CARTESIAN_POINT('',(-0.180970388540655,-4.25,40.6000000000069));
#6761=CARTESIAN_POINT('',(-5.07618862986938,-3.75,40.1000000000074));
#6762=CARTESIAN_POINT('Origin',(-9.79043648264298,-3.75,24.1004364825963));
#6763=CARTESIAN_POINT('Origin',(8.88917029855631,-4.,28.9914610306575));
#6764=CARTESIAN_POINT('',(19.6441558773106,-3.75,40.1000000000049));
#6765=CARTESIAN_POINT('',(-25.7900000000773,-3.75,-5.33415587738264));
#6766=CARTESIAN_POINT('',(8.71239360325968,-3.75,29.1682377259541));
#6767=CARTESIAN_POINT('',(-26.2900000000796,-4.25,-6.54126265857141));
#6768=CARTESIAN_POINT('',(-25.7900000000773,-3.75,-5.33415587738264));
#6769=CARTESIAN_POINT('',(20.851262658497,-4.25,40.6000000000048));
#6770=CARTESIAN_POINT('',(4.23844699387175,-4.25,23.9871843353797));
#6771=CARTESIAN_POINT('',(19.6441558773106,-3.75,40.1000000000049));
#6772=CARTESIAN_POINT('Origin',(-26.0400000000578,-4.,5.24405300609417));
#6773=CARTESIAN_POINT('',(-26.2900000000665,-4.25,0.529805153307117));
#6774=CARTESIAN_POINT('',(-26.2900000000781,-4.25,-5.7706313292666));
#6775=CARTESIAN_POINT('',(-25.7900000000669,-3.75,0.3226983721202));
#6776=CARTESIAN_POINT('',(-25.7900000000578,-3.75,5.24405300609371));
#6777=CARTESIAN_POINT('',(-25.7900000000669,-3.75,0.3226983721202));
#6778=CARTESIAN_POINT('Origin',(-16.0956745930985,-4.,10.3705771696817));
#6779=CARTESIAN_POINT('',(13.7801948466322,-4.25,40.6000000000055));
#6780=CARTESIAN_POINT('',(-21.0999512883764,-4.25,5.71985386499721));
#6781=CARTESIAN_POINT('',(13.9873016278187,-3.75,40.1000000000055));
#6782=CARTESIAN_POINT('',(-15.9188978978019,-3.75,10.1938004743851));
#6783=CARTESIAN_POINT('',(13.9873016278187,-3.75,40.1000000000055));
#6784=CARTESIAN_POINT('Origin',(5.53041308792164,-4.,40.3500000000064));
#6785=CARTESIAN_POINT('',(6.89009742332413,-4.25,40.6000000000062));
#6786=CARTESIAN_POINT('',(5.53041308792161,-3.75,40.1000000000064));
#6787=CARTESIAN_POINT('Origin',(-2.71936867079129,-3.75,17.029368670717));
#6788=CARTESIAN_POINT('Origin',(13.8521067811683,-4.,19.8122618895386));
#6789=CARTESIAN_POINT('',(25.7900000000108,-3.75,32.1037084989743));
#6790=CARTESIAN_POINT('',(-25.7900000001035,-3.75,-19.4762915011397));
#6791=CARTESIAN_POINT('',(13.6753300858717,-3.75,19.9890385848352));
#6792=CARTESIAN_POINT('',(-26.2900000001058,-4.25,-20.6833982823285));
#6793=CARTESIAN_POINT('',(-25.7900000001035,-3.75,-19.4762915011397));
#6794=CARTESIAN_POINT('',(26.2900000000108,-4.25,31.8966017177877));
#6795=CARTESIAN_POINT('',(10.4933495705614,-4.25,16.0999512883384));
#6796=CARTESIAN_POINT('',(25.7900000000108,-3.75,32.1037084989743));
#6797=CARTESIAN_POINT('Origin',(-26.0400000000781,-4.,-5.77063132930912));
#6798=CARTESIAN_POINT('',(-26.2900000000927,-4.25,-13.6123304704499));
#6799=CARTESIAN_POINT('',(-26.2900000000912,-4.25,-12.8416991411451));
#6800=CARTESIAN_POINT('',(-25.7900000000931,-3.75,-13.8194372516369));
#6801=CARTESIAN_POINT('',(-25.7900000000781,-3.75,-5.77063132930958));
#6802=CARTESIAN_POINT('',(-25.7900000000931,-3.75,-13.8194372516369));
#6803=CARTESIAN_POINT('Origin',(-13.8521067812565,-4.,-1.52799064220716));
#6804=CARTESIAN_POINT('',(26.2900000000112,-4.25,38.9676695296535));
#6805=CARTESIAN_POINT('',(-17.5644173824567,-4.25,-4.88674785281407));
#6806=CARTESIAN_POINT('',(25.7900000000111,-3.75,37.7605627484669));
#6807=CARTESIAN_POINT('',(-13.6753300859599,-3.75,-1.7047673375038));
#6808=CARTESIAN_POINT('',(25.7900000000111,-3.75,37.7605627484669));
#6809=CARTESIAN_POINT('Origin',(26.0400000000105,-4.,24.0549025766574));
#6810=CARTESIAN_POINT('',(26.2900000000101,-4.25,16.9838347648209));
#6811=CARTESIAN_POINT('',(25.7900000000105,-3.75,24.0549025766574));
#6812=CARTESIAN_POINT('Origin',(-4.72821781727362E-11,-3.75,9.14213562366251));
#6813=CARTESIAN_POINT('Origin',(13.8521067811613,-4.,5.67012626580059));
#6814=CARTESIAN_POINT('',(25.7900000000101,-3.75,17.9615728752427));
#6815=CARTESIAN_POINT('',(-25.7900000001297,-3.75,-33.6184271248968));
#6816=CARTESIAN_POINT('',(13.6753300858646,-3.75,5.84690296109723));
#6817=CARTESIAN_POINT('',(-26.2900000001319,-4.25,-34.8255339060856));
#6818=CARTESIAN_POINT('',(-25.7900000001297,-3.75,-33.6184271248968));
#6819=CARTESIAN_POINT('',(26.2900000000101,-4.25,17.7544660940561));
#6820=CARTESIAN_POINT('',(14.0288834764938,-4.25,5.49334957053983));
#6821=CARTESIAN_POINT('',(25.7900000000101,-3.75,17.9615728752427));
#6822=CARTESIAN_POINT('Origin',(-26.0400000001043,-4.,-19.9127669530598));
#6823=CARTESIAN_POINT('',(-26.2900000001188,-4.25,-27.754466094207));
#6824=CARTESIAN_POINT('',(-26.2900000001043,-4.25,-19.9127669530237));
#6825=CARTESIAN_POINT('',(-25.7900000001192,-3.75,-27.961572875394));
#6826=CARTESIAN_POINT('',(-25.7900000001043,-3.75,-19.9127669530603));
#6827=CARTESIAN_POINT('',(-25.7900000001192,-3.75,-27.961572875394));
#6828=CARTESIAN_POINT('Origin',(-13.8521067812763,-4.,-15.6701262659579));
#6829=CARTESIAN_POINT('',(26.2900000000105,-4.25,24.8255339059219));
#6830=CARTESIAN_POINT('',(-14.0288834765371,-4.25,-15.4933495706254));
#6831=CARTESIAN_POINT('',(25.7900000000104,-3.75,23.6184271247353));
#6832=CARTESIAN_POINT('',(-13.6753300859797,-3.75,-15.8469029612545));
#6833=CARTESIAN_POINT('',(25.7900000000104,-3.75,23.6184271247353));
#6834=CARTESIAN_POINT('Origin',(26.0400000000097,-4.,9.91276695291941));
#6835=CARTESIAN_POINT('',(26.2900000000097,-4.25,9.91276695295508));
#6836=CARTESIAN_POINT('',(25.7900000000097,-3.75,9.91276695291942));
#6837=CARTESIAN_POINT('Origin',(-6.07203176627991E-11,-3.75,-5.00000000008182));
#6838=CARTESIAN_POINT('Origin',(14.153823500197,-4.,-8.17029263889457));
#6839=CARTESIAN_POINT('',(25.7900000000094,-3.75,3.81943725151106));
#6840=CARTESIAN_POINT('',(-23.8762662478245,-3.75,-45.8468289963225));
#6841=CARTESIAN_POINT('',(13.9770468049004,-3.75,-7.99351594359794));
#6842=CARTESIAN_POINT('',(-23.8762662478245,-4.25,-46.553935777509));
#6843=CARTESIAN_POINT('',(-23.8762662478245,-3.75,-45.8468289963225));
#6844=CARTESIAN_POINT('',(26.2900000000094,-4.25,3.6123304703245));
#6845=CARTESIAN_POINT('',(17.5644173824261,-4.25,-5.11325214725872));
#6846=CARTESIAN_POINT('',(25.7900000000094,-3.75,3.81943725151106));
#6847=CARTESIAN_POINT('Origin',(-24.8850897480505,-4.,-45.19155888669));
#6848=CARTESIAN_POINT('',(-25.7900000001488,-3.75,-43.9330952439986));
#6849=CARTESIAN_POINT('',(-24.7083130527539,-3.75,-45.0147821913933));
#6850=CARTESIAN_POINT('',(-26.2900000001492,-4.25,-44.1402020251848));
#6851=CARTESIAN_POINT('',(-25.7900000001488,-3.75,-43.9330952439986));
#6852=CARTESIAN_POINT('',(-28.2956836302391,-4.25,-42.1345183950952));
#6853=CARTESIAN_POINT('Origin',(-26.0400000001249,-4.,-31.0377353863982));
#6854=CARTESIAN_POINT('',(-26.290000000145,-4.25,-41.8966017179641));
#6855=CARTESIAN_POINT('',(-26.290000000113,-4.25,-24.5701010125733));
#6856=CARTESIAN_POINT('',(-25.7900000001454,-3.75,-42.1037084991511));
#6857=CARTESIAN_POINT('',(-25.7900000001249,-3.75,-31.0377353863987));
#6858=CARTESIAN_POINT('',(-25.7900000001454,-3.75,-42.1037084991511));
#6859=CARTESIAN_POINT('Origin',(-13.5503900622533,-4.,-29.5105451706658));
#6860=CARTESIAN_POINT('',(26.2900000000098,-4.25,10.6833982821903));
#6861=CARTESIAN_POINT('',(-10.4933495706175,-4.25,-26.0999512884367));
#6862=CARTESIAN_POINT('',(25.7900000000097,-3.75,9.47629150100368));
#6863=CARTESIAN_POINT('',(-13.3736133669567,-3.75,-29.6873218659624));
#6864=CARTESIAN_POINT('',(25.7900000000097,-3.75,9.47629150100368));
#6865=CARTESIAN_POINT('Origin',(26.0400000000091,-4.,-3.62593523273518));
#6866=CARTESIAN_POINT('',(26.2900000000094,-4.25,2.84169914108926));
#6867=CARTESIAN_POINT('',(25.7900000000091,-3.75,-3.62593523273517));
#6868=CARTESIAN_POINT('Origin',(-6.96998014859673E-11,-3.75,-17.9352687476594));
#6869=CARTESIAN_POINT('Origin',(16.1594908826299,-4.,-20.3067608801926));
#6870=CARTESIAN_POINT('',(25.7900000000087,-3.75,-10.3226983722205));
#6871=CARTESIAN_POINT('',(-13.9873016278016,-3.75,-50.1000000000305));
#6872=CARTESIAN_POINT('',(15.9827141873332,-3.75,-20.129984184896));
#6873=CARTESIAN_POINT('',(-13.780194846615,-4.25,-50.6000000000305));
#6874=CARTESIAN_POINT('',(-13.9873016278016,-3.75,-50.1000000000305));
#6875=CARTESIAN_POINT('',(26.2900000000087,-4.25,-10.5298051534071));
#6876=CARTESIAN_POINT('',(21.0999512883585,-4.25,-15.7198538650573));
#6877=CARTESIAN_POINT('',(25.7900000000087,-3.75,-10.3226983722205));
#6878=CARTESIAN_POINT('Origin',(-5.40278050877815,-4.,-50.3500000000306));
#6879=CARTESIAN_POINT('',(-19.6230952441157,-3.75,-50.1000000000305));
#6880=CARTESIAN_POINT('',(-5.40278050877815,-3.75,-50.1000000000306));
#6881=CARTESIAN_POINT('',(-19.8302020253023,-4.25,-50.6000000000305));
#6882=CARTESIAN_POINT('',(-19.6230952441157,-3.75,-50.1000000000305));
#6883=CARTESIAN_POINT('',(-6.89009742330191,-4.25,-50.6000000000306));
#6884=CARTESIAN_POINT('Origin',(-19.8448741987255,-4.,-50.2317744360141));
#6885=CARTESIAN_POINT('',(-20.3407323418914,-4.25,-50.0894696834414));
#6886=CARTESIAN_POINT('',(-26.272651518978,-4.25,-44.157550506356));
#6887=CARTESIAN_POINT('',(-19.6336255607048,-3.75,-50.0894696834414));
#6888=CARTESIAN_POINT('',(-19.6680975034289,-3.75,-50.0549977407174));
#6889=CARTESIAN_POINT('',(-19.6336255607048,-3.75,-50.0894696834414));
#6890=CARTESIAN_POINT('Origin',(-8.5700888506933,-4.,-38.6723795828367));
#6891=CARTESIAN_POINT('',(26.2900000000091,-4.25,-3.4587373415413));
#6892=CARTESIAN_POINT('',(-3.98318183555793,-4.25,-33.7319191771081));
#6893=CARTESIAN_POINT('',(25.790000000009,-3.75,-4.66584412272788));
#6894=CARTESIAN_POINT('',(-8.39331215539666,-3.75,-38.8491562781333));
#6895=CARTESIAN_POINT('',(25.790000000009,-3.75,-4.66584412272788));
#6896=CARTESIAN_POINT('Origin',(26.0400000000085,-4.,-15.2440530061642));
#6897=CARTESIAN_POINT('',(26.290000000009,-4.25,-4.22936867077653));
#6898=CARTESIAN_POINT('',(25.7900000000085,-3.75,-15.2440530061642));
#6899=CARTESIAN_POINT('Origin',(2.97463382905883,-3.75,-27.0293686707859));
#6900=CARTESIAN_POINT('Origin',(19.6312084989884,-4.,-30.977178887565));
#6901=CARTESIAN_POINT('',(25.790000000008,-3.75,-24.4648339959522));
#6902=CARTESIAN_POINT('',(0.154833995929389,-3.75,-50.1000000000306));
#6903=CARTESIAN_POINT('',(19.4544318036918,-3.75,-30.8004021922683));
#6904=CARTESIAN_POINT('',(0.361940777115928,-4.25,-50.6000000000306));
#6905=CARTESIAN_POINT('',(0.154833995929389,-3.75,-50.1000000000306));
#6906=CARTESIAN_POINT('',(26.290000000008,-4.25,-24.6719407771387));
#6907=CARTESIAN_POINT('',(24.6354851942909,-4.25,-26.3264555828558));
#6908=CARTESIAN_POINT('',(25.790000000008,-3.75,-24.4648339959522));
#6909=CARTESIAN_POINT('Origin',(5.07618862987264,-4.,-50.3500000000306));
#6910=CARTESIAN_POINT('',(-6.70912703474955,-4.25,-50.6000000000306));
#6911=CARTESIAN_POINT('',(0.180970388563566,-4.25,-50.6000000000306));
#6912=CARTESIAN_POINT('',(-5.502020253563,-3.75,-50.1000000000306));
#6913=CARTESIAN_POINT('',(5.07618862987264,-3.75,-50.1000000000306));
#6914=CARTESIAN_POINT('',(-5.502020253563,-3.75,-50.1000000000306));
#6915=CARTESIAN_POINT('Origin',(1.71743141923656,-4.,-42.5269949366378));
#6916=CARTESIAN_POINT('',(26.2900000000084,-4.25,-17.6008729652729));
#6917=CARTESIAN_POINT('',(6.36815472394573,-4.25,-37.5227182413354));
#6918=CARTESIAN_POINT('',(25.7900000000083,-3.75,-18.8079797464595));
#6919=CARTESIAN_POINT('',(1.8942081145332,-3.75,-42.7037716319344));
#6920=CARTESIAN_POINT('',(25.7900000000083,-3.75,-18.8079797464595));
#6921=CARTESIAN_POINT('Origin',(26.040000000008,-4.,-25.8506547239627));
#6922=CARTESIAN_POINT('',(26.2900000000087,-4.25,-11.3004364826423));
#6923=CARTESIAN_POINT('',(25.790000000008,-3.75,-25.8506547239627));
#6924=CARTESIAN_POINT('Origin',(9.79043648262941,-3.75,-34.1004364826517));
#6925=CARTESIAN_POINT('Origin',(23.1667424049207,-4.,-41.5837806053637));
#6926=CARTESIAN_POINT('',(25.7900000000073,-3.75,-38.6069696196838));
#6927=CARTESIAN_POINT('',(14.2969696196603,-3.75,-50.1000000000307));
#6928=CARTESIAN_POINT('',(22.989965709624,-3.75,-41.407003910067));
#6929=CARTESIAN_POINT('',(14.5040764008469,-4.25,-50.6000000000307));
#6930=CARTESIAN_POINT('',(14.2969696196603,-3.75,-50.1000000000307));
#6931=CARTESIAN_POINT('',(26.2900000000073,-4.25,-38.8140764008703));
#6932=CARTESIAN_POINT('',(28.1710191002233,-4.25,-36.9330573006544));
#6933=CARTESIAN_POINT('',(25.7900000000073,-3.75,-38.6069696196838));
#6934=CARTESIAN_POINT('Origin',(15.6827903476707,-4.,-50.3500000000307));
#6935=CARTESIAN_POINT('',(7.43300858898139,-4.25,-50.6000000000306));
#6936=CARTESIAN_POINT('',(7.25203820042903,-4.25,-50.6000000000306));
#6937=CARTESIAN_POINT('',(8.64011537016794,-3.75,-50.1000000000306));
#6938=CARTESIAN_POINT('',(15.6827903476707,-3.75,-50.1000000000307));
#6939=CARTESIAN_POINT('',(8.64011537016794,-3.75,-50.1000000000306));
#6940=CARTESIAN_POINT('Origin',(12.3240331370346,-4.,-46.0625288425707));
#6941=CARTESIAN_POINT('',(26.2900000000077,-4.25,-31.7430085890045));
#6942=CARTESIAN_POINT('',(16.9747564417439,-4.25,-41.0582521472682));
#6943=CARTESIAN_POINT('',(25.7900000000076,-3.75,-32.9501153701911));
#6944=CARTESIAN_POINT('',(12.5008098323312,-3.75,-46.2393055378674));
#6945=CARTESIAN_POINT('',(25.7900000000076,-3.75,-32.9501153701911));
#6946=CARTESIAN_POINT('Origin',(26.0400000000074,-4.,-36.4572564417613));
#6947=CARTESIAN_POINT('',(26.2900000000083,-4.25,-18.3715042945081));
#6948=CARTESIAN_POINT('',(25.7900000000074,-3.75,-36.4572564417613));
#6949=CARTESIAN_POINT('Origin',(16.8615042944945,-3.75,-41.1715042945176));
#6950=CARTESIAN_POINT('Origin',(26.0400000000069,-4.,-47.0638581595598));
#6951=CARTESIAN_POINT('',(25.7900000000069,-3.75,-47.0922509939227));
#6952=CARTESIAN_POINT('',(25.7900000000068,-3.75,-50.1000000000307));
#6953=CARTESIAN_POINT('',(25.7900000000069,-3.75,-47.0638581595598));
#6954=CARTESIAN_POINT('',(26.2900000000067,-4.25,-50.6000000000307));
#6955=CARTESIAN_POINT('',(25.7900000000068,-3.75,-50.1000000000307));
#6956=CARTESIAN_POINT('',(26.290000000007,-4.25,-45.8851442127361));
#6957=CARTESIAN_POINT('',(26.290000000008,-4.25,-25.4425721063739));
#6958=CARTESIAN_POINT('',(25.7900000000069,-3.75,-47.0922509939227));
#6959=CARTESIAN_POINT('Origin',(25.1112860531832,-4.,-50.3500000000307));
#6960=CARTESIAN_POINT('',(21.5751442127123,-4.25,-50.6000000000307));
#6961=CARTESIAN_POINT('',(13.145000000009,-4.25,-50.6000000000307));
#6962=CARTESIAN_POINT('',(22.7822509938989,-3.75,-50.1000000000307));
#6963=CARTESIAN_POINT('',(25.1112860531832,-3.75,-50.1000000000307));
#6964=CARTESIAN_POINT('',(22.7822509938989,-3.75,-50.1000000000307));
#6965=CARTESIAN_POINT('Origin',(22.9306348548326,-4.,-49.5980627485037));
#6966=CARTESIAN_POINT('',(27.5813581595421,-4.25,-44.593786053201));
#6967=CARTESIAN_POINT('',(23.1074115501293,-3.75,-49.7748394438003));
#6968=CARTESIAN_POINT('Origin',(23.9325721063597,-3.75,-48.2425721063834));
#6969=CARTESIAN_POINT('Origin',(-15.9757150108701,1.125,-42.4117034739374));
#6970=CARTESIAN_POINT('',(-15.2686082296837,-2.25,-43.118810255124));
#6971=CARTESIAN_POINT('',(-15.2686082296834,-2.25,-41.7045966927509));
#6972=CARTESIAN_POINT('Origin',(-15.9757150108701,-2.25,-42.4117034739374));
#6973=CARTESIAN_POINT('',(-15.2686082296835,-2.55,-41.7045966927509));
#6974=CARTESIAN_POINT('',(-15.2686082296834,1.125,-41.7045966927509));
#6975=CARTESIAN_POINT('',(-15.2686082296837,-2.55,-43.118810255124));
#6976=CARTESIAN_POINT('Origin',(-15.9757150108701,-2.55,-42.4117034739374));
#6977=CARTESIAN_POINT('',(-15.2686082296837,1.125,-43.118810255124));
#6978=CARTESIAN_POINT('Origin',(-14.3493694141412,2.25,-42.6238355082935));
#6979=CARTESIAN_POINT('',(-17.1777965388878,-2.25,-39.7954083835459));
#6980=CARTESIAN_POINT('',(-20.1679859376751,-2.25,-36.8052189847575));
#6981=CARTESIAN_POINT('',(-17.1777965388878,-2.55,-39.7954083835459));
#6982=CARTESIAN_POINT('',(-17.1777965388878,-2.25,-39.7954083835459));
#6983=CARTESIAN_POINT('',(-13.969756057207,-2.55,-43.0034488652278));
#6984=CARTESIAN_POINT('Origin',(1.14019904629004E-11,-2.25,-5.00000000001045));
#6985=CARTESIAN_POINT('',(-16.1033513651514,-2.25,-43.9535533905915));
#6986=CARTESIAN_POINT('',(-1.80628246374009,-2.25,-29.6564844891843));
#6987=CARTESIAN_POINT('',(-16.4569047557443,-2.25,-43.0999999999982));
#6988=CARTESIAN_POINT('Origin',(-16.4569047557447,-2.25,-43.5999999999982));
#6989=CARTESIAN_POINT('',(-27.2899999999886,-2.25,-43.0999999999902));
#6990=CARTESIAN_POINT('',(27.2899999999658,-2.25,-43.1000000000305));
#6991=CARTESIAN_POINT('',(-27.2899999999886,-2.25,25.6));
#6992=CARTESIAN_POINT('',(-27.2899999999886,-2.25,-43.0999999999902));
#6993=CARTESIAN_POINT('',(-26.99,-2.25,25.6));
#6994=CARTESIAN_POINT('',(-13.6449999999943,-2.25,25.6));
#6995=CARTESIAN_POINT('',(-26.9899999999886,-2.25,39.92));
#6996=CARTESIAN_POINT('',(-26.99,-2.25,17.4599999999948));
#6997=CARTESIAN_POINT('',(-25.9232568171982,-2.25,42.1575208859101));
#6998=CARTESIAN_POINT('Origin',(-24.11,-2.25,39.92));
#6999=CARTESIAN_POINT('',(-26.8657359312979,-2.25,43.1000000000098));
#7000=CARTESIAN_POINT('',(-8.23036796563851,-2.25,24.4646320343506));
#7001=CARTESIAN_POINT('',(26.8657359312979,-2.25,43.1000000000098));
#7002=CARTESIAN_POINT('',(-14.6449999999886,-2.25,43.1000000000098));
#7003=CARTESIAN_POINT('',(25.9232568171982,-2.25,42.1575208859101));
#7004=CARTESIAN_POINT('',(8.23036796564421,-2.25,24.4646320343563));
#7005=CARTESIAN_POINT('',(26.9899999999886,-2.25,39.92));
#7006=CARTESIAN_POINT('Origin',(24.11,-2.25,39.92));
#7007=CARTESIAN_POINT('',(26.99,-2.25,25.6));
#7008=CARTESIAN_POINT('',(26.99,-2.25,17.4599999999948));
#7009=CARTESIAN_POINT('',(27.2899999999106,-2.25,25.6));
#7010=CARTESIAN_POINT('',(13.6450000000057,-2.25,25.6));
#7011=CARTESIAN_POINT('',(27.2899999999705,-2.25,-49.1000000000259));
#7012=CARTESIAN_POINT('',(27.2899999999658,-2.25,-43.1000000000305));
#7013=CARTESIAN_POINT('',(24.143553390559,-2.25,-52.2464466094374));
#7014=CARTESIAN_POINT('',(23.2899999999657,-2.25,-53.1000000000307));
#7015=CARTESIAN_POINT('',(24.4971067811522,-2.25,-53.1000000000307));
#7016=CARTESIAN_POINT('Origin',(24.4971067811522,-2.25,-52.6000000000307));
#7017=CARTESIAN_POINT('',(-1.40250158759864,-2.25,-53.1000000000304));
#7018=CARTESIAN_POINT('',(14.6450000000089,-2.25,-53.1000000000307));
#7019=CARTESIAN_POINT('',(-12.0303722073484,-2.25,-34.3863473225827));
#7020=CARTESIAN_POINT('Origin',(-18.7899999999469,-2.25,-50.6000000000305));
#7021=CARTESIAN_POINT('',(-13.9958160235638,-2.25,-34.7749502371373));
#7022=CARTESIAN_POINT('Origin',(-12.7230238174281,-2.25,-36.0477424432731));
#7023=CARTESIAN_POINT('',(-17.1777965388876,-2.25,-37.9569307524611));
#7024=CARTESIAN_POINT('',(-2.70934992197295,-2.25,-23.4884841355464));
#7025=CARTESIAN_POINT('Origin',(-16.2585577233451,-2.25,-38.8761695680036));
#7026=CARTESIAN_POINT('Origin',(-15.9757150108701,1.125,-42.4117034739374));
#7027=CARTESIAN_POINT('',(-15.2686082296834,2.25,-41.7045966927509));
#7028=CARTESIAN_POINT('',(-15.2686082296837,2.25,-43.118810255124));
#7029=CARTESIAN_POINT('Origin',(-15.9757150108701,2.25,-42.4117034739374));
#7030=CARTESIAN_POINT('',(-15.2686082296837,2.55,-43.118810255124));
#7031=CARTESIAN_POINT('',(-15.2686082296837,1.125,-43.118810255124));
#7032=CARTESIAN_POINT('',(-15.2686082296835,2.55,-41.7045966927509));
#7033=CARTESIAN_POINT('Origin',(-15.9757150108701,2.55,-42.4117034739374));
#7034=CARTESIAN_POINT('',(-15.2686082296834,1.125,-41.7045966927509));
#7035=CARTESIAN_POINT('Origin',(-14.3493694141412,2.25,-42.6238355082935));
#7036=CARTESIAN_POINT('',(-17.1777965388878,2.55,-39.7954083835459));
#7037=CARTESIAN_POINT('',(-13.0678909808207,2.55,-43.9053139416145));
#7038=CARTESIAN_POINT('',(-17.1777965388878,2.25,-39.7954083835459));
#7039=CARTESIAN_POINT('',(-17.1777965388878,2.25,-39.7954083835459));
#7040=CARTESIAN_POINT('',(-20.1679859376751,2.25,-36.8052189847575));
#7041=CARTESIAN_POINT('Origin',(-0.289672095514339,2.55,-33.690051922954));
#7042=CARTESIAN_POINT('',(-19.9497979745915,2.55,-47.8000000000305));
#7043=CARTESIAN_POINT('',(-9.05121346835743,2.55,-36.9014154937995));
#7044=CARTESIAN_POINT('',(-26.1657359312359,2.55,-47.8000000000305));
#7045=CARTESIAN_POINT('',(-10.057603000697,2.55,-47.8000000000305));
#7046=CARTESIAN_POINT('',(-20.8657359312349,2.55,-53.1000000000305));
#7047=CARTESIAN_POINT('',(-23.1802730087514,2.55,-50.7854629225144));
#7048=CARTESIAN_POINT('',(24.4971067811522,2.55,-53.1000000000307));
#7049=CARTESIAN_POINT('',(14.5001639522461,2.55,-53.1000000000307));
#7050=CARTESIAN_POINT('',(24.143553390559,2.55,-52.2464466094374));
#7051=CARTESIAN_POINT('Origin',(24.4971067811522,2.55,-52.6000000000307));
#7052=CARTESIAN_POINT('',(26.0101150697772,2.55,-50.3798849302192));
#7053=CARTESIAN_POINT('',(23.4578614691526,2.55,-52.9321385308438));
#7054=CARTESIAN_POINT('',(8.15871091222922,2.55,-14.8108153058182));
#7055=CARTESIAN_POINT('Origin',(-18.7899999999469,2.55,-50.6000000000305));
#7056=CARTESIAN_POINT('',(5.80317384965949,2.55,-14.975960363914));
#7057=CARTESIAN_POINT('Origin',(7.07596605579528,2.55,-16.2487525700498));
#7058=CARTESIAN_POINT('',(-17.1777965388876,2.55,-37.9569307524611));
#7059=CARTESIAN_POINT('',(-12.2425991112607,2.55,-33.0217333248342));
#7060=CARTESIAN_POINT('Origin',(-16.2585577233451,2.55,-38.8761695680036));
#7061=CARTESIAN_POINT('',(-20.2899999999469,2.55,-50.6000000000305));
#7062=CARTESIAN_POINT('Origin',(-18.7899999999469,2.55,-50.6000000000305));
#7063=CARTESIAN_POINT('Origin',(-15.037665940203,0.,-42.8878679656434));
#7064=CARTESIAN_POINT('',(-19.9497979745915,-2.55,-47.8000000000305));
#7065=CARTESIAN_POINT('',(-14.9579358829423,-2.55,-42.8081379083827));
#7066=CARTESIAN_POINT('',(-19.9497979745915,0.,-47.8000000000305));
#7067=CARTESIAN_POINT('',(-16.1033513651514,2.25,-43.9535533905915));
#7068=CARTESIAN_POINT('',(-1.80628246374009,2.25,-29.6564844891843));
#7069=CARTESIAN_POINT('',(-16.1033513651514,0.,-43.9535533905915));
#7070=CARTESIAN_POINT('Origin',(-12.7230238174281,-2.25,-36.0477424432731));
#7071=CARTESIAN_POINT('',(-13.9958160235638,-2.55,-34.7749502371373));
#7072=CARTESIAN_POINT('',(-12.0303722073484,-2.55,-34.3863473225827));
#7073=CARTESIAN_POINT('Origin',(-12.7230238174281,-2.55,-36.0477424432731));
#7074=CARTESIAN_POINT('',(-13.9958160235638,-2.25,-34.7749502371373));
#7075=CARTESIAN_POINT('',(-12.0303722073484,-2.25,-34.3863473225827));
#7076=CARTESIAN_POINT('Origin',(-18.7899999999469,-2.25,-50.6000000000305));
#7077=CARTESIAN_POINT('',(-1.40250158759864,-2.55,-53.1000000000304));
#7078=CARTESIAN_POINT('',(-1.40250158759957,-2.25,-53.1000000000306));
#7079=CARTESIAN_POINT('Origin',(-18.7899999999469,-2.55,-50.6000000000305));
#7080=CARTESIAN_POINT('Origin',(7.07596605579528,2.25,-16.2487525700498));
#7081=CARTESIAN_POINT('',(8.15871091222922,2.25,-14.8108153058182));
#7082=CARTESIAN_POINT('',(8.15871091222922,2.25,-14.8108153058182));
#7083=CARTESIAN_POINT('',(5.80317384965949,2.25,-14.975960363914));
#7084=CARTESIAN_POINT('Origin',(7.07596605579528,2.25,-16.2487525700498));
#7085=CARTESIAN_POINT('',(5.80317384965949,2.25,-14.975960363914));
#7086=CARTESIAN_POINT('Origin',(-18.7899999999469,2.25,-50.6000000000305));
#7087=CARTESIAN_POINT('',(26.0101150697772,2.25,-50.3798849302192));
#7088=CARTESIAN_POINT('',(26.0101150697772,2.25,-50.3798849302192));
#7089=CARTESIAN_POINT('Origin',(-18.7899999999469,2.25,-50.6000000000305));
#7090=CARTESIAN_POINT('Origin',(-16.2585577233451,-2.25,-38.8761695680036));
#7091=CARTESIAN_POINT('',(-17.1777965388876,-2.55,-37.9569307524611));
#7092=CARTESIAN_POINT('Origin',(-16.2585577233451,-2.55,-38.8761695680036));
#7093=CARTESIAN_POINT('',(-17.1777965388876,-2.25,-37.9569307524611));
#7094=CARTESIAN_POINT('Origin',(-13.3082669507331,-2.25,-34.0874011643066));
#7095=CARTESIAN_POINT('',(-15.8610033411742,-2.55,-36.6401375547476));
#7096=CARTESIAN_POINT('Origin',(-16.2585577233451,2.25,-38.8761695680036));
#7097=CARTESIAN_POINT('',(-17.1777965388876,2.25,-37.9569307524611));
#7098=CARTESIAN_POINT('',(-17.1777965388876,2.25,-37.9569307524611));
#7099=CARTESIAN_POINT('Origin',(-16.2585577233451,2.25,-38.8761695680036));
#7100=CARTESIAN_POINT('Origin',(-14.6449999999886,-4.,42.8500000000098));
#7101=CARTESIAN_POINT('',(26.3657359312979,-4.25,42.6000000000098));
#7102=CARTESIAN_POINT('',(26.8657359312979,-3.75,43.1000000000098));
#7103=CARTESIAN_POINT('',(20.5596572875321,-10.0560786437657,36.7939213562441));
#7104=CARTESIAN_POINT('',(-26.8657359312979,-3.75,43.1000000000098));
#7105=CARTESIAN_POINT('',(-14.6449999999886,-3.75,43.1000000000098));
#7106=CARTESIAN_POINT('',(-26.3657359312979,-4.25,42.6000000000098));
#7107=CARTESIAN_POINT('',(-25.441323954195,-5.17441197710285,41.675588022907));
#7108=CARTESIAN_POINT('',(-14.6449999999886,-4.25,42.6000000000098));
#7109=CARTESIAN_POINT('Origin',(27.077867965644,0.,43.3121320343559));
#7110=CARTESIAN_POINT('',(25.9232568171982,-4.25,42.1575208859101));
#7111=CARTESIAN_POINT('',(8.23036796564421,-4.25,24.4646320343563));
#7112=CARTESIAN_POINT('',(25.9232568171982,0.,42.1575208859101));
#7113=CARTESIAN_POINT('',(26.8657359312979,0.,43.1000000000098));
#7114=CARTESIAN_POINT('Origin',(1.14042109089496E-11,-4.25,-5.00000000001045));
#7115=CARTESIAN_POINT('',(-25.9232568171982,-4.25,42.1575208859101));
#7116=CARTESIAN_POINT('',(-8.23036796563851,-4.25,24.4646320343506));
#7117=CARTESIAN_POINT('',(-26.9899999999886,-4.25,39.92));
#7118=CARTESIAN_POINT('Origin',(-24.11,-4.25,39.92));
#7119=CARTESIAN_POINT('',(-26.99,-4.25,25.6));
#7120=CARTESIAN_POINT('',(-26.99,-4.25,17.4599999999948));
#7121=CARTESIAN_POINT('',(-27.29,-4.25,25.6));
#7122=CARTESIAN_POINT('',(-13.6449999999943,-4.25,25.6));
#7123=CARTESIAN_POINT('',(-27.29,-4.25,39.92));
#7124=CARTESIAN_POINT('',(-27.29,-4.25,29.975));
#7125=CARTESIAN_POINT('',(-26.3585995641732,-4.25,42.1685995641732));
#7126=CARTESIAN_POINT('Origin',(-24.11,-4.25,39.92));
#7127=CARTESIAN_POINT('',(-26.79,-4.25,42.6));
#7128=CARTESIAN_POINT('',(-24.7703747276083,-4.25,40.5803747276083));
#7129=CARTESIAN_POINT('',(-27.7899999999886,-4.25,42.6));
#7130=CARTESIAN_POINT('',(-13.6449999999943,-4.25,42.6));
#7131=CARTESIAN_POINT('',(-27.790000000092,-4.25,-45.4710545674863));
#7132=CARTESIAN_POINT('',(-27.7899999999886,-4.25,-25.0500000000003));
#7133=CARTESIAN_POINT('',(-27.4364466093953,-4.25,-45.8221825406847));
#7134=CARTESIAN_POINT('Ctrl Pts',(-27.4364466093954,-4.25,-45.8221825406847));
#7135=CARTESIAN_POINT('Ctrl Pts',(-27.5533358915066,-4.25,-45.7052932585735));
#7136=CARTESIAN_POINT('Ctrl Pts',(-27.6697507907615,-4.25,-45.5880327601562));
#7137=CARTESIAN_POINT('Ctrl Pts',(-27.7900000001429,-4.25,-45.4710545675372));
#7138=CARTESIAN_POINT('',(-20.6586291500484,-4.25,-52.6000000000305));
#7139=CARTESIAN_POINT('',(-29.9268145750126,-4.25,-43.3318145750679));
#7140=CARTESIAN_POINT('',(27.7900000000066,-4.25,-52.6000000000307));
#7141=CARTESIAN_POINT('',(14.6450000000089,-4.25,-52.6000000000307));
#7142=CARTESIAN_POINT('',(27.7900000000114,-4.25,42.5999999999999));
#7143=CARTESIAN_POINT('',(27.7900000000102,-4.25,19.0499999999989));
#7144=CARTESIAN_POINT('',(26.79,-4.25,42.6));
#7145=CARTESIAN_POINT('',(13.6450000000057,-4.25,42.6));
#7146=CARTESIAN_POINT('',(26.3585995641732,-4.25,42.1685995641732));
#7147=CARTESIAN_POINT('',(24.7703747276083,-4.25,40.5803747276083));
#7148=CARTESIAN_POINT('',(27.29,-4.25,39.92));
#7149=CARTESIAN_POINT('Origin',(24.11,-4.25,39.92));
#7150=CARTESIAN_POINT('',(27.29,-4.25,25.6));
#7151=CARTESIAN_POINT('',(27.29,-4.25,29.975));
#7152=CARTESIAN_POINT('',(26.99,-4.25,25.6));
#7153=CARTESIAN_POINT('',(13.6450000000057,-4.25,25.6));
#7154=CARTESIAN_POINT('',(26.9899999999886,-4.25,39.92));
#7155=CARTESIAN_POINT('',(26.99,-4.25,17.4599999999948));
#7156=CARTESIAN_POINT('Origin',(24.11,-4.25,39.92));
#7157=CARTESIAN_POINT('Origin',(-14.6449999999886,4.,42.8500000000098));
#7158=CARTESIAN_POINT('',(26.8657359312979,3.75,43.1000000000098));
#7159=CARTESIAN_POINT('',(26.3657359312979,4.25,42.6000000000098));
#7160=CARTESIAN_POINT('',(20.5596572875321,10.0560786437657,36.7939213562441));
#7161=CARTESIAN_POINT('',(-26.3657359312979,4.25,42.6000000000098));
#7162=CARTESIAN_POINT('',(-14.6449999999886,4.25,42.6000000000098));
#7163=CARTESIAN_POINT('',(-26.8657359312979,3.75,43.1000000000098));
#7164=CARTESIAN_POINT('',(-25.441323954195,5.17441197710285,41.675588022907));
#7165=CARTESIAN_POINT('',(-14.6449999999886,3.75,43.1000000000098));
#7166=CARTESIAN_POINT('Origin',(-27.077867965644,0.,43.3121320343559));
#7167=CARTESIAN_POINT('',(-25.9232568171982,4.25,42.1575208859101));
#7168=CARTESIAN_POINT('',(-8.23036796563851,4.25,24.4646320343506));
#7169=CARTESIAN_POINT('',(-25.9232568171982,2.25,42.1575208859101));
#7170=CARTESIAN_POINT('',(-25.9232568171982,0.,42.1575208859101));
#7171=CARTESIAN_POINT('',(-26.8657359312979,2.25,43.1000000000098));
#7172=CARTESIAN_POINT('',(-8.23036796563851,2.25,24.4646320343506));
#7173=CARTESIAN_POINT('',(-26.8657359312979,0.,43.1000000000098));
#7174=CARTESIAN_POINT('Origin',(1.14042109089496E-11,4.25,-5.00000000001045));
#7175=CARTESIAN_POINT('',(25.9232568171982,4.25,42.1575208859101));
#7176=CARTESIAN_POINT('',(8.23036796564421,4.25,24.4646320343563));
#7177=CARTESIAN_POINT('',(26.9899999999886,4.25,39.92));
#7178=CARTESIAN_POINT('Origin',(24.11,4.25,39.92));
#7179=CARTESIAN_POINT('',(26.99,4.25,25.6));
#7180=CARTESIAN_POINT('',(26.99,4.25,17.4599999999948));
#7181=CARTESIAN_POINT('',(27.29,4.25,25.6));
#7182=CARTESIAN_POINT('',(13.6450000000057,4.25,25.6));
#7183=CARTESIAN_POINT('',(27.29,4.25,39.92));
#7184=CARTESIAN_POINT('',(27.29,4.25,37.135));
#7185=CARTESIAN_POINT('',(26.3585995641732,4.25,42.1685995641732));
#7186=CARTESIAN_POINT('Origin',(24.11,4.25,39.92));
#7187=CARTESIAN_POINT('',(26.79,4.25,42.6));
#7188=CARTESIAN_POINT('',(25.2360749455216,4.25,41.0460749455216));
#7189=CARTESIAN_POINT('',(27.7900000000114,4.25,42.6));
#7190=CARTESIAN_POINT('',(13.6450000000057,4.25,42.6));
#7191=CARTESIAN_POINT('',(27.7900000000066,4.25,-52.6000000000306));
#7192=CARTESIAN_POINT('',(27.7900000000102,4.25,19.0499999999989));
#7193=CARTESIAN_POINT('',(-20.6586291500484,4.25,-52.6000000000305));
#7194=CARTESIAN_POINT('',(14.6450000000089,4.25,-52.6000000000307));
#7195=CARTESIAN_POINT('',(-27.4364466093953,4.25,-45.8221825406847));
#7196=CARTESIAN_POINT('',(-29.9268145750126,4.25,-43.3318145750679));
#7197=CARTESIAN_POINT('',(-27.790000000092,4.25,-45.4710545674863));
#7198=CARTESIAN_POINT('Ctrl Pts',(-27.7900000001429,4.25,-45.4710545675372));
#7199=CARTESIAN_POINT('Ctrl Pts',(-27.6697507907615,4.25,-45.5880327601562));
#7200=CARTESIAN_POINT('Ctrl Pts',(-27.5533358915066,4.25,-45.7052932585735));
#7201=CARTESIAN_POINT('Ctrl Pts',(-27.4364466093954,4.25,-45.8221825406847));
#7202=CARTESIAN_POINT('',(-27.7899999999886,4.25,42.6));
#7203=CARTESIAN_POINT('',(-27.7899999999886,4.25,-25.0500000000003));
#7204=CARTESIAN_POINT('',(-26.79,4.25,42.6));
#7205=CARTESIAN_POINT('',(-13.6449999999943,4.25,42.6));
#7206=CARTESIAN_POINT('',(-26.3585995641732,4.25,42.1685995641732));
#7207=CARTESIAN_POINT('',(-25.2360749455216,4.25,41.0460749455216));
#7208=CARTESIAN_POINT('',(-27.29,4.25,39.92));
#7209=CARTESIAN_POINT('Origin',(-24.11,4.25,39.92));
#7210=CARTESIAN_POINT('',(-27.29,4.25,25.6));
#7211=CARTESIAN_POINT('',(-27.29,4.25,37.135));
#7212=CARTESIAN_POINT('',(-26.99,4.25,25.6));
#7213=CARTESIAN_POINT('',(-13.6449999999943,4.25,25.6));
#7214=CARTESIAN_POINT('',(-26.9899999999886,4.25,39.92));
#7215=CARTESIAN_POINT('',(-26.99,4.25,17.4599999999948));
#7216=CARTESIAN_POINT('Origin',(-24.11,4.25,39.92));
#7217=CARTESIAN_POINT('Origin',(13.6450000000057,4.,42.85));
#7218=CARTESIAN_POINT('',(27.29,3.75,43.1));
#7219=CARTESIAN_POINT('',(24.5386998547253,6.50130014527464,40.3486998547253));
#7220=CARTESIAN_POINT('',(27.7900000000114,3.75,43.1));
#7221=CARTESIAN_POINT('',(13.6450000000057,3.75,43.1));
#7222=CARTESIAN_POINT('',(27.7900000000114,3.75,43.1));
#7223=CARTESIAN_POINT('Origin',(27.7900000000114,2.75,42.8499999999999));
#7224=CARTESIAN_POINT('',(28.7900000000114,2.75,43.1));
#7225=CARTESIAN_POINT('',(29.2900000000114,2.75,42.5999999999999));
#7226=CARTESIAN_POINT('',(28.7900000000114,2.75,43.1));
#7227=CARTESIAN_POINT('Origin',(27.7900000000114,2.75,42.5999999999999));
#7228=CARTESIAN_POINT('Origin',(27.7900000000114,2.75,43.1));
#7229=CARTESIAN_POINT('Origin',(29.0400000000057,2.125,42.85));
#7230=CARTESIAN_POINT('',(28.79,-2.75,43.1));
#7231=CARTESIAN_POINT('',(29.2900000000114,-2.75,42.6));
#7232=CARTESIAN_POINT('',(28.79,-2.75,43.1));
#7233=CARTESIAN_POINT('',(29.2900000000114,2.125,42.6));
#7234=CARTESIAN_POINT('',(28.79,2.125,43.1));
#7235=CARTESIAN_POINT('Origin',(27.7900000000114,-2.75,42.8499999999999));
#7236=CARTESIAN_POINT('',(27.7900000000114,-3.75000000000002,43.1));
#7237=CARTESIAN_POINT('',(27.7900000000114,-3.75000000000002,43.1));
#7238=CARTESIAN_POINT('Origin',(27.7900000000114,-2.75,42.5999999999999));
#7239=CARTESIAN_POINT('Origin',(27.7900000000114,-2.75,43.1));
#7240=CARTESIAN_POINT('Origin',(13.6450000000057,-4.,42.85));
#7241=CARTESIAN_POINT('',(27.29,-3.75,43.1));
#7242=CARTESIAN_POINT('',(25.955366521392,-5.08463347860798,41.765366521392));
#7243=CARTESIAN_POINT('',(13.6450000000057,-3.75,43.1));
#7244=CARTESIAN_POINT('Origin',(27.29,4.25,43.1));
#7245=CARTESIAN_POINT('',(27.29,4.25,43.1));
#7246=CARTESIAN_POINT('Origin',(26.3585995641732,4.25,42.1685995641732));
#7247=CARTESIAN_POINT('',(26.3585995641732,4.25,42.1685995641732));
#7248=CARTESIAN_POINT('Origin',(-13.6449999999943,4.,42.85));
#7249=CARTESIAN_POINT('',(-27.29,3.75,43.1));
#7250=CARTESIAN_POINT('',(-24.5386998547234,6.50130014527654,40.3486998547234));
#7251=CARTESIAN_POINT('',(-27.7899999999886,3.75,43.1));
#7252=CARTESIAN_POINT('',(-27.7899999999886,4.25,42.6));
#7253=CARTESIAN_POINT('',(-13.6449999999943,3.75,43.1));
#7254=CARTESIAN_POINT('Origin',(-27.7899999999886,2.75,42.85));
#7255=CARTESIAN_POINT('',(-29.2899999999886,2.75,42.6));
#7256=CARTESIAN_POINT('Origin',(-27.7899999999886,2.75,42.6));
#7257=CARTESIAN_POINT('',(-28.7899999999886,2.75,43.1));
#7258=CARTESIAN_POINT('',(-29.2899999999886,2.75,42.6));
#7259=CARTESIAN_POINT('Origin',(-27.7899999999886,2.75,43.1));
#7260=CARTESIAN_POINT('Origin',(-29.0399999999943,2.125,42.85));
#7261=CARTESIAN_POINT('',(-29.2899999999886,-2.75,42.6));
#7262=CARTESIAN_POINT('',(-28.79,-2.75,43.1));
#7263=CARTESIAN_POINT('',(-29.2899999999886,-2.75,42.6));
#7264=CARTESIAN_POINT('',(-28.79,2.125,43.1));
#7265=CARTESIAN_POINT('',(-29.2899999999886,2.125,42.6));
#7266=CARTESIAN_POINT('Origin',(-27.7899999999886,-2.75,42.85));
#7267=CARTESIAN_POINT('Origin',(-27.7899999999886,-2.75,42.6));
#7268=CARTESIAN_POINT('',(-27.7899999999886,-3.75,43.1));
#7269=CARTESIAN_POINT('',(-27.7899999999886,-4.25,42.6));
#7270=CARTESIAN_POINT('Origin',(-27.7899999999886,-2.75,43.1));
#7271=CARTESIAN_POINT('Origin',(-13.6449999999943,-4.,42.85));
#7272=CARTESIAN_POINT('',(-27.29,-3.75,43.1));
#7273=CARTESIAN_POINT('',(-25.9553665213901,-5.08463347860988,41.7653665213901));
#7274=CARTESIAN_POINT('',(-13.6449999999943,-3.75,43.1));
#7275=CARTESIAN_POINT('Origin',(-27.7899999999886,-2.75,-25.0500000000003));
#7276=CARTESIAN_POINT('',(-29.2899999999886,-2.75,-44.1757359312783));
#7277=CARTESIAN_POINT('',(-29.2899999999886,-2.75,-25.0500000000003));
#7278=CARTESIAN_POINT('Ctrl Pts',(-27.7900000001382,-4.25,-45.4710545675418));
#7279=CARTESIAN_POINT('Ctrl Pts',(-28.1829856308181,-4.2499999999608,-45.0887589246916));
#7280=CARTESIAN_POINT('Ctrl Pts',(-28.757948344002,-4.03233455641154,-44.5858861826392));
#7281=CARTESIAN_POINT('Ctrl Pts',(-29.2146969865254,-3.32144349942654,-44.2320026013136));
#7282=CARTESIAN_POINT('Ctrl Pts',(-29.2899999999886,-2.94100253751078,-44.1757359312783));
#7283=CARTESIAN_POINT('Ctrl Pts',(-29.2899999999886,-2.75,-44.1757359312783));
#7284=CARTESIAN_POINT('Origin',(-29.2899999999886,0.,-45.0999999999902));
#7285=CARTESIAN_POINT('',(-29.2899999999886,2.75,-44.1757359312783));
#7286=CARTESIAN_POINT('',(-29.2899999999886,2.75,-25.0500000000003));
#7287=CARTESIAN_POINT('',(-29.2899999999886,0.,-44.1757359312783));
#7288=CARTESIAN_POINT('Origin',(-27.7899999999886,2.75,-25.0500000000003));
#7289=CARTESIAN_POINT('Ctrl Pts',(-29.2899999999886,2.75,-44.1757359312783));
#7290=CARTESIAN_POINT('Ctrl Pts',(-29.2899999999886,3.00467005001437,-44.1757359312783));
#7291=CARTESIAN_POINT('Ctrl Pts',(-29.1515519834966,3.50783191038875,-44.2777586747246));
#7292=CARTESIAN_POINT('Ctrl Pts',(-28.594962343448,4.1036380311063,-44.7231090348765));
#7293=CARTESIAN_POINT('Ctrl Pts',(-28.0847392231481,4.2499999999706,-45.1843328354041));
#7294=CARTESIAN_POINT('Ctrl Pts',(-27.7900000001382,4.25,-45.4710545675418));
#7295=CARTESIAN_POINT('Origin',(-30.1035912703092,4.,-43.5085912703646));
#7296=CARTESIAN_POINT('',(-20.8657359312349,3.75,-53.1000000000305));
#7297=CARTESIAN_POINT('',(-27.7899999999886,3.75,-46.175735931278));
#7298=CARTESIAN_POINT('',(-30.2803679656059,3.75,-43.6853679656612));
#7299=CARTESIAN_POINT('',(-27.7899999999886,3.75,-46.175735931278));
#7300=CARTESIAN_POINT('',(-20.6586291500484,4.25,-52.6000000000305));
#7301=CARTESIAN_POINT('Origin',(14.6450000000089,-4.,-52.8500000000307));
#7302=CARTESIAN_POINT('',(-20.8657359312349,-3.75,-53.1000000000305));
#7303=CARTESIAN_POINT('',(27.7900000000066,-3.75,-53.1000000000307));
#7304=CARTESIAN_POINT('',(14.6450000000089,-3.75,-53.1000000000307));
#7305=CARTESIAN_POINT('',(27.7900000000066,-3.75,-53.1000000000307));
#7306=CARTESIAN_POINT('',(-20.6586291500484,-4.25,-52.6000000000305));
#7307=CARTESIAN_POINT('Origin',(27.7900000000066,-2.75,-52.8500000000307));
#7308=CARTESIAN_POINT('',(28.7900000000066,-2.75,-53.1000000000307));
#7309=CARTESIAN_POINT('',(29.2900000000066,-2.75,-52.6000000000306));
#7310=CARTESIAN_POINT('',(28.7900000000066,-2.75,-53.1000000000307));
#7311=CARTESIAN_POINT('Origin',(27.7900000000066,-2.75,-52.6000000000306));
#7312=CARTESIAN_POINT('Origin',(27.7900000000066,-2.75,-53.1000000000307));
#7313=CARTESIAN_POINT('Origin',(29.0400000000066,0.,-52.8500000000307));
#7314=CARTESIAN_POINT('',(28.7900000000066,2.75,-53.1000000000307));
#7315=CARTESIAN_POINT('',(28.7900000000066,0.,-53.1000000000307));
#7316=CARTESIAN_POINT('',(29.2900000000066,2.75,-52.6000000000307));
#7317=CARTESIAN_POINT('',(28.7900000000066,2.75,-53.1000000000307));
#7318=CARTESIAN_POINT('',(29.2900000000066,0.,-52.6000000000307));
#7319=CARTESIAN_POINT('Origin',(27.7900000000066,2.75,-52.8500000000307));
#7320=CARTESIAN_POINT('',(27.7900000000066,3.74999999999999,-53.1000000000307));
#7321=CARTESIAN_POINT('',(27.7900000000066,3.74999999999999,-53.1000000000307));
#7322=CARTESIAN_POINT('Origin',(27.7900000000066,2.75,-52.6000000000306));
#7323=CARTESIAN_POINT('Origin',(27.7900000000066,2.75,-53.1000000000307));
#7324=CARTESIAN_POINT('Origin',(14.6450000000089,4.,-52.8500000000307));
#7325=CARTESIAN_POINT('',(14.6450000000089,3.75,-53.1000000000307));
#7326=CARTESIAN_POINT('Origin',(-30.1035912703092,-4.,-43.5085912703646));
#7327=CARTESIAN_POINT('',(-27.7899999999886,-3.75,-46.175735931278));
#7328=CARTESIAN_POINT('',(-27.4364466093953,-4.25,-45.8221825406847));
#7329=CARTESIAN_POINT('',(-30.2803679656059,-3.75,-43.6853679656612));
#7330=CARTESIAN_POINT('Ctrl Pts',(-29.2899999999886,-2.75,-44.1757359312783));
#7331=CARTESIAN_POINT('Ctrl Pts',(-29.2899999999886,-2.94100253751078,-44.1757359312783));
#7332=CARTESIAN_POINT('Ctrl Pts',(-29.2146969865254,-3.32144349942654,-44.2320026013136));
#7333=CARTESIAN_POINT('Ctrl Pts',(-28.757948344002,-4.03233455641154,-44.5858861826392));
#7334=CARTESIAN_POINT('Ctrl Pts',(-28.1829856308181,-4.2499999999608,-45.0887589246916));
#7335=CARTESIAN_POINT('Ctrl Pts',(-27.7900000001382,-4.25,-45.4710545675418));
#7336=CARTESIAN_POINT('Ctrl Pts',(-29.1721488697908,-2.75,-44.4602537281427));
#7337=CARTESIAN_POINT('Ctrl Pts',(-29.1721488697908,-2.9025757944686,-44.4602537281427));
#7338=CARTESIAN_POINT('Ctrl Pts',(-29.1147656514885,-3.20663477159648,-44.5049460508265));
#7339=CARTESIAN_POINT('Ctrl Pts',(-28.7540139850335,-3.81109610285975,-44.7971210098162));
#7340=CARTESIAN_POINT('Ctrl Pts',(-28.2506153465579,-4.04766928509805,-45.2524596675374));
#7341=CARTESIAN_POINT('Ctrl Pts',(-27.8862585736454,-4.07204605361515,-45.6096897818969));
#7342=CARTESIAN_POINT('Ctrl Pts',(-29.0542977395931,-2.75,-44.7447715250071));
#7343=CARTESIAN_POINT('Ctrl Pts',(-29.0542977395931,-2.86414905142642,-44.7447715250071));
#7344=CARTESIAN_POINT('Ctrl Pts',(-29.0148343164516,-3.09182604376642,-44.7778895003393));
#7345=CARTESIAN_POINT('Ctrl Pts',(-28.750079626065,-3.58985764930797,-45.0083558369933));
#7346=CARTESIAN_POINT('Ctrl Pts',(-28.3182450622977,-3.8453385702353,-45.4161604103833));
#7347=CARTESIAN_POINT('Ctrl Pts',(-27.9825171471525,-3.89409210723031,-45.748324996252));
#7348=CARTESIAN_POINT('Ctrl Pts',(-28.9364466093953,-2.75,-45.0292893218716));
#7349=CARTESIAN_POINT('Ctrl Pts',(-28.9364466093953,-2.82572230838424,-45.0292893218716));
#7350=CARTESIAN_POINT('Ctrl Pts',(-28.9149029814147,-2.97701731593636,-45.0508329498522));
#7351=CARTESIAN_POINT('Ctrl Pts',(-28.7461452670965,-3.36861919575618,-45.2195906641703));
#7352=CARTESIAN_POINT('Ctrl Pts',(-28.3858747780376,-3.64300785537256,-45.5798611532292));
#7353=CARTESIAN_POINT('Ctrl Pts',(-28.0787757206597,-3.71613816084546,-45.886960210607));
#7354=CARTESIAN_POINT('',(-28.0787757206628,-3.71613816084471,-45.8869602106039));
#7355=CARTESIAN_POINT('',(-28.0787757206628,-3.71613816084471,-45.8869602106039));
#7356=CARTESIAN_POINT('',(-28.9364466093953,-2.75,-45.0292893218716));
#7357=CARTESIAN_POINT('',(-29.2899999999886,-2.75,-44.1757359312783));
#7358=CARTESIAN_POINT('Ctrl Pts',(-28.9364466093953,-2.75,-45.0292893218716));
#7359=CARTESIAN_POINT('Ctrl Pts',(-28.9364466093953,-2.82572230838424,-45.0292893218716));
#7360=CARTESIAN_POINT('Ctrl Pts',(-28.9149029814147,-2.97701731593636,-45.0508329498522));
#7361=CARTESIAN_POINT('Ctrl Pts',(-28.7461452670965,-3.36861919575618,-45.2195906641703));
#7362=CARTESIAN_POINT('Ctrl Pts',(-28.3858747780376,-3.64300785537256,-45.5798611532292));
#7363=CARTESIAN_POINT('Ctrl Pts',(-28.0787757206597,-3.71613816084546,-45.886960210607));
#7364=CARTESIAN_POINT('Origin',(-29.1132233046919,0.,-44.6025126265749));
#7365=CARTESIAN_POINT('',(-28.9364466093953,2.75,-45.0292893218715));
#7366=CARTESIAN_POINT('',(-29.2899999999886,2.75,-44.1757359312783));
#7367=CARTESIAN_POINT('',(-28.9364466093953,0.,-45.0292893218715));
#7368=CARTESIAN_POINT('Ctrl Pts',(-27.7900000001382,4.25,-45.4710545675418));
#7369=CARTESIAN_POINT('Ctrl Pts',(-28.0847392231481,4.2499999999706,-45.1843328354041));
#7370=CARTESIAN_POINT('Ctrl Pts',(-28.594962343448,4.1036380311063,-44.7231090348765));
#7371=CARTESIAN_POINT('Ctrl Pts',(-29.1515519834966,3.50783191038875,-44.2777586747246));
#7372=CARTESIAN_POINT('Ctrl Pts',(-29.2899999999886,3.00467005001437,-44.1757359312783));
#7373=CARTESIAN_POINT('Ctrl Pts',(-29.2899999999886,2.75,-44.1757359312783));
#7374=CARTESIAN_POINT('Ctrl Pts',(-27.8862585736454,4.07204605361515,-45.6096897818969));
#7375=CARTESIAN_POINT('Ctrl Pts',(-28.1595261533298,4.05376347722733,-45.3417671961273));
#7376=CARTESIAN_POINT('Ctrl Pts',(-28.6152628104729,3.88731673031308,-44.9186967521657));
#7377=CARTESIAN_POINT('Ctrl Pts',(-29.0679610662282,3.3574120733417,-44.5401580163415));
#7378=CARTESIAN_POINT('Ctrl Pts',(-29.1721488697908,2.9534343926248,-44.4602537281427));
#7379=CARTESIAN_POINT('Ctrl Pts',(-29.1721488697908,2.75,-44.4602537281427));
#7380=CARTESIAN_POINT('Ctrl Pts',(-27.9825171471525,3.89409210723031,-45.748324996252));
#7381=CARTESIAN_POINT('Ctrl Pts',(-28.2343130835114,3.85752695448406,-45.4992015568505));
#7382=CARTESIAN_POINT('Ctrl Pts',(-28.6355632774978,3.67099542951987,-45.1142844694549));
#7383=CARTESIAN_POINT('Ctrl Pts',(-28.98437014896,3.20699223629465,-44.8025573579583));
#7384=CARTESIAN_POINT('Ctrl Pts',(-29.0542977395931,2.90219873523522,-44.7447715250071));
#7385=CARTESIAN_POINT('Ctrl Pts',(-29.0542977395931,2.75,-44.7447715250071));
#7386=CARTESIAN_POINT('Ctrl Pts',(-28.0787757206597,3.71613816084546,-45.886960210607));
#7387=CARTESIAN_POINT('Ctrl Pts',(-28.3091000136931,3.66129043174078,-45.6566359175736));
#7388=CARTESIAN_POINT('Ctrl Pts',(-28.6558637445227,3.45467412872665,-45.3098721867441));
#7389=CARTESIAN_POINT('Ctrl Pts',(-28.9007792316917,3.0565723992476,-45.0649566995752));
#7390=CARTESIAN_POINT('Ctrl Pts',(-28.9364466093953,2.85096307784565,-45.0292893218716));
#7391=CARTESIAN_POINT('Ctrl Pts',(-28.9364466093953,2.75,-45.0292893218716));
#7392=CARTESIAN_POINT('',(-28.0787757206628,3.71613816084471,-45.8869602106039));
#7393=CARTESIAN_POINT('',(-27.790000000092,4.25,-45.4710545674863));
#7394=CARTESIAN_POINT('Ctrl Pts',(-28.0787757206597,3.71613816084546,-45.886960210607));
#7395=CARTESIAN_POINT('Ctrl Pts',(-28.3091000136931,3.66129043174078,-45.6566359175736));
#7396=CARTESIAN_POINT('Ctrl Pts',(-28.6558637445227,3.45467412872665,-45.3098721867441));
#7397=CARTESIAN_POINT('Ctrl Pts',(-28.9007792316917,3.0565723992476,-45.0649566995752));
#7398=CARTESIAN_POINT('Ctrl Pts',(-28.9364466093953,2.85096307784565,-45.0292893218716));
#7399=CARTESIAN_POINT('Ctrl Pts',(-28.9364466093953,2.75,-45.0292893218716));
#7400=CARTESIAN_POINT('Ctrl Pts',(-27.7899999999886,-3.75,-46.175735931278));
#7401=CARTESIAN_POINT('Ctrl Pts',(-27.8874077350813,-3.75,-46.0783281961854));
#7402=CARTESIAN_POINT('Ctrl Pts',(-27.9848068424963,-3.73851521671728,-45.9809290887704));
#7403=CARTESIAN_POINT('Ctrl Pts',(-28.0787757206633,-3.71613816084458,-45.8869602106034));
#7404=CARTESIAN_POINT('Ctrl Pts',(-27.6721488697908,-3.91666666666667,-46.0578848010803));
#7405=CARTESIAN_POINT('Ctrl Pts',(-27.7760504538897,-3.91666666666667,-45.9539832169814));
#7406=CARTESIAN_POINT('Ctrl Pts',(-27.8797881585847,-3.90901014447818,-45.849963645899));
#7407=CARTESIAN_POINT('Ctrl Pts',(-27.9825171471565,-3.89409210722972,-45.748324996248));
#7408=CARTESIAN_POINT('Ctrl Pts',(-27.5542977395931,-4.08333333333333,-45.9400336708825));
#7409=CARTESIAN_POINT('Ctrl Pts',(-27.6646931726981,-4.08333333333333,-45.8296382377775));
#7410=CARTESIAN_POINT('Ctrl Pts',(-27.7747694746731,-4.07950507223909,-45.7189982030276));
#7411=CARTESIAN_POINT('Ctrl Pts',(-27.8862585736497,-4.07204605361486,-45.6096897818926));
#7412=CARTESIAN_POINT('Ctrl Pts',(-27.4364466093954,-4.25,-45.8221825406847));
#7413=CARTESIAN_POINT('Ctrl Pts',(-27.5533358915066,-4.25,-45.7052932585735));
#7414=CARTESIAN_POINT('Ctrl Pts',(-27.6697507907615,-4.25,-45.5880327601562));
#7415=CARTESIAN_POINT('Ctrl Pts',(-27.7900000001429,-4.25,-45.4710545675372));
#7416=CARTESIAN_POINT('Ctrl Pts',(-28.0787757206633,-3.71613816084458,-45.8869602106034));
#7417=CARTESIAN_POINT('Ctrl Pts',(-27.9848068424963,-3.73851521671728,-45.9809290887704));
#7418=CARTESIAN_POINT('Ctrl Pts',(-27.8874077350813,-3.75,-46.0783281961854));
#7419=CARTESIAN_POINT('Ctrl Pts',(-27.7899999999886,-3.75,-46.175735931278));
#7420=CARTESIAN_POINT('Ctrl Pts',(-28.0787757206633,3.71613816084458,-45.8869602106034));
#7421=CARTESIAN_POINT('Ctrl Pts',(-27.9848068424963,3.73851521671728,-45.9809290887704));
#7422=CARTESIAN_POINT('Ctrl Pts',(-27.8874077350813,3.75,-46.0783281961854));
#7423=CARTESIAN_POINT('Ctrl Pts',(-27.7899999999886,3.75,-46.175735931278));
#7424=CARTESIAN_POINT('Ctrl Pts',(-27.9825171471565,3.89409210722972,-45.748324996248));
#7425=CARTESIAN_POINT('Ctrl Pts',(-27.8797881585847,3.90901014447818,-45.849963645899));
#7426=CARTESIAN_POINT('Ctrl Pts',(-27.7760504538897,3.91666666666667,-45.9539832169814));
#7427=CARTESIAN_POINT('Ctrl Pts',(-27.6721488697908,3.91666666666667,-46.0578848010803));
#7428=CARTESIAN_POINT('Ctrl Pts',(-27.8862585736497,4.07204605361486,-45.6096897818926));
#7429=CARTESIAN_POINT('Ctrl Pts',(-27.7747694746731,4.07950507223909,-45.7189982030276));
#7430=CARTESIAN_POINT('Ctrl Pts',(-27.6646931726981,4.08333333333333,-45.8296382377775));
#7431=CARTESIAN_POINT('Ctrl Pts',(-27.5542977395931,4.08333333333333,-45.9400336708825));
#7432=CARTESIAN_POINT('Ctrl Pts',(-27.7900000001429,4.25,-45.4710545675372));
#7433=CARTESIAN_POINT('Ctrl Pts',(-27.6697507907615,4.25,-45.5880327601562));
#7434=CARTESIAN_POINT('Ctrl Pts',(-27.5533358915066,4.25,-45.7052932585735));
#7435=CARTESIAN_POINT('Ctrl Pts',(-27.4364466093954,4.25,-45.8221825406847));
#7436=CARTESIAN_POINT('Ctrl Pts',(-27.7899999999886,3.75,-46.175735931278));
#7437=CARTESIAN_POINT('Ctrl Pts',(-27.8874077350813,3.75,-46.0783281961854));
#7438=CARTESIAN_POINT('Ctrl Pts',(-27.9848068424963,3.73851521671728,-45.9809290887704));
#7439=CARTESIAN_POINT('Ctrl Pts',(-28.0787757206633,3.71613816084458,-45.8869602106034));
#7440=CARTESIAN_POINT('Origin',(29.2900000000066,0.,-53.1000000000307));
#7441=CARTESIAN_POINT('',(-20.8657359312349,-2.55,-53.1000000000305));
#7442=CARTESIAN_POINT('',(-20.8657359312349,0.,-53.1000000000305));
#7443=CARTESIAN_POINT('',(7.69157646127463,-2.55,-53.1000000000306));
#7444=CARTESIAN_POINT('',(24.4971067811522,0.,-53.1000000000307));
#7445=CARTESIAN_POINT('',(-20.8657359312349,0.,-53.1000000000305));
#7446=CARTESIAN_POINT('Origin',(24.4971067811522,0.,-52.6000000000307));
#7447=CARTESIAN_POINT('',(24.143553390559,0.,-52.2464466094374));
#7448=CARTESIAN_POINT('Origin',(23.2899999999657,0.,-53.1000000000307));
#7449=CARTESIAN_POINT('',(27.2899999999705,2.25,-49.1000000000259));
#7450=CARTESIAN_POINT('',(27.2899999999705,0.,-49.1000000000259));
#7451=CARTESIAN_POINT('',(23.2899999999657,2.25,-53.1000000000307));
#7452=CARTESIAN_POINT('Origin',(-16.4569047557447,0.,-43.5999999999982));
#7453=CARTESIAN_POINT('',(-16.4569047557443,2.25,-43.0999999999982));
#7454=CARTESIAN_POINT('Origin',(-16.4569047557447,2.25,-43.5999999999982));
#7455=CARTESIAN_POINT('',(-16.4569047557443,0.,-43.0999999999982));
#7456=CARTESIAN_POINT('Origin',(27.7900000000102,-2.75,19.0499999999989));
#7457=CARTESIAN_POINT('',(29.2900000000102,-2.75,19.0499999999988));
#7458=CARTESIAN_POINT('Origin',(27.7900000000102,2.75,19.0499999999989));
#7459=CARTESIAN_POINT('',(29.2900000000102,2.75,19.0499999999988));
#7460=CARTESIAN_POINT('Origin',(-26.0778679655918,0.,-47.8878679656745));
#7461=CARTESIAN_POINT('',(-26.1657359312359,-2.55,-47.8000000000305));
#7462=CARTESIAN_POINT('',(-26.1657359312359,0.,-47.8000000000305));
#7463=CARTESIAN_POINT('',(-24.0821380851396,-2.55,-49.8835978461263));
#7464=CARTESIAN_POINT('Origin',(-27.29,4.25,43.1));
#7465=CARTESIAN_POINT('',(-27.29,4.25,43.1));
#7466=CARTESIAN_POINT('Origin',(-18.7899999999469,-2.05,-50.6000000000305));
#7467=CARTESIAN_POINT('',(-20.2899999999469,-2.55,-50.6000000000305));
#7468=CARTESIAN_POINT('Origin',(-18.7899999999469,-2.55,-50.6000000000305));
#7469=CARTESIAN_POINT('',(-19.2899999999469,-1.55,-50.6000000000305));
#7470=CARTESIAN_POINT('',(-19.7899999999469,-2.05,-50.6000000000305));
#7471=CARTESIAN_POINT('Origin',(-18.7899999999469,-1.55,-50.6000000000305));
#7472=CARTESIAN_POINT('Origin',(-18.7899999999469,-1.55,-50.6000000000305));
#7473=CARTESIAN_POINT('Origin',(-18.7899999999469,2.05,-50.6000000000305));
#7474=CARTESIAN_POINT('',(-19.2899999999469,1.55,-50.6000000000305));
#7475=CARTESIAN_POINT('Origin',(-18.7899999999469,1.55,-50.6000000000305));
#7476=CARTESIAN_POINT('',(-19.7899999999469,2.05,-50.6000000000305));
#7477=CARTESIAN_POINT('Origin',(-18.7899999999469,1.55,-50.6000000000305));
#7478=CARTESIAN_POINT('Origin',(-13.9068470774573,-2.55,-43.6997665993466));
#7479=CARTESIAN_POINT('',(-16.8661904916685,-2.55,-47.8000000000305));
#7480=CARTESIAN_POINT('Origin',(-17.884903320074,2.25,-38.6640375336475));
#7481=CARTESIAN_POINT('',(-4.9976681066434,2.25,-25.7768023202169));
#7482=CARTESIAN_POINT('Origin',(24.11,4.25,39.92));
#7483=CARTESIAN_POINT('',(27.29,4.25,39.92));
#7484=CARTESIAN_POINT('Origin',(27.29,0.,25.6));
#7485=CARTESIAN_POINT('',(27.2899999999106,2.25,25.6));
#7486=CARTESIAN_POINT('',(27.29,2.125,25.6));
#7487=CARTESIAN_POINT('',(26.99,2.25,25.6));
#7488=CARTESIAN_POINT('',(26.99,0.,25.6));
#7489=CARTESIAN_POINT('',(13.6450000000057,2.25,25.6));
#7490=CARTESIAN_POINT('Origin',(27.29,0.,25.6));
#7491=CARTESIAN_POINT('',(27.29,2.125,25.6));
#7492=CARTESIAN_POINT('',(26.99,0.,25.6));
#7493=CARTESIAN_POINT('Origin',(26.99,0.,39.92));
#7494=CARTESIAN_POINT('',(26.9899999999886,2.25,39.92));
#7495=CARTESIAN_POINT('',(26.99,2.25,17.4599999999948));
#7496=CARTESIAN_POINT('',(26.9899999999886,0.,39.92));
#7497=CARTESIAN_POINT('Origin',(24.11,0.,39.92));
#7498=CARTESIAN_POINT('',(25.9232568171982,2.25,42.1575208859101));
#7499=CARTESIAN_POINT('Origin',(24.11,2.25,39.92));
#7500=CARTESIAN_POINT('',(25.9232568171982,0.,42.1575208859101));
#7501=CARTESIAN_POINT('Origin',(24.11,0.,39.92));
#7502=CARTESIAN_POINT('',(26.9899999999886,0.,39.92));
#7503=CARTESIAN_POINT('Origin',(27.077867965644,0.,43.3121320343559));
#7504=CARTESIAN_POINT('',(26.8657359312979,2.25,43.1000000000098));
#7505=CARTESIAN_POINT('',(26.8657359312979,0.,43.1000000000098));
#7506=CARTESIAN_POINT('',(8.23036796564421,2.25,24.4646320343563));
#7507=CARTESIAN_POINT('Origin',(26.99,0.,39.92));
#7508=CARTESIAN_POINT('Origin',(27.2899999999706,0.,-49.1000000000259));
#7509=CARTESIAN_POINT('',(27.2899999999658,2.25,-43.1000000000305));
#7510=CARTESIAN_POINT('Origin',(-29.2899999999886,0.,43.1000000000098));
#7511=CARTESIAN_POINT('',(-14.6449999999886,2.25,43.1000000000098));
#7512=CARTESIAN_POINT('Origin',(-29.2899999999886,0.,43.1000000000098));
#7513=CARTESIAN_POINT('',(-26.8657359312979,0.,43.1000000000098));
#7514=CARTESIAN_POINT('Origin',(1.14019904629004E-11,2.25,-5.00000000001045));
#7515=CARTESIAN_POINT('',(-26.9899999999886,2.25,39.92));
#7516=CARTESIAN_POINT('Origin',(-24.11,2.25,39.92));
#7517=CARTESIAN_POINT('',(-26.99,2.25,25.6));
#7518=CARTESIAN_POINT('',(-26.99,2.25,17.4599999999948));
#7519=CARTESIAN_POINT('',(-27.2899999999886,2.25,25.6));
#7520=CARTESIAN_POINT('',(-13.6449999999943,2.25,25.6));
#7521=CARTESIAN_POINT('',(-27.2899999999886,2.25,-43.0999999999902));
#7522=CARTESIAN_POINT('',(-27.2899999999886,2.25,-43.0999999999902));
#7523=CARTESIAN_POINT('',(27.2899999999658,2.25,-43.1000000000305));
#7524=CARTESIAN_POINT('Origin',(-26.3585995641732,4.25,42.1685995641732));
#7525=CARTESIAN_POINT('',(-26.3585995641732,4.25,42.1685995641732));
#7526=CARTESIAN_POINT('Origin',(-24.11,4.25,39.92));
#7527=CARTESIAN_POINT('',(-27.29,4.25,39.92));
#7528=CARTESIAN_POINT('Origin',(-27.29,0.,25.6));
#7529=CARTESIAN_POINT('',(-27.29,2.125,25.6));
#7530=CARTESIAN_POINT('',(-26.99,0.,25.6));
#7531=CARTESIAN_POINT('Origin',(-26.99,0.,39.92));
#7532=CARTESIAN_POINT('',(-26.9899999999886,0.,39.92));
#7533=CARTESIAN_POINT('Origin',(-26.99,0.,39.92));
#7534=CARTESIAN_POINT('',(-26.99,0.,25.6));
#7535=CARTESIAN_POINT('',(-26.9899999999886,0.,39.92));
#7536=CARTESIAN_POINT('Origin',(-24.11,0.,39.92));
#7537=CARTESIAN_POINT('Origin',(-24.11,0.,39.92));
#7538=CARTESIAN_POINT('',(-25.9232568171982,0.,42.1575208859101));
#7539=CARTESIAN_POINT('Origin',(-27.077867965644,0.,43.3121320343559));
#7540=CARTESIAN_POINT('Origin',(-27.29,0.,25.6));
#7541=CARTESIAN_POINT('',(-27.29,2.125,25.6));
#7542=CARTESIAN_POINT('Origin',(29.2900000000114,0.,43.1000000000096));
#7543=CARTESIAN_POINT('Origin',(-19.8255339058796,0.,-47.8000000000305));
#7544=CARTESIAN_POINT('Origin',(-27.2899999999886,0.,-43.0999999999902));
#7545=CARTESIAN_POINT('',(-27.2899999999886,0.,-43.0999999999902));
#7546=CARTESIAN_POINT('Origin',(-27.2899999999886,0.,43.1000000000098));
#7547=CARTESIAN_POINT('',(-2.1538326677728E-14,0.,-5.75373082511987E-14));
#7548=CARTESIAN_POINT('',(0.,0.,0.));
#7549=UNCERTAINTY_MEASURE_WITH_UNIT(LENGTH_MEASURE(0.01),#7557,
'DISTANCE_ACCURACY_VALUE',
'Maximum model space distance between geometric entities at asserted c
onnectivities');
#7550=UNCERTAINTY_MEASURE_WITH_UNIT(LENGTH_MEASURE(0.01),#7557,
'DISTANCE_ACCURACY_VALUE',
'Maximum model space distance between geometric entities at asserted c
onnectivities');
#7551=UNCERTAINTY_MEASURE_WITH_UNIT(LENGTH_MEASURE(0.01),#7557,
'DISTANCE_ACCURACY_VALUE',
'Maximum model space distance between geometric entities at asserted c
onnectivities');
#7552=UNCERTAINTY_MEASURE_WITH_UNIT(LENGTH_MEASURE(0.01),#7557,
'DISTANCE_ACCURACY_VALUE',
'Maximum model space distance between geometric entities at asserted c
onnectivities');
#7553=(
GEOMETRIC_REPRESENTATION_CONTEXT(3)
GLOBAL_UNCERTAINTY_ASSIGNED_CONTEXT((#7549))
GLOBAL_UNIT_ASSIGNED_CONTEXT((#7557,#7559,#7560))
REPRESENTATION_CONTEXT('','3D')
);
#7554=(
GEOMETRIC_REPRESENTATION_CONTEXT(3)
GLOBAL_UNCERTAINTY_ASSIGNED_CONTEXT((#7550))
GLOBAL_UNIT_ASSIGNED_CONTEXT((#7557,#7559,#7560))
REPRESENTATION_CONTEXT('','3D')
);
#7555=(
GEOMETRIC_REPRESENTATION_CONTEXT(3)
GLOBAL_UNCERTAINTY_ASSIGNED_CONTEXT((#7551))
GLOBAL_UNIT_ASSIGNED_CONTEXT((#7557,#7559,#7560))
REPRESENTATION_CONTEXT('','3D')
);
#7556=(
GEOMETRIC_REPRESENTATION_CONTEXT(3)
GLOBAL_UNCERTAINTY_ASSIGNED_CONTEXT((#7552))
GLOBAL_UNIT_ASSIGNED_CONTEXT((#7557,#7559,#7560))
REPRESENTATION_CONTEXT('','3D')
);
#7557=(
LENGTH_UNIT()
NAMED_UNIT(*)
SI_UNIT(.MILLI.,.METRE.)
);
#7558=(
LENGTH_UNIT()
NAMED_UNIT(*)
SI_UNIT($,.METRE.)
);
#7559=(
NAMED_UNIT(*)
PLANE_ANGLE_UNIT()
SI_UNIT($,.RADIAN.)
);
#7560=(
NAMED_UNIT(*)
SI_UNIT($,.STERADIAN.)
SOLID_ANGLE_UNIT()
);
#7561=SHAPE_DEFINITION_REPRESENTATION(#7564,#7569);
#7562=SHAPE_DEFINITION_REPRESENTATION(#7565,#7570);
#7563=SHAPE_DEFINITION_REPRESENTATION(#7566,#7571);
#7564=PRODUCT_DEFINITION_SHAPE('',$,#7573);
#7565=PRODUCT_DEFINITION_SHAPE('',$,#7574);
#7566=PRODUCT_DEFINITION_SHAPE('',$,#7575);
#7567=PRODUCT_DEFINITION_SHAPE($,$,#17);
#7568=PRODUCT_DEFINITION_SHAPE($,$,#18);
#7569=SHAPE_REPRESENTATION('',(#4589,#4925,#4926),#7553);
#7570=SHAPE_REPRESENTATION('',(#4590),#7554);
#7571=SHAPE_REPRESENTATION('',(#4684),#7555);
#7572=PRODUCT_DEFINITION_CONTEXT('part definition',#7583,'design');
#7573=PRODUCT_DEFINITION('Pop-Up Wallet','Pop-Up Wallet v28',#7576,#7572);
#7574=PRODUCT_DEFINITION('lever','lever',#7577,#7572);
#7575=PRODUCT_DEFINITION('main','main',#7578,#7572);
#7576=PRODUCT_DEFINITION_FORMATION('',$,#7585);
#7577=PRODUCT_DEFINITION_FORMATION('',$,#7586);
#7578=PRODUCT_DEFINITION_FORMATION('',$,#7587);
#7579=PRODUCT_RELATED_PRODUCT_CATEGORY('Pop-Up Wallet v28',
'Pop-Up Wallet v28',(#7585));
#7580=PRODUCT_RELATED_PRODUCT_CATEGORY('lever','lever',(#7586));
#7581=PRODUCT_RELATED_PRODUCT_CATEGORY('main','main',(#7587));
#7582=APPLICATION_PROTOCOL_DEFINITION('international standard',
'automotive_design',2009,#7583);
#7583=APPLICATION_CONTEXT(
'Core Data for Automotive Mechanical Design Process');
#7584=PRODUCT_CONTEXT('part definition',#7583,'mechanical');
#7585=PRODUCT('Pop-Up Wallet','Pop-Up Wallet v28',$,(#7584));
#7586=PRODUCT('lever','lever',$,(#7584));
#7587=PRODUCT('main','main',$,(#7584));
#7588=PRESENTATION_STYLE_ASSIGNMENT((#7589));
#7589=SURFACE_STYLE_USAGE(.BOTH.,#7590);
#7590=SURFACE_SIDE_STYLE('',(#7591));
#7591=SURFACE_STYLE_FILL_AREA(#7592);
#7592=FILL_AREA_STYLE('Steel - Satin',(#7593));
#7593=FILL_AREA_STYLE_COLOUR('Steel - Satin',#7594);
#7594=COLOUR_RGB('Steel - Satin',0.627450980392157,0.627450980392157,0.627450980392157);
ENDSEC;
END-ISO-10303-21;
